{"contributors":null,"truncated":false,"text":"Charlie Hebdo Suspects and Police Are Said to Exchange Fire Northeast of Paris http:\/\/t.co\/PAeylkumvD","in_reply_to_status_id":null,"id":553479222434729984,"favorite_count":67,"source":"<a href=\"http:\/\/www.socialflow.com\" rel=\"nofollow\">SocialFlow<\/a>","retweeted":false,"coordinates":null,"entities":{"user_mentions":[],"symbols":[],"trends":[],"hashtags":[],"urls":[{"url":"http:\/\/t.co\/PAeylkumvD","indices":[79,101],"expanded_url":"http:\/\/nyti.ms\/1BHpYLP","display_url":"nyti.ms\/1BHpYLP"}]},"in_reply_to_screen_name":null,"id_str":"553479222434729984","retweet_count":164,"in_reply_to_user_id":null,"favorited":false,"user":{"follow_request_sent":null,"profile_use_background_image":true,"default_profile_image":false,"id":807095,"verified":true,"profile_image_url_https":"https:\/\/pbs.twimg.com\/profile_images\/2044921128\/finals_normal.png","profile_sidebar_fill_color":"EFEFEF","profile_text_color":"333333","followers_count":14701576,"profile_sidebar_border_color":"FFFFFF","id_str":"807095","profile_background_color":"131516","listed_count":154885,"profile_background_image_url_https":"https:\/\/pbs.twimg.com\/profile_background_images\/736339684\/948f072cc2da4e3a5e9f2ebfb3b1a0e7.png","utc_offset":-18000,"statuses_count":163204,"description":"Where the conversation begins. Follow for breaking news, special reports, http:\/\/NYTimes.com homepage links and RTs of our journalists.","friends_count":961,"location":"New York City","profile_link_color":"607696","profile_image_url":"http:\/\/pbs.twimg.com\/profile_images\/2044921128\/finals_normal.png","following":null,"geo_enabled":false,"profile_banner_url":"https:\/\/pbs.twimg.com\/profile_banners\/807095\/1355346050","profile_background_image_url":"http:\/\/pbs.twimg.com\/profile_background_images\/736339684\/948f072cc2da4e3a5e9f2ebfb3b1a0e7.png","name":"The New York Times","lang":"en","profile_background_tile":true,"favourites_count":1552,"screen_name":"nytimes","notifications":null,"url":"http:\/\/www.nytimes.com\/","created_at":"Fri Mar 02 20:41:42 +0000 2007","contributors_enabled":false,"time_zone":"Eastern Time (US & Canada)","protected":false,"default_profile":false,"is_translator":false},"geo":null,"in_reply_to_user_id_str":null,"possibly_sensitive":false,"lang":"en","created_at":"Fri Jan 09 09:11:44 +0000 2015","filter_level":"low","in_reply_to_status_id_str":null,"place":null}