{"contributors":null,"truncated":false,"text":"@BBCBreaking I thought this might happen more will die they want to be martyrs . Tragic!","in_reply_to_status_id":553476471470432256,"id":553478359670591489,"favorite_count":0,"source":"<a href=\"http:\/\/twitter.com\/download\/iphone\" rel=\"nofollow\">Twitter for iPhone<\/a>","retweeted":false,"coordinates":null,"entities":{"symbols":[],"user_mentions":[{"id":5402612,"indices":[0,12],"id_str":"5402612","screen_name":"BBCBreaking","name":"BBC Breaking News"}],"hashtags":[],"urls":[]},"in_reply_to_screen_name":"BBCBreaking","id_str":"553478359670591489","retweet_count":0,"in_reply_to_user_id":5402612,"favorited":false,"user":{"follow_request_sent":false,"profile_use_background_image":true,"profile_text_color":"333333","default_profile_image":false,"id":332981989,"profile_background_image_url_https":"https:\/\/abs.twimg.com\/images\/themes\/theme1\/bg.png","verified":false,"profile_location":null,"profile_image_url_https":"https:\/\/pbs.twimg.com\/profile_images\/574650602635952129\/nGH9tOqI_normal.jpeg","profile_sidebar_fill_color":"DDEEF6","entities":{"description":{"urls":[]}},"followers_count":26,"profile_sidebar_border_color":"C0DEED","id_str":"332981989","profile_background_color":"C0DEED","listed_count":0,"is_translation_enabled":false,"utc_offset":0,"statuses_count":977,"description":".","friends_count":23,"location":"","profile_link_color":"0083B3","profile_image_url":"http:\/\/pbs.twimg.com\/profile_images\/574650602635952129\/nGH9tOqI_normal.jpeg","following":false,"geo_enabled":true,"profile_banner_url":"https:\/\/pbs.twimg.com\/profile_banners\/332981989\/1405352282","profile_background_image_url":"http:\/\/abs.twimg.com\/images\/themes\/theme1\/bg.png","name":"PAZZO","lang":"en","profile_background_tile":false,"favourites_count":207,"screen_name":"Azzurri1957","notifications":false,"url":null,"created_at":"Sun Jul 10 19:34:57 +0000 2011","contributors_enabled":false,"time_zone":"London","protected":false,"default_profile":false,"is_translator":false},"geo":null,"in_reply_to_user_id_str":"5402612","lang":"en","created_at":"Fri Jan 09 09:08:18 +0000 2015","in_reply_to_status_id_str":"553476471470432256","place":null}