{"contributors":null,"truncated":false,"text":"@BBCBreaking sleeping Europe, you are sleeping for 1000years and say Jesus is dead. Now Jesus is silent for you, and Muslims are your leader","in_reply_to_status_id":553476471470432256,"id":553479322632077312,"favorite_count":0,"source":"<a href=\"http:\/\/twitter.com\/download\/android\" rel=\"nofollow\">Twitter for Android<\/a>","retweeted":false,"coordinates":null,"entities":{"symbols":[],"user_mentions":[{"id":5402612,"indices":[0,12],"id_str":"5402612","screen_name":"BBCBreaking","name":"BBC Breaking News"}],"hashtags":[],"urls":[]},"in_reply_to_screen_name":"BBCBreaking","id_str":"553479322632077312","retweet_count":0,"in_reply_to_user_id":5402612,"favorited":false,"user":{"follow_request_sent":false,"profile_use_background_image":false,"profile_text_color":"000000","default_profile_image":false,"id":2373783968,"profile_background_image_url_https":"https:\/\/abs.twimg.com\/images\/themes\/theme1\/bg.png","verified":false,"profile_location":null,"profile_image_url_https":"https:\/\/pbs.twimg.com\/profile_images\/589319167666364416\/zW4qsizp_normal.jpg","profile_sidebar_fill_color":"000000","entities":{"url":{"urls":[{"url":"http:\/\/t.co\/SHmRR8ycGV","indices":[0,22],"expanded_url":"http:\/\/www.abdul.com","display_url":"abdul.com"}]},"description":{"urls":[]}},"followers_count":1558,"profile_sidebar_border_color":"000000","id_str":"2373783968","profile_background_color":"000000","listed_count":0,"is_translation_enabled":false,"utc_offset":null,"statuses_count":3121,"description":"Love and Hate","friends_count":2000,"location":"Qatar","profile_link_color":"3B94D9","profile_image_url":"http:\/\/pbs.twimg.com\/profile_images\/589319167666364416\/zW4qsizp_normal.jpg","following":false,"geo_enabled":false,"profile_banner_url":"https:\/\/pbs.twimg.com\/profile_banners\/2373783968\/1419441246","profile_background_image_url":"http:\/\/abs.twimg.com\/images\/themes\/theme1\/bg.png","name":"pria 1\/2  dewa","lang":"id","profile_background_tile":false,"favourites_count":29,"screen_name":"antodws","notifications":false,"url":"http:\/\/t.co\/SHmRR8ycGV","created_at":"Wed Mar 05 13:46:04 +0000 2014","contributors_enabled":false,"time_zone":null,"protected":false,"default_profile":false,"is_translator":false},"geo":null,"in_reply_to_user_id_str":"5402612","lang":"en","created_at":"Fri Jan 09 09:12:08 +0000 2015","in_reply_to_status_id_str":"553476471470432256","place":null}