{"contributors":null,"truncated":false,"text":"@BBCBreaking the French security services are a complete shambles","in_reply_to_status_id":553476471470432256,"id":553478215273299968,"favorite_count":1,"source":"<a href=\"http:\/\/twitter.com\/download\/iphone\" rel=\"nofollow\">Twitter for iPhone<\/a>","retweeted":false,"coordinates":null,"entities":{"symbols":[],"user_mentions":[{"id":5402612,"indices":[0,12],"id_str":"5402612","screen_name":"BBCBreaking","name":"BBC Breaking News"}],"hashtags":[],"urls":[]},"in_reply_to_screen_name":"BBCBreaking","id_str":"553478215273299968","retweet_count":1,"in_reply_to_user_id":5402612,"favorited":false,"user":{"follow_request_sent":false,"profile_use_background_image":true,"profile_text_color":"333333","default_profile_image":false,"id":1111970312,"profile_background_image_url_https":"https:\/\/abs.twimg.com\/images\/themes\/theme1\/bg.png","verified":false,"profile_location":null,"profile_image_url_https":"https:\/\/pbs.twimg.com\/profile_images\/590512525013348352\/EP5lYTA2_normal.jpg","profile_sidebar_fill_color":"DDEEF6","entities":{"description":{"urls":[]}},"followers_count":242,"profile_sidebar_border_color":"C0DEED","id_str":"1111970312","profile_background_color":"C0DEED","listed_count":0,"is_translation_enabled":false,"utc_offset":null,"statuses_count":1123,"description":"","friends_count":299,"location":"camden town north london","profile_link_color":"0084B4","profile_image_url":"http:\/\/pbs.twimg.com\/profile_images\/590512525013348352\/EP5lYTA2_normal.jpg","following":false,"geo_enabled":true,"profile_banner_url":"https:\/\/pbs.twimg.com\/profile_banners\/1111970312\/1418941297","profile_background_image_url":"http:\/\/abs.twimg.com\/images\/themes\/theme1\/bg.png","name":"Matthew duval","lang":"en","profile_background_tile":false,"favourites_count":330,"screen_name":"Gunners1210","notifications":false,"url":null,"created_at":"Tue Jan 22 16:24:17 +0000 2013","contributors_enabled":false,"time_zone":null,"protected":false,"default_profile":true,"is_translator":false},"geo":null,"in_reply_to_user_id_str":"5402612","lang":"en","created_at":"Fri Jan 09 09:07:44 +0000 2015","in_reply_to_status_id_str":"553476471470432256","place":null}