{"contributors": null, "truncated": false, "text": "@BBCBreaking http://t.co/aIrVDS4ub7", "in_reply_to_status_id": 553476471470432256, "id": 553478329358368769, "favorite_count": 0, "source": "<a href=\"http://twitter.com\" rel=\"nofollow\">Twitter Web Client</a>", "retweeted": false, "coordinates": null, "entities": {"symbols": [], "user_mentions": [{"id": 5402612, "indices": [0, 12], "id_str": "5402612", "screen_name": "BBCBreaking", "name": "BBC Breaking News"}], "hashtags": [], "urls": [{"url": "http://t.co/aIrVDS4ub7", "indices": [13, 35], "expanded_url": "http://www.elazigcilingir.net/index.html", "display_url": "elazigcilingir.net/index.html"}]}, "in_reply_to_screen_name": "BBCBreaking", "id_str": "553478329358368769", "retweet_count": 0, "in_reply_to_user_id": 5402612, "favorited": false, "user": {"follow_request_sent": false, "profile_use_background_image": false, "profile_text_color": "000000", "default_profile_image": false, "id": 2315651983, "profile_background_image_url_https": "https://abs.twimg.com/images/themes/theme1/bg.png", "verified": false, "profile_location": null, "profile_image_url_https": "https://pbs.twimg.com/profile_images/428185996148998144/BdGkyN9M_normal.jpeg", "profile_sidebar_fill_color": "000000", "entities": {"description": {"urls": []}}, "followers_count": 426, "profile_sidebar_border_color": "000000", "id_str": "2315651983", "profile_background_color": "000000", "listed_count": 1, "is_translation_enabled": false, "utc_offset": null, "statuses_count": 5758, "description": "", "friends_count": 1998, "location": "", "profile_link_color": "DD2E44", "profile_image_url": "http://pbs.twimg.com/profile_images/428185996148998144/BdGkyN9M_normal.jpeg", "following": false, "geo_enabled": true, "profile_banner_url": "https://pbs.twimg.com/profile_banners/2315651983/1419069500", "profile_background_image_url": "http://abs.twimg.com/images/themes/theme1/bg.png", "name": "elaz\u0131\u011f \u00e7ilingir", "lang": "tr", "profile_background_tile": false, "favourites_count": 10, "screen_name": "SaydamErsin", "notifications": false, "url": null, "created_at": "Tue Jan 28 15:12:56 +0000 2014", "contributors_enabled": false, "time_zone": null, "protected": false, "default_profile": false, "is_translator": false}, "geo": null, "in_reply_to_user_id_str": "5402612", "possibly_sensitive": false, "lang": "und", "created_at": "Fri Jan 09 09:08:11 +0000 2015", "in_reply_to_status_id_str": "553476471470432256", "place": {"full_name": "\u0130stanbul, T\u00fcrkiye", "url": "https://api.twitter.com/1.1/geo/id/5e02a0f0d91c76d2.json", "country": "T\u00fcrkiye", "place_type": "city", "bounding_box": {"type": "Polygon", "coordinates": [[[28.6321043, 40.8027337], [29.3783413, 40.8027337], [29.3783413, 41.2399073], [28.6321043, 41.2399073]]]}, "contained_within": [], "country_code": "TR", "attributes": {}, "id": "5e02a0f0d91c76d2", "name": "\u0130stanbul"}}
