{"contributors":null,"truncated":false,"text":"Please, no more dead innocents. RT @BBCBreaking: \"Reports in French media of hostage situation in manhunt for #CharlieHebdo suspects\"","in_reply_to_status_id":553476471470432256,"id":553477183398612993,"favorite_count":0,"source":"<a href=\"http:\/\/twitter.com\/download\/iphone\" rel=\"nofollow\">Twitter for iPhone<\/a>","retweeted":false,"coordinates":null,"entities":{"symbols":[],"user_mentions":[{"id":5402612,"indices":[35,47],"id_str":"5402612","screen_name":"BBCBreaking","name":"BBC Breaking News"}],"hashtags":[{"indices":[110,123],"text":"CharlieHebdo"}],"urls":[]},"in_reply_to_screen_name":"BBCBreaking","id_str":"553477183398612993","retweet_count":0,"in_reply_to_user_id":5402612,"favorited":false,"user":{"follow_request_sent":false,"profile_use_background_image":true,"profile_text_color":"333333","default_profile_image":false,"id":2904342348,"profile_background_image_url_https":"https:\/\/abs.twimg.com\/images\/themes\/theme1\/bg.png","verified":false,"profile_location":null,"profile_image_url_https":"https:\/\/pbs.twimg.com\/profile_images\/581689203005607936\/8cNZY2d6_normal.jpg","profile_sidebar_fill_color":"DDEEF6","entities":{"url":{"urls":[{"url":"http:\/\/t.co\/PQqK8Ohmr8","indices":[0,22],"expanded_url":"http:\/\/bangkokforbeginners.blogspot.com","display_url":"bangkokforbeginners.blogspot.com"}]},"description":{"urls":[]}},"followers_count":135,"profile_sidebar_border_color":"C0DEED","id_str":"2904342348","profile_background_color":"C0DEED","listed_count":9,"is_translation_enabled":false,"utc_offset":null,"statuses_count":779,"description":"Indian expat in Bangkok. Book addict. Armchair space voyager. Nostalgist. City explorer. Kebab enthusiast. Fan of whimsy. Worshipper of wine.","friends_count":152,"location":"Bangkok","profile_link_color":"0084B4","profile_image_url":"http:\/\/pbs.twimg.com\/profile_images\/581689203005607936\/8cNZY2d6_normal.jpg","following":false,"geo_enabled":true,"profile_banner_url":"https:\/\/pbs.twimg.com\/profile_banners\/2904342348\/1421597780","profile_background_image_url":"http:\/\/abs.twimg.com\/images\/themes\/theme1\/bg.png","name":"BangkokForBeginners","lang":"en","profile_background_tile":false,"favourites_count":122,"screen_name":"BKKbeginners","notifications":false,"url":"http:\/\/t.co\/PQqK8Ohmr8","created_at":"Wed Nov 19 10:23:06 +0000 2014","contributors_enabled":false,"time_zone":null,"protected":false,"default_profile":true,"is_translator":false},"geo":null,"in_reply_to_user_id_str":"5402612","lang":"en","created_at":"Fri Jan 09 09:03:38 +0000 2015","in_reply_to_status_id_str":"553476471470432256","place":null}