{"contributors": null, "truncated": false, "text": "@BBCBreaking @halrudnick because this isn't sensationalising and glamourising at all. What happened to you @BBCNews?", "in_reply_to_status_id": 553476471470432256, "id": 553486913886519296, "favorite_count": 0, "source": "<a href=\"http://twitter.com\" rel=\"nofollow\">Twitter Web Client</a>", "retweeted": false, "coordinates": null, "entities": {"symbols": [], "user_mentions": [{"id": 5402612, "indices": [0, 12], "id_str": "5402612", "screen_name": "BBCBreaking", "name": "BBC Breaking News"}, {"id": 34892463, "indices": [13, 24], "id_str": "34892463", "screen_name": "halrudnick", "name": "hal rudnick"}, {"id": 612473, "indices": [107, 115], "id_str": "612473", "screen_name": "BBCNews", "name": "BBC News (UK)"}], "hashtags": [], "urls": []}, "in_reply_to_screen_name": "BBCBreaking", "id_str": "553486913886519296", "retweet_count": 0, "in_reply_to_user_id": 5402612, "favorited": false, "user": {"follow_request_sent": false, "profile_use_background_image": true, "profile_text_color": "242124", "default_profile_image": false, "id": 53101778, "profile_background_image_url_https": "https://pbs.twimg.com/profile_background_images/332946323/5357371163_b727e5a626_o.jpg", "verified": false, "profile_location": null, "profile_image_url_https": "https://pbs.twimg.com/profile_images/2633333435/4b05dfe20afb4bc9e34a3422b4d0bf71_normal.jpeg", "profile_sidebar_fill_color": "F3F3F3", "entities": {"description": {"urls": []}}, "followers_count": 515, "profile_sidebar_border_color": "000000", "id_str": "53101778", "profile_background_color": "000000", "listed_count": 22, "is_translation_enabled": false, "utc_offset": 0, "statuses_count": 12741, "description": "Web designer, photographer, wannabe Lord of the Rings nerd, advocate of avocados, hip/hop, and Oxford commas.", "friends_count": 614, "location": "UK", "profile_link_color": "DD4C39", "profile_image_url": "http://pbs.twimg.com/profile_images/2633333435/4b05dfe20afb4bc9e34a3422b4d0bf71_normal.jpeg", "following": false, "geo_enabled": false, "profile_banner_url": "https://pbs.twimg.com/profile_banners/53101778/1368880764", "profile_background_image_url": "http://pbs.twimg.com/profile_background_images/332946323/5357371163_b727e5a626_o.jpg", "name": "Jonno Witts", "lang": "en", "profile_background_tile": false, "favourites_count": 455, "screen_name": "JonnoWitts", "notifications": false, "url": null, "created_at": "Thu Jul 02 15:58:42 +0000 2009", "contributors_enabled": false, "time_zone": "London", "protected": false, "default_profile": false, "is_translator": false}, "geo": null, "in_reply_to_user_id_str": "5402612", "lang": "en", "created_at": "Fri Jan 09 09:42:18 +0000 2015", "in_reply_to_status_id_str": "553476471470432256", "place": null}
