{"contributors": null, "truncated": false, "text": "@BBCBreaking \n\nIN UKRAINE HAVE GIVEN THE NAZI COUP, SUPPORTED BY NATO AND MEDIA COMMUNICATION,AS SEE PHOTO.\nhttp://t.co/tYCudKSLwr", "in_reply_to_status_id": 553476471470432256, "id": 553476826644094977, "favorite_count": 0, "source": "<a href=\"http://twitter.com\" rel=\"nofollow\">Twitter Web Client</a>", "retweeted": false, "coordinates": null, "entities": {"symbols": [], "user_mentions": [{"id": 5402612, "indices": [0, 12], "id_str": "5402612", "screen_name": "BBCBreaking", "name": "BBC Breaking News"}], "hashtags": [], "urls": [], "media": [{"source_user_id": 2851551783, "source_status_id_str": "544148313264910336", "expanded_url": "http://twitter.com/weruqc89bc72/status/544148313264910336/photo/1", "display_url": "pic.twitter.com/tYCudKSLwr", "url": "http://t.co/tYCudKSLwr", "media_url_https": "https://pbs.twimg.com/media/B400AccIEAA-jOw.jpg", "source_user_id_str": "2851551783", "source_status_id": 544148313264910336, "id_str": "544148312220504064", "sizes": {"small": {"h": 191, "resize": "fit", "w": 340}, "large": {"h": 340, "resize": "fit", "w": 604}, "medium": {"h": 337, "resize": "fit", "w": 600}, "thumb": {"h": 150, "resize": "crop", "w": 150}}, "indices": [108, 130], "type": "photo", "id": 544148312220504064, "media_url": "http://pbs.twimg.com/media/B400AccIEAA-jOw.jpg"}]}, "in_reply_to_screen_name": "BBCBreaking", "id_str": "553476826644094977", "retweet_count": 0, "in_reply_to_user_id": 5402612, "favorited": false, "user": {"follow_request_sent": false, "profile_use_background_image": true, "profile_text_color": "333333", "default_profile_image": false, "id": 2936694741, "profile_background_image_url_https": "https://abs.twimg.com/images/themes/theme1/bg.png", "verified": false, "profile_location": null, "profile_image_url_https": "https://pbs.twimg.com/profile_images/546970661143322627/z2WYze0f_normal.jpeg", "profile_sidebar_fill_color": "DDEEF6", "entities": {"description": {"urls": []}}, "followers_count": 11, "profile_sidebar_border_color": "C0DEED", "id_str": "2936694741", "profile_background_color": "C0DEED", "listed_count": 0, "is_translation_enabled": false, "utc_offset": null, "statuses_count": 1450, "description": "", "friends_count": 120, "location": "", "profile_link_color": "0084B4", "profile_image_url": "http://pbs.twimg.com/profile_images/546970661143322627/z2WYze0f_normal.jpeg", "following": false, "geo_enabled": false, "profile_banner_url": "https://pbs.twimg.com/profile_banners/2936694741/1419242919", "profile_background_image_url": "http://abs.twimg.com/images/themes/theme1/bg.png", "name": "INTERNACIONALISTA", "lang": "es", "profile_background_tile": false, "favourites_count": 1, "screen_name": "wavttbvtrr", "notifications": false, "url": null, "created_at": "Mon Dec 22 09:57:49 +0000 2014", "contributors_enabled": false, "time_zone": null, "protected": false, "default_profile": true, "is_translator": false}, "geo": null, "in_reply_to_user_id_str": "5402612", "possibly_sensitive": false, "lang": "en", "created_at": "Fri Jan 09 09:02:13 +0000 2015", "in_reply_to_status_id_str": "553476471470432256", "place": null, "extended_entities": {"media": [{"source_user_id": 2851551783, "source_status_id_str": "544148313264910336", "expanded_url": "http://twitter.com/weruqc89bc72/status/544148313264910336/photo/1", "display_url": "pic.twitter.com/tYCudKSLwr", "url": "http://t.co/tYCudKSLwr", "media_url_https": "https://pbs.twimg.com/media/B400AccIEAA-jOw.jpg", "source_user_id_str": "2851551783", "source_status_id": 544148313264910336, "id_str": "544148312220504064", "sizes": {"small": {"h": 191, "resize": "fit", "w": 340}, "large": {"h": 340, "resize": "fit", "w": 604}, "medium": {"h": 337, "resize": "fit", "w": 600}, "thumb": {"h": 150, "resize": "crop", "w": 150}}, "indices": [108, 130], "type": "photo", "id": 544148312220504064, "media_url": "http://pbs.twimg.com/media/B400AccIEAA-jOw.jpg"}]}}
