{"contributors": null, "truncated": false, "text": "@BBCBreaking Afraid to say #CharlieHebdo gunmen are making a mockery of French security apparatus.", "in_reply_to_status_id": 553476471470432256, "id": 553477582340251648, "favorite_count": 1, "source": "<a href=\"http://twitter.com\" rel=\"nofollow\">Twitter Web Client</a>", "retweeted": false, "coordinates": null, "entities": {"symbols": [], "user_mentions": [{"id": 5402612, "indices": [0, 12], "id_str": "5402612", "screen_name": "BBCBreaking", "name": "BBC Breaking News"}], "hashtags": [{"indices": [27, 40], "text": "CharlieHebdo"}], "urls": []}, "in_reply_to_screen_name": "BBCBreaking", "id_str": "553477582340251648", "retweet_count": 0, "in_reply_to_user_id": 5402612, "favorited": false, "user": {"follow_request_sent": false, "profile_use_background_image": true, "profile_text_color": "333333", "default_profile_image": false, "id": 272429324, "profile_background_image_url_https": "https://abs.twimg.com/images/themes/theme1/bg.png", "verified": false, "profile_location": null, "profile_image_url_https": "https://pbs.twimg.com/profile_images/2765942874/30b3a7015e066112c34d15a3e19340b4_normal.jpeg", "profile_sidebar_fill_color": "DDEEF6", "entities": {"description": {"urls": []}}, "followers_count": 1323, "profile_sidebar_border_color": "C0DEED", "id_str": "272429324", "profile_background_color": "C0DEED", "listed_count": 11, "is_translation_enabled": false, "utc_offset": null, "statuses_count": 944, "description": "Chief Journalist - The Times of Malta; co-presenter @TimesTalk", "friends_count": 583, "location": "", "profile_link_color": "0084B4", "profile_image_url": "http://pbs.twimg.com/profile_images/2765942874/30b3a7015e066112c34d15a3e19340b4_normal.jpeg", "following": false, "geo_enabled": true, "profile_background_image_url": "http://abs.twimg.com/images/themes/theme1/bg.png", "name": "Mark Micallef", "lang": "en", "profile_background_tile": false, "favourites_count": 17, "screen_name": "mmic78", "notifications": false, "url": null, "created_at": "Sat Mar 26 14:02:17 +0000 2011", "contributors_enabled": false, "time_zone": null, "protected": false, "default_profile": true, "is_translator": false}, "geo": null, "in_reply_to_user_id_str": "5402612", "lang": "en", "created_at": "Fri Jan 09 09:05:13 +0000 2015", "in_reply_to_status_id_str": "553476471470432256", "place": null}
