{"contributors": null, "truncated": false, "text": "@BBCBreaking Gunfire has killed two more people and twenty are injured by bullets #CharlieHebdo #JeSuisCharlie", "in_reply_to_status_id": 553476471470432256, "id": 553476841906790400, "favorite_count": 0, "source": "<a href=\"http://twitter.com/download/android\" rel=\"nofollow\">Twitter for Android</a>", "retweeted": false, "coordinates": null, "entities": {"symbols": [], "user_mentions": [{"id": 5402612, "indices": [0, 12], "id_str": "5402612", "screen_name": "BBCBreaking", "name": "BBC Breaking News"}], "hashtags": [{"indices": [82, 95], "text": "CharlieHebdo"}, {"indices": [96, 110], "text": "JeSuisCharlie"}], "urls": []}, "in_reply_to_screen_name": "BBCBreaking", "id_str": "553476841906790400", "retweet_count": 0, "in_reply_to_user_id": 5402612, "favorited": false, "user": {"follow_request_sent": false, "profile_use_background_image": true, "profile_text_color": "333333", "default_profile_image": false, "id": 873349400, "profile_background_image_url_https": "https://abs.twimg.com/images/themes/theme1/bg.png", "verified": false, "profile_location": null, "profile_image_url_https": "https://pbs.twimg.com/profile_images/2724730617/69c059405b525f825b77320d6fa5338a_normal.jpeg", "profile_sidebar_fill_color": "DDEEF6", "entities": {"description": {"urls": []}}, "followers_count": 3, "profile_sidebar_border_color": "C0DEED", "id_str": "873349400", "profile_background_color": "C0DEED", "listed_count": 0, "is_translation_enabled": false, "utc_offset": 7200, "statuses_count": 127, "description": "", "friends_count": 11, "location": "Dallas, Texas", "profile_link_color": "0084B4", "profile_image_url": "http://pbs.twimg.com/profile_images/2724730617/69c059405b525f825b77320d6fa5338a_normal.jpeg", "following": false, "geo_enabled": false, "profile_background_image_url": "http://abs.twimg.com/images/themes/theme1/bg.png", "name": "Robert C. Brooks", "lang": "en", "profile_background_tile": false, "favourites_count": 6, "screen_name": "BrooksTruth", "notifications": false, "url": null, "created_at": "Thu Oct 11 10:03:59 +0000 2012", "contributors_enabled": false, "time_zone": "Athens", "protected": false, "default_profile": true, "is_translator": false}, "geo": null, "in_reply_to_user_id_str": "5402612", "lang": "en", "created_at": "Fri Jan 09 09:02:16 +0000 2015", "in_reply_to_status_id_str": "553476471470432256", "place": null}
