{"contributors": null, "truncated": false, "text": "@BBCBreaking @BBCWorld d e'er d charlie should be tried for extreme hate speech in court of law..", "in_reply_to_status_id": 553476471470432256, "id": 553479810903588867, "favorite_count": 0, "source": "<a href=\"http://twitter.com/download/android\" rel=\"nofollow\">Twitter for Android</a>", "retweeted": false, "coordinates": {"type": "Point", "coordinates": [73.0322706, 33.5837188]}, "entities": {"symbols": [], "user_mentions": [{"id": 5402612, "indices": [0, 12], "id_str": "5402612", "screen_name": "BBCBreaking", "name": "BBC Breaking News"}, {"id": 742143, "indices": [13, 22], "id_str": "742143", "screen_name": "BBCWorld", "name": "BBC News (World)"}], "hashtags": [], "urls": []}, "in_reply_to_screen_name": "BBCBreaking", "id_str": "553479810903588867", "retweet_count": 0, "in_reply_to_user_id": 5402612, "favorited": false, "user": {"follow_request_sent": false, "profile_use_background_image": true, "profile_text_color": "333333", "default_profile_image": false, "id": 63514440, "profile_background_image_url_https": "https://abs.twimg.com/images/themes/theme6/bg.gif", "verified": false, "profile_location": null, "profile_image_url_https": "https://pbs.twimg.com/profile_images/545295277741977600/q9kFl7HA_normal.jpeg", "profile_sidebar_fill_color": "A0C5C7", "entities": {"url": {"urls": [{"url": "http://t.co/FtXHAbXZIQ", "indices": [0, 22], "expanded_url": "http://facebook.com/manopatano", "display_url": "facebook.com/manopatano"}]}, "description": {"urls": []}}, "followers_count": 676, "profile_sidebar_border_color": "FFFFFF", "id_str": "63514440", "profile_background_color": "709397", "listed_count": 4, "is_translation_enabled": false, "utc_offset": 18000, "statuses_count": 26956, "description": "Mano= man.. I'm simple and honest. #Gemini, #Kpop #Kdramas #Jdoramas #Anime #looking for job", "friends_count": 2003, "location": "Rawalpindi", "profile_link_color": "444EBD", "profile_image_url": "http://pbs.twimg.com/profile_images/545295277741977600/q9kFl7HA_normal.jpeg", "following": false, "geo_enabled": true, "profile_banner_url": "https://pbs.twimg.com/profile_banners/63514440/1418843499", "profile_background_image_url": "http://abs.twimg.com/images/themes/theme6/bg.gif", "name": "#HangTerrorists", "lang": "en", "profile_background_tile": false, "favourites_count": 29331, "screen_name": "manopatano", "notifications": false, "url": "http://t.co/FtXHAbXZIQ", "created_at": "Thu Aug 06 19:22:34 +0000 2009", "contributors_enabled": false, "time_zone": "Islamabad", "protected": false, "default_profile": false, "is_translator": false}, "geo": {"type": "Point", "coordinates": [33.5837188, 73.0322706]}, "in_reply_to_user_id_str": "5402612", "lang": "en", "created_at": "Fri Jan 09 09:14:04 +0000 2015", "in_reply_to_status_id_str": "553476471470432256", "place": {"full_name": "Punjab, Pakistan", "url": "https://api.twitter.com/1.1/geo/id/00cc0d5640394308.json", "country": "\u067e\u0627\u06a9\u0633\u062a\u0627\u0646", "place_type": "admin", "bounding_box": {"type": "Polygon", "coordinates": [[[69.3288727, 27.7082259], [75.3821239, 27.7082259], [75.3821239, 34.019989], [69.3288727, 34.019989]]]}, "contained_within": [], "country_code": "PK", "attributes": {}, "id": "00cc0d5640394308", "name": "Punjab"}}
