{"contributors": null, "truncated": false, "text": "@BBCBreaking", "in_reply_to_status_id": 553476471470432256, "id": 553478529388933120, "favorite_count": 0, "source": "<a href=\"http://twitter.com/download/android\" rel=\"nofollow\">Twitter for Android</a>", "retweeted": false, "coordinates": null, "entities": {"symbols": [], "user_mentions": [{"id": 5402612, "indices": [0, 12], "id_str": "5402612", "screen_name": "BBCBreaking", "name": "BBC Breaking News"}], "hashtags": [], "urls": []}, "in_reply_to_screen_name": "BBCBreaking", "id_str": "553478529388933120", "retweet_count": 0, "in_reply_to_user_id": 5402612, "favorited": false, "user": {"follow_request_sent": false, "profile_use_background_image": true, "profile_text_color": "333333", "default_profile_image": false, "id": 2800045906, "profile_background_image_url_https": "https://abs.twimg.com/images/themes/theme1/bg.png", "verified": false, "profile_location": null, "profile_image_url_https": "https://pbs.twimg.com/profile_images/557111669185597441/mxL4tIOI_normal.jpeg", "profile_sidebar_fill_color": "DDEEF6", "entities": {"description": {"urls": []}}, "followers_count": 211, "profile_sidebar_border_color": "C0DEED", "id_str": "2800045906", "profile_background_color": "C0DEED", "listed_count": 0, "is_translation_enabled": false, "utc_offset": null, "statuses_count": 371, "description": "all things RFC. taxi driver from Glasgow.", "friends_count": 616, "location": "glasgow ", "profile_link_color": "0084B4", "profile_image_url": "http://pbs.twimg.com/profile_images/557111669185597441/mxL4tIOI_normal.jpeg", "following": false, "geo_enabled": false, "profile_banner_url": "https://pbs.twimg.com/profile_banners/2800045906/1418032345", "profile_background_image_url": "http://abs.twimg.com/images/themes/theme1/bg.png", "name": "YOUR Taxi - Andy B", "lang": "en-gb", "profile_background_tile": false, "favourites_count": 388, "screen_name": "andydbeattie", "notifications": false, "url": null, "created_at": "Thu Oct 02 13:44:14 +0000 2014", "contributors_enabled": false, "time_zone": null, "protected": false, "default_profile": true, "is_translator": false}, "geo": null, "in_reply_to_user_id_str": "5402612", "lang": "und", "created_at": "Fri Jan 09 09:08:59 +0000 2015", "in_reply_to_status_id_str": "553476471470432256", "place": null}
