{"contributors": null, "truncated": false, "text": "@BBCBreaking hostages are being held in a company called Creation Tendance Decouverte", "in_reply_to_status_id": 553476471470432256, "id": 553478137670291456, "favorite_count": 0, "source": "<a href=\"http://twitter.com\" rel=\"nofollow\">Twitter Web Client</a>", "retweeted": false, "coordinates": null, "entities": {"symbols": [], "user_mentions": [{"id": 5402612, "indices": [0, 12], "id_str": "5402612", "screen_name": "BBCBreaking", "name": "BBC Breaking News"}], "hashtags": [], "urls": []}, "in_reply_to_screen_name": "BBCBreaking", "id_str": "553478137670291456", "retweet_count": 0, "in_reply_to_user_id": 5402612, "favorited": false, "user": {"follow_request_sent": false, "profile_use_background_image": false, "profile_text_color": "000000", "default_profile_image": false, "id": 1400777041, "profile_background_image_url_https": "https://abs.twimg.com/images/themes/theme1/bg.png", "verified": false, "profile_location": null, "profile_image_url_https": "https://pbs.twimg.com/profile_images/552676870357913600/RkTOFn1O_normal.jpeg", "profile_sidebar_fill_color": "000000", "entities": {"description": {"urls": []}}, "followers_count": 4, "profile_sidebar_border_color": "000000", "id_str": "1400777041", "profile_background_color": "000000", "listed_count": 0, "is_translation_enabled": false, "utc_offset": null, "statuses_count": 19, "description": "", "friends_count": 118, "location": "", "profile_link_color": "DD2E44", "profile_image_url": "http://pbs.twimg.com/profile_images/552676870357913600/RkTOFn1O_normal.jpeg", "following": false, "geo_enabled": false, "profile_banner_url": "https://pbs.twimg.com/profile_banners/1400777041/1403040549", "profile_background_image_url": "http://abs.twimg.com/images/themes/theme1/bg.png", "name": "claire l. coles", "lang": "en", "profile_background_tile": false, "favourites_count": 19, "screen_name": "claireLcoles1", "notifications": false, "url": null, "created_at": "Fri May 03 21:17:25 +0000 2013", "contributors_enabled": false, "time_zone": null, "protected": false, "default_profile": false, "is_translator": false}, "geo": null, "in_reply_to_user_id_str": "5402612", "lang": "en", "created_at": "Fri Jan 09 09:07:25 +0000 2015", "in_reply_to_status_id_str": "553476471470432256", "place": null}
