{"contributors": null, "truncated": false, "text": "@BBCBreaking @BBCWorld", "in_reply_to_status_id": 553476471470432256, "id": 553539029841764352, "favorite_count": 0, "source": "<a href=\"https://twitter.com/download/android\" rel=\"nofollow\">Twitter for Android Tablets</a>", "retweeted": false, "coordinates": null, "entities": {"symbols": [], "user_mentions": [{"id": 5402612, "indices": [0, 12], "id_str": "5402612", "screen_name": "BBCBreaking", "name": "BBC Breaking News"}, {"id": 742143, "indices": [13, 22], "id_str": "742143", "screen_name": "BBCWorld", "name": "BBC News (World)"}], "hashtags": [], "urls": []}, "in_reply_to_screen_name": "BBCBreaking", "id_str": "553539029841764352", "retweet_count": 0, "in_reply_to_user_id": 5402612, "favorited": false, "user": {"follow_request_sent": false, "profile_use_background_image": true, "profile_text_color": "333333", "default_profile_image": false, "id": 2458739701, "profile_background_image_url_https": "https://abs.twimg.com/images/themes/theme1/bg.png", "verified": false, "profile_location": null, "profile_image_url_https": "https://pbs.twimg.com/profile_images/486853460907028481/1OVrtHD2_normal.jpeg", "profile_sidebar_fill_color": "DDEEF6", "entities": {"description": {"urls": []}}, "followers_count": 27, "profile_sidebar_border_color": "C0DEED", "id_str": "2458739701", "profile_background_color": "C0DEED", "listed_count": 0, "is_translation_enabled": false, "utc_offset": 3600, "statuses_count": 71, "description": "", "friends_count": 37, "location": "", "profile_link_color": "0084B4", "profile_image_url": "http://pbs.twimg.com/profile_images/486853460907028481/1OVrtHD2_normal.jpeg", "following": false, "geo_enabled": false, "profile_background_image_url": "http://abs.twimg.com/images/themes/theme1/bg.png", "name": "Joan Stringer", "lang": "en", "profile_background_tile": false, "favourites_count": 25, "screen_name": "mrsjoanstringer", "notifications": false, "url": null, "created_at": "Tue Apr 22 21:33:51 +0000 2014", "contributors_enabled": false, "time_zone": "Amsterdam", "protected": false, "default_profile": true, "is_translator": false}, "geo": null, "in_reply_to_user_id_str": "5402612", "lang": "und", "created_at": "Fri Jan 09 13:09:23 +0000 2015", "in_reply_to_status_id_str": "553476471470432256", "place": null}
