{"contributors":null,"truncated":false,"text":"@lousycanuck @caulkthewagon all in the span of 9 minutes. In broad daylight.","in_reply_to_status_id":500294693356175360,"id":500298916638642176,"favorite_count":0,"source":"<a href=\"http:\/\/twitter.com\/download\/iphone\" rel=\"nofollow\">Twitter for iPhone<\/a>","retweeted":false,"coordinates":null,"entities":{"symbols":[],"user_mentions":[{"id":34123611,"indices":[0,12],"id_str":"34123611","screen_name":"lousycanuck","name":"Jason Thibeault"},{"id":14404725,"indices":[13,27],"id_str":"14404725","screen_name":"caulkthewagon","name":"Robin"}],"hashtags":[],"urls":[]},"in_reply_to_screen_name":"lousycanuck","id_str":"500298916638642176","retweet_count":0,"in_reply_to_user_id":34123611,"favorited":false,"user":{"follow_request_sent":false,"profile_use_background_image":true,"default_profile_image":false,"id":19950990,"profile_background_image_url_https":"https:\/\/abs.twimg.com\/images\/themes\/theme19\/bg.gif","verified":false,"profile_text_color":"333333","profile_image_url_https":"https:\/\/pbs.twimg.com\/profile_images\/546878207949930497\/htg9hVhC_normal.jpeg","profile_sidebar_fill_color":"F6FFD1","entities":{"url":{"urls":[{"url":"http:\/\/t.co\/wueJdY3cnk","indices":[0,22],"expanded_url":"http:\/\/sexualvoice.com","display_url":"sexualvoice.com"}]},"description":{"urls":[]}},"followers_count":654,"profile_sidebar_border_color":"FFF8AD","id_str":"19950990","profile_background_color":"FFF04D","listed_count":9,"is_translation_enabled":false,"utc_offset":-25200,"statuses_count":46028,"description":"Me? I'm lovely. I have two breasts and a vagina. I enjoy an early morning pee.","friends_count":622,"location":"City of Angels","profile_link_color":"0099CC","profile_image_url":"http:\/\/pbs.twimg.com\/profile_images\/546878207949930497\/htg9hVhC_normal.jpeg","following":false,"geo_enabled":true,"profile_banner_url":"https:\/\/pbs.twimg.com\/profile_banners\/19950990\/1380427739","profile_background_image_url":"http:\/\/abs.twimg.com\/images\/themes\/theme19\/bg.gif","screen_name":"MeekMeek77","lang":"en","profile_background_tile":false,"favourites_count":12900,"name":"Prince Akeem Joffer ","notifications":false,"url":"http:\/\/t.co\/wueJdY3cnk","created_at":"Tue Feb 03 03:11:13 +0000 2009","contributors_enabled":false,"time_zone":"Pacific Time (US & Canada)","protected":false,"default_profile":false,"is_translator":false},"geo":null,"in_reply_to_user_id_str":"34123611","lang":"en","created_at":"Fri Aug 15 15:12:11 +0000 2014","in_reply_to_status_id_str":"500294693356175360","place":null}