{"contributors": null, "truncated": false, "text": "@lousycanuck Wow. The chief didn't even say the two events were related. Just tossed out those details. #somethingstinkshere", "in_reply_to_status_id": 500296806329102339, "id": 500297088765534208, "favorite_count": 0, "source": "<a href=\"http://twitter.com\" rel=\"nofollow\">Twitter Web Client</a>", "retweeted": false, "coordinates": null, "entities": {"symbols": [], "user_mentions": [{"id": 34123611, "indices": [0, 12], "id_str": "34123611", "screen_name": "lousycanuck", "name": "Jason Thibeault"}], "hashtags": [{"indices": [104, 124], "text": "somethingstinkshere"}], "urls": []}, "in_reply_to_screen_name": "lousycanuck", "id_str": "500297088765534208", "retweet_count": 0, "in_reply_to_user_id": 34123611, "favorited": false, "user": {"follow_request_sent": false, "profile_use_background_image": true, "default_profile_image": false, "id": 22982919, "profile_background_image_url_https": "https://pbs.twimg.com/profile_background_images/378800000028968164/6abb41497700cd369a4d089674170d50.png", "verified": false, "profile_text_color": "B36007", "profile_image_url_https": "https://pbs.twimg.com/profile_images/2740777335/b1c1b37305b04ce114509d0aa7ddaea0_normal.jpeg", "profile_sidebar_fill_color": "F5D7DF", "entities": {"url": {"urls": [{"url": "http://t.co/8VsrveLvfC", "indices": [0, 22], "expanded_url": "http://marypathyland.com", "display_url": "marypathyland.com"}]}, "description": {"urls": []}}, "followers_count": 1425, "profile_sidebar_border_color": "FFFFFF", "id_str": "22982919", "profile_background_color": "CF4C0F", "listed_count": 59, "is_translation_enabled": false, "utc_offset": -14400, "statuses_count": 11441, "description": "Novelist, former journalist, Irish speaker. FLX wine enthusiast. Latest Work: The House With the Wraparound Porch.", "friends_count": 1999, "location": "Upstate NY", "profile_link_color": "DB0D47", "profile_image_url": "http://pbs.twimg.com/profile_images/2740777335/b1c1b37305b04ce114509d0aa7ddaea0_normal.jpeg", "following": false, "geo_enabled": false, "profile_banner_url": "https://pbs.twimg.com/profile_banners/22982919/1374353883", "profile_background_image_url": "http://pbs.twimg.com/profile_background_images/378800000028968164/6abb41497700cd369a4d089674170d50.png", "screen_name": "cailinAolain", "lang": "en", "profile_background_tile": true, "favourites_count": 92, "name": "Mary Pat Hyland", "notifications": false, "url": "http://t.co/8VsrveLvfC", "created_at": "Thu Mar 05 21:34:29 +0000 2009", "contributors_enabled": false, "time_zone": "Eastern Time (US & Canada)", "protected": false, "default_profile": false, "is_translator": false}, "geo": null, "in_reply_to_user_id_str": "34123611", "lang": "en", "created_at": "Fri Aug 15 15:04:55 +0000 2014", "in_reply_to_status_id_str": "500296806329102339", "place": null}
