{"contributors":null,"truncated":false,"text":"@lousycanuck @grimalkinrn His hat came off\/ flew off during the struggle. Was several feet away from his body. But yeah, they're lying.","in_reply_to_status_id":500294693356175360,"id":500298155809054720,"favorite_count":1,"source":"<a href=\"http:\/\/twitter.com\/download\/iphone\" rel=\"nofollow\">Twitter for iPhone<\/a>","retweeted":false,"coordinates":null,"entities":{"symbols":[],"user_mentions":[{"id":34123611,"indices":[0,12],"id_str":"34123611","screen_name":"lousycanuck","name":"Jason Thibeault"},{"id":88357443,"indices":[13,25],"id_str":"88357443","screen_name":"grimalkinrn","name":" Jo"}],"hashtags":[],"urls":[]},"in_reply_to_screen_name":"lousycanuck","id_str":"500298155809054720","retweet_count":0,"in_reply_to_user_id":34123611,"favorited":false,"user":{"follow_request_sent":false,"profile_use_background_image":true,"default_profile_image":false,"id":50419697,"profile_background_image_url_https":"https:\/\/pbs.twimg.com\/profile_background_images\/648390089\/c0nhtqapee4axr24e71c.jpeg","verified":false,"profile_text_color":"3E4415","profile_image_url_https":"https:\/\/pbs.twimg.com\/profile_images\/586947344035291136\/gjuUKGh5_normal.jpg","profile_sidebar_fill_color":"99CC33","entities":{"url":{"urls":[{"url":"https:\/\/t.co\/K0DHU21JHq","indices":[0,23],"expanded_url":"https:\/\/www.facebook.com\/skoolandlife","display_url":"facebook.com\/skoolandlife"}]},"description":{"urls":[]}},"followers_count":594,"profile_sidebar_border_color":"829D5E","id_str":"50419697","profile_background_color":"352726","listed_count":14,"is_translation_enabled":false,"utc_offset":-18000,"statuses_count":39932,"description":"Young, Gifted, and Broke. I'm doing a web-series, Skool and Life.","friends_count":887,"location":"Florida","profile_link_color":"D02B55","profile_image_url":"http:\/\/pbs.twimg.com\/profile_images\/586947344035291136\/gjuUKGh5_normal.jpg","following":false,"geo_enabled":false,"profile_banner_url":"https:\/\/pbs.twimg.com\/profile_banners\/50419697\/1361076322","profile_background_image_url":"http:\/\/pbs.twimg.com\/profile_background_images\/648390089\/c0nhtqapee4axr24e71c.jpeg","screen_name":"SoFloridaSula","lang":"en","profile_background_tile":true,"favourites_count":1431,"name":"Sethe","notifications":false,"url":"https:\/\/t.co\/K0DHU21JHq","created_at":"Wed Jun 24 20:10:16 +0000 2009","contributors_enabled":false,"time_zone":"Quito","protected":false,"default_profile":false,"is_translator":false},"geo":null,"in_reply_to_user_id_str":"34123611","lang":"en","created_at":"Fri Aug 15 15:09:10 +0000 2014","in_reply_to_status_id_str":"500294693356175360","place":null}