{"contributors": null, "truncated": false, "text": "@lousycanuck @ingdamnit and aged quite a bit. Maybe he was a time traveler?  #JAQ", "in_reply_to_status_id": 500294693356175360, "id": 500298853015232513, "favorite_count": 0, "source": "<a href=\"http://twitter.com/download/android\" rel=\"nofollow\">Twitter for Android</a>", "retweeted": false, "coordinates": null, "entities": {"symbols": [], "user_mentions": [{"id": 34123611, "indices": [0, 12], "id_str": "34123611", "screen_name": "lousycanuck", "name": "Jason Thibeault"}, {"id": 342170721, "indices": [13, 23], "id_str": "342170721", "screen_name": "ingdamnit", "name": "Social Justice DM "}], "hashtags": [{"indices": [77, 81], "text": "JAQ"}], "urls": []}, "in_reply_to_screen_name": "lousycanuck", "id_str": "500298853015232513", "retweet_count": 0, "in_reply_to_user_id": 34123611, "favorited": false, "user": {"follow_request_sent": false, "profile_use_background_image": true, "default_profile_image": true, "id": 2472817628, "profile_background_image_url_https": "https://abs.twimg.com/images/themes/theme1/bg.png", "verified": false, "profile_text_color": "333333", "profile_image_url_https": "https://abs.twimg.com/sticky/default_profile_images/default_profile_1_normal.png", "profile_sidebar_fill_color": "DDEEF6", "entities": {"description": {"urls": []}}, "followers_count": 3, "profile_sidebar_border_color": "C0DEED", "id_str": "2472817628", "profile_background_color": "C0DEED", "listed_count": 0, "is_translation_enabled": false, "utc_offset": null, "statuses_count": 198, "description": "", "friends_count": 57, "location": "", "profile_link_color": "0084B4", "profile_image_url": "http://abs.twimg.com/sticky/default_profile_images/default_profile_1_normal.png", "following": false, "geo_enabled": false, "profile_background_image_url": "http://abs.twimg.com/images/themes/theme1/bg.png", "screen_name": "matryoshka_core", "lang": "en", "profile_background_tile": false, "favourites_count": 741, "name": "Snowflake", "notifications": false, "url": null, "created_at": "Thu May 01 17:35:07 +0000 2014", "contributors_enabled": false, "time_zone": null, "protected": false, "default_profile": true, "is_translator": false}, "geo": null, "in_reply_to_user_id_str": "34123611", "lang": "en", "created_at": "Fri Aug 15 15:11:56 +0000 2014", "in_reply_to_status_id_str": "500294693356175360", "place": null}
