{"contributors": null, "truncated": false, "text": "@Eyesonly11Jon @lousycanuck @cailinAolain didn't claim he's an angel. Again... Let the smearing of the unarmed dead man continue.", "in_reply_to_status_id": 500304880028762112, "id": 500315722531082241, "favorite_count": 1, "source": "<a href=\"http://twitter.com/download/iphone\" rel=\"nofollow\">Twitter for iPhone</a>", "retweeted": false, "coordinates": null, "entities": {"symbols": [], "user_mentions": [{"id": 2468382834, "indices": [0, 14], "id_str": "2468382834", "screen_name": "Eyesonly11Jon", "name": "Jon Mahoney"}, {"id": 34123611, "indices": [15, 27], "id_str": "34123611", "screen_name": "lousycanuck", "name": "Jason Thibeault"}, {"id": 22982919, "indices": [28, 41], "id_str": "22982919", "screen_name": "cailinAolain", "name": "Mary Pat Hyland"}], "hashtags": [], "urls": []}, "in_reply_to_screen_name": "Eyesonly11Jon", "id_str": "500315722531082241", "retweet_count": 0, "in_reply_to_user_id": 2468382834, "favorited": false, "user": {"follow_request_sent": false, "profile_use_background_image": true, "default_profile_image": false, "id": 217656733, "profile_background_image_url_https": "https://abs.twimg.com/images/themes/theme1/bg.png", "verified": false, "profile_text_color": "333333", "profile_image_url_https": "https://pbs.twimg.com/profile_images/378800000479704295/0f4dfeccafd8432849dfbd002098f780_normal.jpeg", "profile_sidebar_fill_color": "DDEEF6", "entities": {"description": {"urls": []}}, "followers_count": 1682, "profile_sidebar_border_color": "C0DEED", "id_str": "217656733", "profile_background_color": "C0DEED", "listed_count": 26, "is_translation_enabled": false, "utc_offset": -18000, "statuses_count": 1961, "description": "Husband to Erin. Father of Eli, Co-host of Morning Rush on 1460 KXNO. Producer of Jan Mickelson on 1040 WHO. Proud Play-by-play man for Grand View University.", "friends_count": 186, "location": "Des Moines, Iowa", "profile_link_color": "0084B4", "profile_image_url": "http://pbs.twimg.com/profile_images/378800000479704295/0f4dfeccafd8432849dfbd002098f780_normal.jpeg", "following": false, "geo_enabled": false, "profile_banner_url": "https://pbs.twimg.com/profile_banners/217656733/1385345998", "profile_background_image_url": "http://abs.twimg.com/images/themes/theme1/bg.png", "screen_name": "RossPeterson_", "lang": "en", "profile_background_tile": false, "favourites_count": 935, "name": "Ross Peterson", "notifications": false, "url": null, "created_at": "Sat Nov 20 03:50:45 +0000 2010", "contributors_enabled": false, "time_zone": "Central Time (US & Canada)", "protected": false, "default_profile": true, "is_translator": false}, "geo": null, "in_reply_to_user_id_str": "2468382834", "lang": "en", "created_at": "Fri Aug 15 16:18:58 +0000 2014", "in_reply_to_status_id_str": "500304880028762112", "place": null}
