{"contributors": null, "truncated": false, "text": "@lousycanuck @mratlanta It's clearly him, there's a pic where you can see the hat (away from the body)", "in_reply_to_status_id": 500294693356175360, "id": 500314440173375488, "favorite_count": 0, "source": "<a href=\"http://twitter.com\" rel=\"nofollow\">Twitter Web Client</a>", "retweeted": false, "coordinates": null, "entities": {"symbols": [], "user_mentions": [{"id": 34123611, "indices": [0, 12], "id_str": "34123611", "screen_name": "lousycanuck", "name": "Jason Thibeault"}, {"id": 17848042, "indices": [13, 23], "id_str": "17848042", "screen_name": "mratlanta", "name": "J. Jerome Harris"}], "hashtags": [], "urls": []}, "in_reply_to_screen_name": "lousycanuck", "id_str": "500314440173375488", "retweet_count": 0, "in_reply_to_user_id": 34123611, "favorited": false, "user": {"follow_request_sent": false, "profile_use_background_image": true, "default_profile_image": false, "id": 808115250, "profile_background_image_url_https": "https://abs.twimg.com/images/themes/theme1/bg.png", "verified": false, "profile_text_color": "333333", "profile_image_url_https": "https://pbs.twimg.com/profile_images/2730747138/bd4ef2a98e4fc3baa4596bfd7401855c_normal.png", "profile_sidebar_fill_color": "DDEEF6", "entities": {"description": {"urls": []}}, "followers_count": 71, "profile_sidebar_border_color": "C0DEED", "id_str": "808115250", "profile_background_color": "C0DEED", "listed_count": 11, "is_translation_enabled": false, "utc_offset": null, "statuses_count": 1926, "description": "interested in politics, theology and technology (and their intersection)", "friends_count": 410, "location": "Hiponia", "profile_link_color": "0084B4", "profile_image_url": "http://pbs.twimg.com/profile_images/2730747138/bd4ef2a98e4fc3baa4596bfd7401855c_normal.png", "following": false, "geo_enabled": false, "profile_background_image_url": "http://abs.twimg.com/images/themes/theme1/bg.png", "screen_name": "dehiponia", "lang": "en", "profile_background_tile": false, "favourites_count": 30, "name": "Agustin de Hiponia", "notifications": false, "url": null, "created_at": "Fri Sep 07 03:46:12 +0000 2012", "contributors_enabled": false, "time_zone": null, "protected": false, "default_profile": true, "is_translator": false}, "geo": null, "in_reply_to_user_id_str": "34123611", "lang": "en", "created_at": "Fri Aug 15 16:13:52 +0000 2014", "in_reply_to_status_id_str": "500294693356175360", "place": null}
