{"contributors": null, "truncated": false, "text": ".@lousycanuck @moniqueb45 ask a zimmerman supporter. It can happen since Trayvon was 6-3 when shot but 5-11 @ his autopsy", "in_reply_to_status_id": 500294693356175360, "id": 500368846805811201, "favorite_count": 1, "source": "<a href=\"http://twitter.com/download/iphone\" rel=\"nofollow\">Twitter for iPhone</a>", "retweeted": false, "coordinates": null, "entities": {"symbols": [], "user_mentions": [{"id": 34123611, "indices": [1, 13], "id_str": "34123611", "screen_name": "lousycanuck", "name": "Jason Thibeault"}, {"id": 352518620, "indices": [14, 25], "id_str": "352518620", "screen_name": "moniqueb45", "name": "daowens44"}], "hashtags": [], "urls": []}, "in_reply_to_screen_name": "lousycanuck", "id_str": "500368846805811201", "retweet_count": 2, "in_reply_to_user_id": 34123611, "favorited": false, "user": {"follow_request_sent": false, "profile_use_background_image": true, "default_profile_image": false, "id": 15603299, "profile_background_image_url_https": "https://abs.twimg.com/images/themes/theme13/bg.gif", "verified": false, "profile_text_color": "333333", "profile_image_url_https": "https://pbs.twimg.com/profile_images/378800000126227679/ac1ff631285c924de5754c1c3b0266d4_normal.png", "profile_sidebar_fill_color": "FFFFFF", "entities": {"url": {"urls": [{"url": "http://t.co/wMwvIPledF", "indices": [0, 22], "expanded_url": "http://princss6.wordpress.com", "display_url": "princss6.wordpress.com"}]}, "description": {"urls": []}}, "followers_count": 5716, "profile_sidebar_border_color": "EEEEEE", "id_str": "15603299", "profile_background_color": "B2DFDA", "listed_count": 141, "is_translation_enabled": false, "utc_offset": 16200, "statuses_count": 128409, "description": "OFFICIAL TWITTER ACCOUNT \r\nTruth in I Lie 4 my Bro Advocate \r\nPhilly born and raised! #Justice4Trayvon all day every day. Obamacrat since 2007 #UniteBlue", "friends_count": 5981, "location": "Philly", "profile_link_color": "93A644", "profile_image_url": "http://pbs.twimg.com/profile_images/378800000126227679/ac1ff631285c924de5754c1c3b0266d4_normal.png", "following": false, "geo_enabled": true, "profile_banner_url": "https://pbs.twimg.com/profile_banners/15603299/1361904551", "profile_background_image_url": "http://abs.twimg.com/images/themes/theme13/bg.gif", "screen_name": "princss6", "lang": "en", "profile_background_tile": false, "favourites_count": 44410, "name": "princss6", "notifications": false, "url": "http://t.co/wMwvIPledF", "created_at": "Fri Jul 25 20:30:32 +0000 2008", "contributors_enabled": false, "time_zone": "Tehran", "protected": false, "default_profile": false, "is_translator": false}, "geo": null, "in_reply_to_user_id_str": "34123611", "lang": "en", "created_at": "Fri Aug 15 19:50:04 +0000 2014", "in_reply_to_status_id_str": "500294693356175360", "place": null}
