{"contributors":null,"truncated":false,"text":"@lousycanuck @mmorri actually he's wearing same shoes\/shorts. u can see from a different angle. regardless, this isn't the relevant issue.","in_reply_to_status_id":500294693356175360,"id":500305852264632321,"favorite_count":0,"source":"<a href=\"http:\/\/twitter.com\" rel=\"nofollow\">Twitter Web Client<\/a>","retweeted":false,"coordinates":null,"entities":{"symbols":[],"user_mentions":[{"id":34123611,"indices":[0,12],"id_str":"34123611","screen_name":"lousycanuck","name":"Jason Thibeault"},{"id":21590885,"indices":[13,20],"id_str":"21590885","screen_name":"mmorri","name":"Mike Morris"}],"hashtags":[],"urls":[]},"in_reply_to_screen_name":"lousycanuck","id_str":"500305852264632321","retweet_count":0,"in_reply_to_user_id":34123611,"favorited":false,"user":{"follow_request_sent":false,"profile_use_background_image":true,"default_profile_image":false,"id":136309784,"profile_background_image_url_https":"https:\/\/pbs.twimg.com\/profile_background_images\/378800000158153182\/H3LoEn7j.jpeg","verified":false,"profile_text_color":"333333","profile_image_url_https":"https:\/\/pbs.twimg.com\/profile_images\/567838279655895040\/VSjZLN33_normal.jpeg","profile_sidebar_fill_color":"F3F3F3","entities":{"url":{"urls":[{"url":"http:\/\/t.co\/xk9gtjLszw","indices":[0,22],"expanded_url":"http:\/\/www.popespeed.com","display_url":"popespeed.com"}]},"description":{"urls":[]}},"followers_count":295,"profile_sidebar_border_color":"000000","id_str":"136309784","profile_background_color":"EBEBEB","listed_count":15,"is_translation_enabled":false,"utc_offset":-18000,"statuses_count":7997,"description":"JODY EYE-ROLLER","friends_count":656,"location":"on the run","profile_link_color":"990000","profile_image_url":"http:\/\/pbs.twimg.com\/profile_images\/567838279655895040\/VSjZLN33_normal.jpeg","following":false,"geo_enabled":true,"profile_banner_url":"https:\/\/pbs.twimg.com\/profile_banners\/136309784\/1395625318","profile_background_image_url":"http:\/\/pbs.twimg.com\/profile_background_images\/378800000158153182\/H3LoEn7j.jpeg","screen_name":"popespeed","lang":"en","profile_background_tile":true,"favourites_count":2047,"name":"austin 3000","notifications":false,"url":"http:\/\/t.co\/xk9gtjLszw","created_at":"Fri Apr 23 15:31:18 +0000 2010","contributors_enabled":false,"time_zone":"Quito","protected":false,"default_profile":false,"is_translator":false},"geo":null,"in_reply_to_user_id_str":"34123611","lang":"en","created_at":"Fri Aug 15 15:39:45 +0000 2014","in_reply_to_status_id_str":"500294693356175360","place":null}