{"contributors": null, "truncated": false, "text": "@Eyesonly11Jon @RossPeterson_ @cailinAolain I have pics of myself dressed up in 1950s gangster regalia, with shotgun. So? People pose.", "in_reply_to_status_id": 500304880028762112, "id": 500305407764484098, "favorite_count": 1, "source": "<a href=\"https://about.twitter.com/products/tweetdeck\" rel=\"nofollow\">TweetDeck</a>", "retweeted": false, "coordinates": null, "entities": {"symbols": [], "user_mentions": [{"id": 2468382834, "indices": [0, 14], "id_str": "2468382834", "screen_name": "Eyesonly11Jon", "name": "Jon Mahoney"}, {"id": 217656733, "indices": [15, 29], "id_str": "217656733", "screen_name": "RossPeterson_", "name": "Ross Peterson"}, {"id": 22982919, "indices": [30, 43], "id_str": "22982919", "screen_name": "cailinAolain", "name": "Mary Pat Hyland"}], "hashtags": [], "urls": []}, "in_reply_to_screen_name": "Eyesonly11Jon", "id_str": "500305407764484098", "retweet_count": 0, "in_reply_to_user_id": 2468382834, "favorited": false, "user": {"follow_request_sent": false, "profile_use_background_image": true, "default_profile_image": false, "id": 34123611, "profile_background_image_url_https": "https://abs.twimg.com/images/themes/theme9/bg.gif", "verified": false, "profile_text_color": "666666", "profile_image_url_https": "https://pbs.twimg.com/profile_images/504461373099630592/Awi2tEJn_normal.jpeg", "profile_sidebar_fill_color": "252429", "entities": {"url": {"urls": [{"url": "http://t.co/zoSOE2dDL9", "indices": [0, 22], "expanded_url": "http://freethoughtblogs.com/lousycanuck/", "display_url": "freethoughtblogs.com/lousycanuck/"}]}, "description": {"urls": []}}, "followers_count": 2524, "profile_sidebar_border_color": "181A1E", "id_str": "34123611", "profile_background_color": "1A1B1F", "listed_count": 204, "is_translation_enabled": false, "utc_offset": -10800, "statuses_count": 35953, "description": "Skeptic, gamer, computer geek, intersectional feminist, atheist, asshole, Freethought Blogger, and damn good looking to boot. Now in the US. How weird is THAT?", "friends_count": 1664, "location": "Minneapolis, MN", "profile_link_color": "2FC2EF", "profile_image_url": "http://pbs.twimg.com/profile_images/504461373099630592/Awi2tEJn_normal.jpeg", "following": false, "geo_enabled": false, "profile_background_image_url": "http://abs.twimg.com/images/themes/theme9/bg.gif", "screen_name": "lousycanuck", "lang": "en", "profile_background_tile": false, "favourites_count": 2529, "name": "Jason Thibeault", "notifications": false, "url": "http://t.co/zoSOE2dDL9", "created_at": "Wed Apr 22 01:13:34 +0000 2009", "contributors_enabled": false, "time_zone": "Atlantic Time (Canada)", "protected": false, "default_profile": false, "is_translator": false}, "geo": null, "in_reply_to_user_id_str": "2468382834", "lang": "en", "created_at": "Fri Aug 15 15:37:59 +0000 2014", "in_reply_to_status_id_str": "500304880028762112", "place": null}
