{"contributors": null, "truncated": false, "text": "@lousycanuck @princss6                     It's because to White Cops we all look alike. @stopandfrisk #brokenwindows #BlackLivesMatter", "in_reply_to_status_id": 500294693356175360, "id": 500376027034832897, "favorite_count": 0, "source": "<a href=\"http://twitter.com/download/iphone\" rel=\"nofollow\">Twitter for iPhone</a>", "retweeted": false, "coordinates": null, "entities": {"symbols": [], "user_mentions": [{"id": 34123611, "indices": [0, 12], "id_str": "34123611", "screen_name": "lousycanuck", "name": "Jason Thibeault"}, {"id": 15603299, "indices": [13, 22], "id_str": "15603299", "screen_name": "princss6", "name": "princss6"}, {"id": 1406007181, "indices": [89, 102], "id_str": "1406007181", "screen_name": "stopandfrisk", "name": "Stop and Frisk"}], "hashtags": [{"indices": [103, 117], "text": "brokenwindows"}, {"indices": [118, 135], "text": "BlackLivesMatter"}], "urls": []}, "in_reply_to_screen_name": "lousycanuck", "id_str": "500376027034832897", "retweet_count": 0, "in_reply_to_user_id": 34123611, "favorited": false, "user": {"follow_request_sent": false, "profile_use_background_image": true, "default_profile_image": false, "id": 829123928, "profile_background_image_url_https": "https://abs.twimg.com/images/themes/theme1/bg.png", "verified": false, "profile_text_color": "333333", "profile_image_url_https": "https://pbs.twimg.com/profile_images/3438227748/fe748fcba19f6f439935188bddff43e1_normal.jpeg", "profile_sidebar_fill_color": "DDEEF6", "entities": {"description": {"urls": []}}, "followers_count": 836, "profile_sidebar_border_color": "C0DEED", "id_str": "829123928", "profile_background_color": "C0DEED", "listed_count": 6, "is_translation_enabled": false, "utc_offset": -14400, "statuses_count": 19160, "description": "Seek. Don't believe the hype. We are responsible for the energy we bring everywhere. Do no harm.", "friends_count": 1236, "location": "", "profile_link_color": "0084B4", "profile_image_url": "http://pbs.twimg.com/profile_images/3438227748/fe748fcba19f6f439935188bddff43e1_normal.jpeg", "following": false, "geo_enabled": false, "profile_banner_url": "https://pbs.twimg.com/profile_banners/829123928/1364396407", "profile_background_image_url": "http://abs.twimg.com/images/themes/theme1/bg.png", "screen_name": "myownspin", "lang": "en", "profile_background_tile": false, "favourites_count": 11627, "name": "myownspin", "notifications": false, "url": null, "created_at": "Mon Sep 17 14:03:22 +0000 2012", "contributors_enabled": false, "time_zone": "Eastern Time (US & Canada)", "protected": false, "default_profile": true, "is_translator": false}, "geo": null, "in_reply_to_user_id_str": "34123611", "lang": "en", "created_at": "Fri Aug 15 20:18:36 +0000 2014", "in_reply_to_status_id_str": "500294693356175360", "place": null}
