{"contributors": null, "truncated": false, "text": "@lousycanuck @RossPeterson_ @cailinAolain perfect angel ;) http://t.co/gGb2YYiuDQ", "in_reply_to_status_id": 500296806329102339, "id": 500304880028762112, "favorite_count": 1, "source": "<a href=\"http://twitter.com/download/android\" rel=\"nofollow\">Twitter for Android</a>", "retweeted": false, "coordinates": null, "entities": {"symbols": [], "user_mentions": [{"id": 34123611, "indices": [0, 12], "id_str": "34123611", "screen_name": "lousycanuck", "name": "Jason Thibeault"}, {"id": 217656733, "indices": [13, 27], "id_str": "217656733", "screen_name": "RossPeterson_", "name": "Ross Peterson"}, {"id": 22982919, "indices": [28, 41], "id_str": "22982919", "screen_name": "cailinAolain", "name": "Mary Pat Hyland"}], "hashtags": [], "urls": [], "media": [{"expanded_url": "http://twitter.com/Eyesonly11Jon/status/500304880028762112/photo/1", "display_url": "pic.twitter.com/gGb2YYiuDQ", "url": "http://t.co/gGb2YYiuDQ", "media_url_https": "https://pbs.twimg.com/media/BvFwoFuCEAAyDNh.jpg", "id_str": "500304867647164416", "sizes": {"large": {"h": 894, "resize": "fit", "w": 960}, "small": {"h": 317, "resize": "fit", "w": 340}, "medium": {"h": 559, "resize": "fit", "w": 600}, "thumb": {"h": 150, "resize": "crop", "w": 150}}, "indices": [59, 81], "type": "photo", "id": 500304867647164416, "media_url": "http://pbs.twimg.com/media/BvFwoFuCEAAyDNh.jpg"}]}, "in_reply_to_screen_name": "lousycanuck", "id_str": "500304880028762112", "retweet_count": 0, "in_reply_to_user_id": 34123611, "favorited": false, "user": {"follow_request_sent": false, "profile_use_background_image": true, "default_profile_image": false, "id": 2468382834, "profile_background_image_url_https": "https://abs.twimg.com/images/themes/theme1/bg.png", "verified": false, "profile_text_color": "333333", "profile_image_url_https": "https://pbs.twimg.com/profile_images/461257880788692992/D23ff8SN_normal.jpeg", "profile_sidebar_fill_color": "DDEEF6", "entities": {"description": {"urls": []}}, "followers_count": 5, "profile_sidebar_border_color": "C0DEED", "id_str": "2468382834", "profile_background_color": "C0DEED", "listed_count": 0, "is_translation_enabled": false, "utc_offset": -18000, "statuses_count": 64, "description": "", "friends_count": 33, "location": "", "profile_link_color": "0084B4", "profile_image_url": "http://pbs.twimg.com/profile_images/461257880788692992/D23ff8SN_normal.jpeg", "following": false, "geo_enabled": false, "profile_background_image_url": "http://abs.twimg.com/images/themes/theme1/bg.png", "screen_name": "Eyesonly11Jon", "lang": "en", "profile_background_tile": false, "favourites_count": 82, "name": "Jon Mahoney", "notifications": false, "url": null, "created_at": "Mon Apr 28 23:16:19 +0000 2014", "contributors_enabled": false, "time_zone": "Central Time (US & Canada)", "protected": false, "default_profile": true, "is_translator": false}, "geo": null, "in_reply_to_user_id_str": "34123611", "possibly_sensitive": false, "lang": "tl", "created_at": "Fri Aug 15 15:35:53 +0000 2014", "in_reply_to_status_id_str": "500296806329102339", "place": null, "extended_entities": {"media": [{"expanded_url": "http://twitter.com/Eyesonly11Jon/status/500304880028762112/photo/1", "display_url": "pic.twitter.com/gGb2YYiuDQ", "url": "http://t.co/gGb2YYiuDQ", "media_url_https": "https://pbs.twimg.com/media/BvFwoFuCEAAyDNh.jpg", "id_str": "500304867647164416", "sizes": {"large": {"h": 894, "resize": "fit", "w": 960}, "small": {"h": 317, "resize": "fit", "w": 340}, "medium": {"h": 559, "resize": "fit", "w": 600}, "thumb": {"h": 150, "resize": "crop", "w": 150}}, "indices": [59, 81], "type": "photo", "id": 500304867647164416, "media_url": "http://pbs.twimg.com/media/BvFwoFuCEAAyDNh.jpg"}]}}
