{"contributors": null, "truncated": false, "text": "@lousycanuck @AttyFreeJ http://t.co/oZNCdvgWCw", "in_reply_to_status_id": 500294693356175360, "id": 500300169649197056, "favorite_count": 0, "source": "<a href=\"http://twitter.com\" rel=\"nofollow\">Twitter Web Client</a>", "retweeted": false, "coordinates": null, "entities": {"symbols": [], "user_mentions": [{"id": 34123611, "indices": [0, 12], "id_str": "34123611", "screen_name": "lousycanuck", "name": "Jason Thibeault"}, {"id": 80683645, "indices": [13, 23], "id_str": "80683645", "screen_name": "AttyFreeJ", "name": "Freida Jones"}], "hashtags": [], "urls": [{"url": "http://t.co/oZNCdvgWCw", "indices": [24, 46], "expanded_url": "http://youtu.be/VdV4kxkiOaA", "display_url": "youtu.be/VdV4kxkiOaA"}]}, "in_reply_to_screen_name": "lousycanuck", "id_str": "500300169649197056", "retweet_count": 0, "in_reply_to_user_id": 34123611, "favorited": false, "user": {"follow_request_sent": false, "profile_use_background_image": true, "default_profile_image": false, "id": 2407363820, "profile_background_image_url_https": "https://pbs.twimg.com/profile_background_images/447772920383680512/Vna7SfBI.jpeg", "verified": false, "profile_text_color": "333333", "profile_image_url_https": "https://pbs.twimg.com/profile_images/447771319287812096/pPHyLkpv_normal.jpeg", "profile_sidebar_fill_color": "DDEEF6", "entities": {"description": {"urls": []}}, "followers_count": 2792, "profile_sidebar_border_color": "FFFFFF", "id_str": "2407363820", "profile_background_color": "C0DEED", "listed_count": 0, "is_translation_enabled": false, "utc_offset": null, "statuses_count": 1238, "description": "We Buy, Sell and Repair Phones\r\n(314) 489-9775", "friends_count": 335, "location": "", "profile_link_color": "0084B4", "profile_image_url": "http://pbs.twimg.com/profile_images/447771319287812096/pPHyLkpv_normal.jpeg", "following": false, "geo_enabled": false, "profile_banner_url": "https://pbs.twimg.com/profile_banners/2407363820/1395592407", "profile_background_image_url": "http://pbs.twimg.com/profile_background_images/447772920383680512/Vna7SfBI.jpeg", "screen_name": "riteconnection", "lang": "en", "profile_background_tile": true, "favourites_count": 75, "name": "Mike Rite", "notifications": false, "url": null, "created_at": "Sun Mar 23 16:17:56 +0000 2014", "contributors_enabled": false, "time_zone": null, "protected": false, "default_profile": false, "is_translator": false}, "geo": null, "in_reply_to_user_id_str": "34123611", "possibly_sensitive": false, "lang": "und", "created_at": "Fri Aug 15 15:17:10 +0000 2014", "in_reply_to_status_id_str": "500294693356175360", "place": null}
