{"contributors": null, "truncated": false, "text": "@lousycanuck @Shawanna1sml in 9 minutes", "in_reply_to_status_id": 500294693356175360, "id": 500338547476688896, "favorite_count": 0, "source": "<a href=\"http://twitter.com/download/iphone\" rel=\"nofollow\">Twitter for iPhone</a>", "retweeted": false, "coordinates": null, "entities": {"symbols": [], "user_mentions": [{"id": 34123611, "indices": [0, 12], "id_str": "34123611", "screen_name": "lousycanuck", "name": "Jason Thibeault"}, {"id": 454547390, "indices": [13, 26], "id_str": "454547390", "screen_name": "Shawanna1sml", "name": "Wanni_Law"}], "hashtags": [], "urls": []}, "in_reply_to_screen_name": "lousycanuck", "id_str": "500338547476688896", "retweet_count": 1, "in_reply_to_user_id": 34123611, "favorited": false, "user": {"follow_request_sent": false, "profile_use_background_image": true, "default_profile_image": false, "id": 83739980, "profile_background_image_url_https": "https://pbs.twimg.com/profile_background_images/338335395/Square_One.jpg", "verified": false, "profile_text_color": "333333", "profile_image_url_https": "https://pbs.twimg.com/profile_images/488955260044472320/ekkYtILV_normal.jpeg", "profile_sidebar_fill_color": "EFEFEF", "entities": {"url": {"urls": [{"url": "http://t.co/bhG9OSD2Rn", "indices": [0, 22], "expanded_url": "http://royalrhetoric.blogspot.com", "display_url": "royalrhetoric.blogspot.com"}]}, "description": {"urls": []}}, "followers_count": 2106, "profile_sidebar_border_color": "EEEEEE", "id_str": "83739980", "profile_background_color": "131516", "listed_count": 27, "is_translation_enabled": false, "utc_offset": -14400, "statuses_count": 110911, "description": "I'm writing a book.", "friends_count": 1004, "location": "Atlanta", "profile_link_color": "009999", "profile_image_url": "http://pbs.twimg.com/profile_images/488955260044472320/ekkYtILV_normal.jpeg", "following": false, "geo_enabled": true, "profile_banner_url": "https://pbs.twimg.com/profile_banners/83739980/1408135617", "profile_background_image_url": "http://pbs.twimg.com/profile_background_images/338335395/Square_One.jpg", "screen_name": "Roberts_Rules", "lang": "en", "profile_background_tile": false, "favourites_count": 5960, "name": "\u265a Red Herring", "notifications": false, "url": "http://t.co/bhG9OSD2Rn", "created_at": "Tue Oct 20 01:33:22 +0000 2009", "contributors_enabled": false, "time_zone": "Eastern Time (US & Canada)", "protected": false, "default_profile": false, "is_translator": false}, "geo": null, "in_reply_to_user_id_str": "34123611", "lang": "en", "created_at": "Fri Aug 15 17:49:40 +0000 2014", "in_reply_to_status_id_str": "500294693356175360", "place": null}
