{"contributors": null, "truncated": false, "text": "@RossPeterson_ @lousycanuck @cailinAolain I'm not smearing. I'm portraying his past dimeanor like they are with the Ferguson Police Dept", "in_reply_to_status_id": 500317958292267010, "id": 500318893958000642, "favorite_count": 1, "source": "<a href=\"http://twitter.com\" rel=\"nofollow\">Twitter Web Client</a>", "retweeted": false, "coordinates": null, "entities": {"symbols": [], "user_mentions": [{"id": 217656733, "indices": [0, 14], "id_str": "217656733", "screen_name": "RossPeterson_", "name": "Ross Peterson"}, {"id": 34123611, "indices": [15, 27], "id_str": "34123611", "screen_name": "lousycanuck", "name": "Jason Thibeault"}, {"id": 22982919, "indices": [28, 41], "id_str": "22982919", "screen_name": "cailinAolain", "name": "Mary Pat Hyland"}], "hashtags": [], "urls": []}, "in_reply_to_screen_name": "RossPeterson_", "id_str": "500318893958000642", "retweet_count": 0, "in_reply_to_user_id": 217656733, "favorited": false, "user": {"follow_request_sent": false, "profile_use_background_image": true, "default_profile_image": false, "id": 2468382834, "profile_background_image_url_https": "https://abs.twimg.com/images/themes/theme1/bg.png", "verified": false, "profile_text_color": "333333", "profile_image_url_https": "https://pbs.twimg.com/profile_images/461257880788692992/D23ff8SN_normal.jpeg", "profile_sidebar_fill_color": "DDEEF6", "entities": {"description": {"urls": []}}, "followers_count": 5, "profile_sidebar_border_color": "C0DEED", "id_str": "2468382834", "profile_background_color": "C0DEED", "listed_count": 0, "is_translation_enabled": false, "utc_offset": -18000, "statuses_count": 64, "description": "", "friends_count": 33, "location": "", "profile_link_color": "0084B4", "profile_image_url": "http://pbs.twimg.com/profile_images/461257880788692992/D23ff8SN_normal.jpeg", "following": false, "geo_enabled": false, "profile_background_image_url": "http://abs.twimg.com/images/themes/theme1/bg.png", "screen_name": "Eyesonly11Jon", "lang": "en", "profile_background_tile": false, "favourites_count": 82, "name": "Jon Mahoney", "notifications": false, "url": null, "created_at": "Mon Apr 28 23:16:19 +0000 2014", "contributors_enabled": false, "time_zone": "Central Time (US & Canada)", "protected": false, "default_profile": true, "is_translator": false}, "geo": null, "in_reply_to_user_id_str": "217656733", "lang": "en", "created_at": "Fri Aug 15 16:31:34 +0000 2014", "in_reply_to_status_id_str": "500317958292267010", "place": null}
