{"contributors":null,"truncated":false,"text":"@lousycanuck Lost his socks, too.","in_reply_to_status_id":500294693356175360,"id":500390650467348480,"favorite_count":0,"source":"<a href=\"http:\/\/twitter.com\/download\/android\" rel=\"nofollow\">Twitter for Android<\/a>","retweeted":false,"coordinates":null,"entities":{"symbols":[],"user_mentions":[{"id":34123611,"indices":[0,12],"id_str":"34123611","screen_name":"lousycanuck","name":"Jason Thibeault"}],"hashtags":[],"urls":[]},"in_reply_to_screen_name":"lousycanuck","id_str":"500390650467348480","retweet_count":0,"in_reply_to_user_id":34123611,"favorited":false,"user":{"follow_request_sent":false,"profile_use_background_image":true,"default_profile_image":false,"id":193349528,"profile_background_image_url_https":"https:\/\/pbs.twimg.com\/profile_background_images\/226613056\/cropped-dsc_0051.jpg","verified":false,"profile_text_color":"666666","profile_image_url_https":"https:\/\/pbs.twimg.com\/profile_images\/533886948755382272\/zSVLFh0q_normal.jpeg","profile_sidebar_fill_color":"050505","entities":{"url":{"urls":[{"url":"http:\/\/t.co\/U9vO9PAvKb","indices":[0,22],"expanded_url":"http:\/\/www.allwaysunmended.com","display_url":"allwaysunmended.com"}]},"description":{"urls":[]}},"followers_count":382,"profile_sidebar_border_color":"181A1E","id_str":"193349528","profile_background_color":"050000","listed_count":26,"is_translation_enabled":false,"utc_offset":null,"statuses_count":12554,"description":"Writer. Bibliophile. All-around word nerd. Arts & crafts enthusiast. Animal lover.","friends_count":761,"location":"Minnesota","profile_link_color":"C23F0F","profile_image_url":"http:\/\/pbs.twimg.com\/profile_images\/533886948755382272\/zSVLFh0q_normal.jpeg","following":false,"geo_enabled":false,"profile_banner_url":"https:\/\/pbs.twimg.com\/profile_banners\/193349528\/1379174485","profile_background_image_url":"http:\/\/pbs.twimg.com\/profile_background_images\/226613056\/cropped-dsc_0051.jpg","screen_name":"AllwaysUnmended","lang":"en","profile_background_tile":false,"favourites_count":929,"name":"Jessica Nelson","notifications":false,"url":"http:\/\/t.co\/U9vO9PAvKb","created_at":"Tue Sep 21 16:16:29 +0000 2010","contributors_enabled":false,"time_zone":null,"protected":false,"default_profile":false,"is_translator":false},"geo":null,"in_reply_to_user_id_str":"34123611","lang":"en","created_at":"Fri Aug 15 21:16:42 +0000 2014","in_reply_to_status_id_str":"500294693356175360","place":null}