{"contributors": null, "truncated": false, "text": "@Eyesonly11Jon http://t.co/WBE7JlLWIQ", "in_reply_to_status_id": 500314918483427329, "id": 500316176509968384, "favorite_count": 0, "source": "<a href=\"http://twitter.com/download/android\" rel=\"nofollow\">Twitter for Android</a>", "retweeted": false, "coordinates": null, "entities": {"symbols": [], "user_mentions": [{"id": 2468382834, "indices": [0, 14], "id_str": "2468382834", "screen_name": "Eyesonly11Jon", "name": "Jon Mahoney"}], "hashtags": [], "urls": [{"url": "http://t.co/WBE7JlLWIQ", "indices": [15, 37], "expanded_url": "http://m.huffpost.com/us/tag/joda-cain", "display_url": "m.huffpost.com/us/tag/joda-ca\u2026"}]}, "in_reply_to_screen_name": "Eyesonly11Jon", "id_str": "500316176509968384", "retweet_count": 0, "in_reply_to_user_id": 2468382834, "favorited": false, "user": {"follow_request_sent": false, "profile_use_background_image": true, "default_profile_image": false, "id": 1352299160, "profile_background_image_url_https": "https://abs.twimg.com/images/themes/theme1/bg.png", "verified": false, "profile_text_color": "333333", "profile_image_url_https": "https://pbs.twimg.com/profile_images/378800000856427645/oBRcaKBc_normal.jpeg", "profile_sidebar_fill_color": "DDEEF6", "entities": {"description": {"urls": []}}, "followers_count": 22, "profile_sidebar_border_color": "C0DEED", "id_str": "1352299160", "profile_background_color": "C0DEED", "listed_count": 1, "is_translation_enabled": false, "utc_offset": null, "statuses_count": 327, "description": "", "friends_count": 84, "location": "", "profile_link_color": "0084B4", "profile_image_url": "http://pbs.twimg.com/profile_images/378800000856427645/oBRcaKBc_normal.jpeg", "following": false, "geo_enabled": true, "profile_banner_url": "https://pbs.twimg.com/profile_banners/1352299160/1365973687", "profile_background_image_url": "http://abs.twimg.com/images/themes/theme1/bg.png", "screen_name": "jumpman_drizzy", "lang": "en", "profile_background_tile": false, "favourites_count": 173, "name": "a randon person ", "notifications": false, "url": null, "created_at": "Sun Apr 14 16:52:20 +0000 2013", "contributors_enabled": false, "time_zone": null, "protected": false, "default_profile": true, "is_translator": false}, "geo": null, "in_reply_to_user_id_str": "2468382834", "possibly_sensitive": false, "lang": "und", "created_at": "Fri Aug 15 16:20:46 +0000 2014", "in_reply_to_status_id_str": "500314918483427329", "place": null}
