{"contributors": null, "truncated": false, "text": "@lousycanuck @Jennifer_deG Not that it matters in the end, but I thought the body, clothes, and shoes mapped. Store lighting changed colors.", "in_reply_to_status_id": 500294693356175360, "id": 500310644420513792, "favorite_count": 0, "source": "<a href=\"http://twitter.com\" rel=\"nofollow\">Twitter Web Client</a>", "retweeted": false, "coordinates": null, "entities": {"symbols": [], "user_mentions": [{"id": 34123611, "indices": [0, 12], "id_str": "34123611", "screen_name": "lousycanuck", "name": "Jason Thibeault"}, {"id": 14336173, "indices": [13, 26], "id_str": "14336173", "screen_name": "Jennifer_deG", "name": "Jennifer de Guzman"}], "hashtags": [], "urls": []}, "in_reply_to_screen_name": "lousycanuck", "id_str": "500310644420513792", "retweet_count": 0, "in_reply_to_user_id": 34123611, "favorited": false, "user": {"follow_request_sent": false, "profile_use_background_image": true, "default_profile_image": false, "id": 2285147504, "profile_background_image_url_https": "https://abs.twimg.com/images/themes/theme1/bg.png", "verified": false, "profile_text_color": "333333", "profile_image_url_https": "https://pbs.twimg.com/profile_images/510032119347679232/SN7X1fNX_normal.png", "profile_sidebar_fill_color": "DDEEF6", "entities": {"url": {"urls": [{"url": "http://t.co/U7pIOBznwa", "indices": [0, 22], "expanded_url": "http://jdparadise.blogspot.com", "display_url": "jdparadise.blogspot.com"}]}, "description": {"urls": []}}, "followers_count": 87, "profile_sidebar_border_color": "C0DEED", "id_str": "2285147504", "profile_background_color": "C0DEED", "listed_count": 1, "is_translation_enabled": false, "utc_offset": null, "statuses_count": 1138, "description": "Writer of technical documentation and fantastical fiction, and never the twain shall meet", "friends_count": 349, "location": "New Jersey, USA", "profile_link_color": "0084B4", "profile_image_url": "http://pbs.twimg.com/profile_images/510032119347679232/SN7X1fNX_normal.png", "following": false, "geo_enabled": false, "profile_background_image_url": "http://abs.twimg.com/images/themes/theme1/bg.png", "screen_name": "jp_in_nj", "lang": "en", "profile_background_tile": false, "favourites_count": 83, "name": "Jon Paradise", "notifications": false, "url": "http://t.co/U7pIOBznwa", "created_at": "Fri Jan 10 14:04:08 +0000 2014", "contributors_enabled": false, "time_zone": null, "protected": false, "default_profile": true, "is_translator": false}, "geo": null, "in_reply_to_user_id_str": "34123611", "lang": "en", "created_at": "Fri Aug 15 15:58:47 +0000 2014", "in_reply_to_status_id_str": "500294693356175360", "place": null}
