{"contributors": null, "truncated": false, "text": "@jumpman_drizzy @lousycanuck Looks like the same person in these pics to me? http://t.co/nVo4B317GH", "in_reply_to_status_id": 500308799966961666, "id": 500313088990916609, "favorite_count": 0, "source": "<a href=\"http://twitter.com\" rel=\"nofollow\">Twitter Web Client</a>", "retweeted": false, "coordinates": null, "entities": {"symbols": [], "user_mentions": [{"id": 1352299160, "indices": [0, 15], "id_str": "1352299160", "screen_name": "jumpman_drizzy", "name": "a randon person "}, {"id": 34123611, "indices": [16, 28], "id_str": "34123611", "screen_name": "lousycanuck", "name": "Jason Thibeault"}], "hashtags": [], "urls": [{"url": "http://t.co/nVo4B317GH", "indices": [77, 99], "expanded_url": "http://youngcons.com/new-photos-of-michael-brown-leaked-paint-a-different-picture-than-what-weve-seen/", "display_url": "youngcons.com/new-photos-of-\u2026"}]}, "in_reply_to_screen_name": "jumpman_drizzy", "id_str": "500313088990916609", "retweet_count": 0, "in_reply_to_user_id": 1352299160, "favorited": false, "user": {"follow_request_sent": false, "profile_use_background_image": true, "default_profile_image": false, "id": 2468382834, "profile_background_image_url_https": "https://abs.twimg.com/images/themes/theme1/bg.png", "verified": false, "profile_text_color": "333333", "profile_image_url_https": "https://pbs.twimg.com/profile_images/461257880788692992/D23ff8SN_normal.jpeg", "profile_sidebar_fill_color": "DDEEF6", "entities": {"description": {"urls": []}}, "followers_count": 5, "profile_sidebar_border_color": "C0DEED", "id_str": "2468382834", "profile_background_color": "C0DEED", "listed_count": 0, "is_translation_enabled": false, "utc_offset": -18000, "statuses_count": 64, "description": "", "friends_count": 33, "location": "", "profile_link_color": "0084B4", "profile_image_url": "http://pbs.twimg.com/profile_images/461257880788692992/D23ff8SN_normal.jpeg", "following": false, "geo_enabled": false, "profile_background_image_url": "http://abs.twimg.com/images/themes/theme1/bg.png", "screen_name": "Eyesonly11Jon", "lang": "en", "profile_background_tile": false, "favourites_count": 82, "name": "Jon Mahoney", "notifications": false, "url": null, "created_at": "Mon Apr 28 23:16:19 +0000 2014", "contributors_enabled": false, "time_zone": "Central Time (US & Canada)", "protected": false, "default_profile": true, "is_translator": false}, "geo": null, "in_reply_to_user_id_str": "1352299160", "possibly_sensitive": false, "lang": "en", "created_at": "Fri Aug 15 16:08:30 +0000 2014", "in_reply_to_status_id_str": "500308799966961666", "place": null}
