{"contributors":null,"truncated":false,"text":"@lousycanuck you know all black people look the same *eye roll*","in_reply_to_status_id":500294693356175360,"id":500343842739339264,"favorite_count":1,"source":"<a href=\"http:\/\/twitter.com\/download\/iphone\" rel=\"nofollow\">Twitter for iPhone<\/a>","retweeted":false,"coordinates":null,"entities":{"symbols":[],"user_mentions":[{"id":34123611,"indices":[0,12],"id_str":"34123611","screen_name":"lousycanuck","name":"Jason Thibeault"}],"hashtags":[],"urls":[]},"in_reply_to_screen_name":"lousycanuck","id_str":"500343842739339264","retweet_count":0,"in_reply_to_user_id":34123611,"favorited":false,"user":{"follow_request_sent":false,"profile_use_background_image":true,"default_profile_image":false,"id":53456567,"profile_background_image_url_https":"https:\/\/pbs.twimg.com\/profile_background_images\/752452997\/e858d537278f8f45f35d61b5caaad14c.jpeg","verified":false,"profile_text_color":"D70D97","profile_image_url_https":"https:\/\/pbs.twimg.com\/profile_images\/575126202551255041\/dFXoBHuK_normal.jpeg","profile_sidebar_fill_color":"111111","entities":{"url":{"urls":[{"url":"http:\/\/t.co\/sF6MuBD5qc","indices":[0,22],"expanded_url":"http:\/\/www.facebook.com\/ariaruth","display_url":"facebook.com\/ariaruth"}]},"description":{"urls":[]}},"followers_count":481,"profile_sidebar_border_color":"FFFFFF","id_str":"53456567","profile_background_color":"111111","listed_count":13,"is_translation_enabled":false,"utc_offset":-18000,"statuses_count":28999,"description":"Believer \u2022 Life Lover With Wanderlust \u2022 ENFJ\u2022 Kellogg MBA\u2022 Gator Girl","friends_count":382,"location":"New York, NY","profile_link_color":"F71CB1","profile_image_url":"http:\/\/pbs.twimg.com\/profile_images\/575126202551255041\/dFXoBHuK_normal.jpeg","following":false,"geo_enabled":true,"profile_banner_url":"https:\/\/pbs.twimg.com\/profile_banners\/53456567\/1397359767","profile_background_image_url":"http:\/\/pbs.twimg.com\/profile_background_images\/752452997\/e858d537278f8f45f35d61b5caaad14c.jpeg","screen_name":"AriaRuth","lang":"en","profile_background_tile":true,"favourites_count":171,"name":"Aria Ruth","notifications":false,"url":"http:\/\/t.co\/sF6MuBD5qc","created_at":"Fri Jul 03 18:17:57 +0000 2009","contributors_enabled":false,"time_zone":"Central Time (US & Canada)","protected":false,"default_profile":false,"is_translator":false},"geo":null,"in_reply_to_user_id_str":"34123611","lang":"en","created_at":"Fri Aug 15 18:10:42 +0000 2014","in_reply_to_status_id_str":"500294693356175360","place":null}