{"contributors": null, "truncated": false, "text": "@lousycanuck Exactly. This is just a different white supremacist tactic since the first one of brutality &amp; trying to fabricate riots failed.", "in_reply_to_status_id": 500294693356175360, "id": 500300332316901376, "favorite_count": 0, "source": "<a href=\"https://about.twitter.com/products/tweetdeck\" rel=\"nofollow\">TweetDeck</a>", "retweeted": false, "coordinates": null, "entities": {"symbols": [], "user_mentions": [{"id": 34123611, "indices": [0, 12], "id_str": "34123611", "screen_name": "lousycanuck", "name": "Jason Thibeault"}], "hashtags": [], "urls": []}, "in_reply_to_screen_name": "lousycanuck", "id_str": "500300332316901376", "retweet_count": 0, "in_reply_to_user_id": 34123611, "favorited": false, "user": {"follow_request_sent": false, "profile_use_background_image": true, "default_profile_image": false, "id": 15730258, "profile_background_image_url_https": "https://abs.twimg.com/images/themes/theme2/bg.gif", "verified": false, "profile_text_color": "663B12", "profile_image_url_https": "https://pbs.twimg.com/profile_images/676129973/IMG_0269_normal.jpg", "profile_sidebar_fill_color": "DAECF4", "entities": {"url": {"urls": [{"url": "http://t.co/zhKwKTSvtk", "indices": [0, 22], "expanded_url": "http://slignot.wordpress.com/", "display_url": "slignot.wordpress.com"}]}, "description": {"urls": []}}, "followers_count": 308, "profile_sidebar_border_color": "C6E2EE", "id_str": "15730258", "profile_background_color": "C6E2EE", "listed_count": 20, "is_translation_enabled": false, "utc_offset": -21600, "statuses_count": 48497, "description": "Proudly intolerant of intolerance. Formless terror in service of the Old Ones here to doom mankind.", "friends_count": 251, "location": "Salt Lake City", "profile_link_color": "1F98C7", "profile_image_url": "http://pbs.twimg.com/profile_images/676129973/IMG_0269_normal.jpg", "following": false, "geo_enabled": true, "profile_banner_url": "https://pbs.twimg.com/profile_banners/15730258/1359503199", "profile_background_image_url": "http://abs.twimg.com/images/themes/theme2/bg.gif", "screen_name": "slignot", "lang": "en", "profile_background_tile": false, "favourites_count": 243, "name": "April Gardner", "notifications": false, "url": "http://t.co/zhKwKTSvtk", "created_at": "Tue Aug 05 00:52:05 +0000 2008", "contributors_enabled": false, "time_zone": "Mountain Time (US & Canada)", "protected": false, "default_profile": false, "is_translator": false}, "geo": null, "in_reply_to_user_id_str": "34123611", "lang": "en", "created_at": "Fri Aug 15 15:17:49 +0000 2014", "in_reply_to_status_id_str": "500294693356175360", "place": null}
