{"contributors": null, "truncated": false, "text": "@lousycanuck Well they shot him quite a few times, bound to lose a bit of weight with all that blood coming out", "in_reply_to_status_id": 500294693356175360, "id": 500488964478754816, "favorite_count": 0, "source": "<a href=\"http://twitter.com\" rel=\"nofollow\">Twitter Web Client</a>", "retweeted": false, "coordinates": null, "entities": {"symbols": [], "user_mentions": [{"id": 34123611, "indices": [0, 12], "id_str": "34123611", "screen_name": "lousycanuck", "name": "Jason Thibeault"}], "hashtags": [], "urls": []}, "in_reply_to_screen_name": "lousycanuck", "id_str": "500488964478754816", "retweet_count": 0, "in_reply_to_user_id": 34123611, "favorited": false, "user": {"follow_request_sent": false, "profile_use_background_image": true, "default_profile_image": false, "id": 382101681, "profile_background_image_url_https": "https://abs.twimg.com/images/themes/theme9/bg.gif", "verified": false, "profile_text_color": "333333", "profile_image_url_https": "https://pbs.twimg.com/profile_images/378800000827847162/e54ef0b8aba6540ee4897bcfd099a041_normal.jpeg", "profile_sidebar_fill_color": "C0DFEC", "entities": {"url": {"urls": [{"url": "http://t.co/KXJd1tcFTB", "indices": [0, 22], "expanded_url": "http://www.youtube.com/aliasalpha1", "display_url": "youtube.com/aliasalpha1"}]}, "description": {"urls": []}}, "followers_count": 51, "profile_sidebar_border_color": "FFFFFF", "id_str": "382101681", "profile_background_color": "1A1B1F", "listed_count": 2, "is_translation_enabled": false, "utc_offset": 36000, "statuses_count": 2198, "description": "Your bones will build my palaces, your eyes will stud my crown", "friends_count": 38, "location": "Wagga Wagga, Australia", "profile_link_color": "6B238A", "profile_image_url": "http://pbs.twimg.com/profile_images/378800000827847162/e54ef0b8aba6540ee4897bcfd099a041_normal.jpeg", "following": false, "geo_enabled": false, "profile_background_image_url": "http://abs.twimg.com/images/themes/theme9/bg.gif", "screen_name": "Aliasalpha", "lang": "en", "profile_background_tile": false, "favourites_count": 0, "name": "Aliasalpha", "notifications": false, "url": "http://t.co/KXJd1tcFTB", "created_at": "Thu Sep 29 13:57:35 +0000 2011", "contributors_enabled": false, "time_zone": "Sydney", "protected": false, "default_profile": false, "is_translator": false}, "geo": null, "in_reply_to_user_id_str": "34123611", "lang": "en", "created_at": "Sat Aug 16 03:47:22 +0000 2014", "in_reply_to_status_id_str": "500294693356175360", "place": null}
