{"contributors": null, "truncated": false, "text": ".@USATODAY: French prosecutor names co-pilot of #germanwings plane that crashed in the Alps as Andreas Lubitz. He was at controls of plane.", "in_reply_to_status_id": 581064144394285056, "id": 581064768120877057, "favorite_count": 0, "source": "<a href=\"http://twitter.com/#!/download/ipad\" rel=\"nofollow\">Twitter for iPad</a>", "retweeted": false, "coordinates": null, "entities": {"symbols": [], "user_mentions": [{"id": 15754281, "indices": [1, 10], "id_str": "15754281", "screen_name": "USATODAY", "name": "USA TODAY"}], "hashtags": [{"indices": [48, 60], "text": "germanwings"}], "urls": []}, "in_reply_to_screen_name": "USATODAY", "id_str": "581064768120877057", "retweet_count": 0, "in_reply_to_user_id": 15754281, "favorited": false, "user": {"follow_request_sent": false, "profile_use_background_image": true, "profile_text_color": "333333", "default_profile_image": false, "id": 949990633, "profile_background_image_url_https": "https://abs.twimg.com/images/themes/theme1/bg.png", "verified": false, "profile_location": null, "profile_image_url_https": "https://pbs.twimg.com/profile_images/3289054732/f05269ad31034d6e79670f23f0f7e33a_normal.jpeg", "profile_sidebar_fill_color": "DDEEF6", "entities": {"description": {"urls": []}}, "followers_count": 1012, "profile_sidebar_border_color": "C0DEED", "id_str": "949990633", "profile_background_color": "C0DEED", "listed_count": 24, "is_translation_enabled": false, "utc_offset": null, "statuses_count": 32222, "description": "Ayn Rand: The purpose of morality is to teach you, not to suffer and die, but to enjoy yourself and live!", "friends_count": 1919, "location": "", "profile_link_color": "0084B4", "profile_image_url": "http://pbs.twimg.com/profile_images/3289054732/f05269ad31034d6e79670f23f0f7e33a_normal.jpeg", "following": false, "geo_enabled": true, "profile_banner_url": "https://pbs.twimg.com/profile_banners/949990633/1405278683", "profile_background_image_url": "http://abs.twimg.com/images/themes/theme1/bg.png", "name": "Tamara", "lang": "en", "profile_background_tile": false, "favourites_count": 3629, "screen_name": "TamaraOnStuff", "notifications": false, "url": null, "created_at": "Thu Nov 15 15:52:25 +0000 2012", "contributors_enabled": false, "time_zone": null, "protected": false, "default_profile": true, "is_translator": false}, "geo": null, "in_reply_to_user_id_str": "15754281", "lang": "en", "created_at": "Thu Mar 26 12:06:51 +0000 2015", "in_reply_to_status_id_str": "581064144394285056", "place": null}
