{"contributors": null, "truncated": false, "text": "@JummyTV Good Morning!", "in_reply_to_status_id": 581064233061847041, "id": 581064974044295168, "favorite_count": 0, "source": "<a href=\"http://twitter.com\" rel=\"nofollow\">Twitter Web Client</a>", "retweeted": false, "coordinates": null, "entities": {"symbols": [], "user_mentions": [{"id": 73279371, "indices": [0, 8], "id_str": "73279371", "screen_name": "JummyTV", "name": "Jummy ABC7 News "}], "hashtags": [], "urls": []}, "in_reply_to_screen_name": "JummyTV", "id_str": "581064974044295168", "retweet_count": 0, "in_reply_to_user_id": 73279371, "favorited": false, "user": {"follow_request_sent": false, "profile_use_background_image": true, "profile_text_color": "333333", "default_profile_image": false, "id": 2976256067, "profile_background_image_url_https": "https://abs.twimg.com/images/themes/theme1/bg.png", "verified": false, "profile_location": null, "profile_image_url_https": "https://pbs.twimg.com/profile_images/580649607161626624/pWakaRR__normal.jpg", "profile_sidebar_fill_color": "DDEEF6", "entities": {"description": {"urls": []}}, "followers_count": 807, "profile_sidebar_border_color": "C0DEED", "id_str": "2976256067", "profile_background_color": "C0DEED", "listed_count": 2, "is_translation_enabled": false, "utc_offset": -14400, "statuses_count": 3690, "description": "", "friends_count": 1940, "location": "", "profile_link_color": "0084B4", "profile_image_url": "http://pbs.twimg.com/profile_images/580649607161626624/pWakaRR__normal.jpg", "following": false, "geo_enabled": true, "profile_banner_url": "https://pbs.twimg.com/profile_banners/2976256067/1427272627", "profile_background_image_url": "http://abs.twimg.com/images/themes/theme1/bg.png", "name": "Lothairo Smith", "lang": "en", "profile_background_tile": false, "favourites_count": 2112, "screen_name": "justaman197153", "notifications": false, "url": null, "created_at": "Tue Jan 13 11:47:10 +0000 2015", "contributors_enabled": false, "time_zone": "Eastern Time (US & Canada)", "protected": false, "default_profile": true, "is_translator": false}, "geo": null, "in_reply_to_user_id_str": "73279371", "lang": "en", "created_at": "Thu Mar 26 12:07:40 +0000 2015", "in_reply_to_status_id_str": "581064233061847041", "place": {"full_name": "Ann Arbor, MI", "url": "https://api.twitter.com/1.1/geo/id/92b2158a6d509767.json", "country": "United States", "place_type": "city", "bounding_box": {"type": "Polygon", "coordinates": [[[-83.800262, 42.215087], [-83.659681, 42.215087], [-83.659681, 42.324184], [-83.800262, 42.324184]]]}, "contained_within": [], "country_code": "US", "attributes": {}, "id": "92b2158a6d509767", "name": "Ann Arbor"}}
