{"contributors": null, "truncated": false, "text": "RT @USATODAY French prosecutor names co-pilot of #germanwings plane that crashed in the Alps as Andreas Lubitz. He was at controls of plane.", "in_reply_to_status_id": 581064144394285056, "id": 581064233061847041, "favorite_count": 1, "source": "<a href=\"http://twitter.com\" rel=\"nofollow\">Twitter Web Client</a>", "retweeted": false, "coordinates": null, "entities": {"symbols": [], "user_mentions": [{"id": 15754281, "indices": [3, 12], "id_str": "15754281", "screen_name": "USATODAY", "name": "USA TODAY"}], "hashtags": [{"indices": [49, 61], "text": "germanwings"}], "urls": []}, "in_reply_to_screen_name": "USATODAY", "id_str": "581064233061847041", "retweet_count": 0, "in_reply_to_user_id": 15754281, "favorited": false, "user": {"follow_request_sent": false, "profile_use_background_image": true, "profile_text_color": "3D1957", "default_profile_image": false, "id": 73279371, "profile_background_image_url_https": "https://abs.twimg.com/images/themes/theme10/bg.gif", "verified": false, "profile_location": null, "profile_image_url_https": "https://pbs.twimg.com/profile_images/545925248651362305/R0Q2UJ9s_normal.jpeg", "profile_sidebar_fill_color": "7AC3EE", "entities": {"url": {"urls": [{"url": "http://t.co/cH9OO5Wsqv", "indices": [0, 22], "expanded_url": "http://wjla.com", "display_url": "wjla.com"}]}, "description": {"urls": []}}, "followers_count": 6193, "profile_sidebar_border_color": "65B0DA", "id_str": "73279371", "profile_background_color": "642D8B", "listed_count": 238, "is_translation_enabled": true, "utc_offset": -14400, "statuses_count": 60563, "description": "anchor/reporter. @NKF board member. Novice Runner. Travel Junkie. Hokie and Zag Alum. Unapologetic DC Sports Fan. Hot sauce lover. (Tweets are mine, not ABC7s)", "friends_count": 612, "location": "Washington, DC", "profile_link_color": "FF0000", "profile_image_url": "http://pbs.twimg.com/profile_images/545925248651362305/R0Q2UJ9s_normal.jpeg", "following": false, "geo_enabled": false, "profile_banner_url": "https://pbs.twimg.com/profile_banners/73279371/1353420535", "profile_background_image_url": "http://abs.twimg.com/images/themes/theme10/bg.gif", "name": "Jummy ABC7 News ", "lang": "en", "profile_background_tile": true, "favourites_count": 135, "screen_name": "JummyTV", "notifications": false, "url": "http://t.co/cH9OO5Wsqv", "created_at": "Fri Sep 11 01:51:16 +0000 2009", "contributors_enabled": false, "time_zone": "Eastern Time (US & Canada)", "protected": false, "default_profile": false, "is_translator": false}, "geo": null, "in_reply_to_user_id_str": "15754281", "lang": "en", "created_at": "Thu Mar 26 12:04:43 +0000 2015", "in_reply_to_status_id_str": "581064144394285056", "place": null}
