{"contributors": null, "truncated": false, "text": "@USATODAY Gasp!!!! OMG \ud83d\ude32", "in_reply_to_status_id": 581064144394285056, "id": 581065376701685760, "favorite_count": 0, "source": "<a href=\"http://twitter.com/download/android\" rel=\"nofollow\">Twitter for Android</a>", "retweeted": false, "coordinates": null, "entities": {"symbols": [], "user_mentions": [{"id": 15754281, "indices": [0, 9], "id_str": "15754281", "screen_name": "USATODAY", "name": "USA TODAY"}], "hashtags": [], "urls": []}, "in_reply_to_screen_name": "USATODAY", "id_str": "581065376701685760", "retweet_count": 0, "in_reply_to_user_id": 15754281, "favorited": false, "user": {"follow_request_sent": false, "profile_use_background_image": true, "profile_text_color": "333333", "default_profile_image": false, "id": 293420884, "profile_background_image_url_https": "https://abs.twimg.com/images/themes/theme1/bg.png", "verified": false, "profile_location": null, "profile_image_url_https": "https://pbs.twimg.com/profile_images/574951569898143745/FNjGPPdA_normal.jpeg", "profile_sidebar_fill_color": "DDEEF6", "entities": {"description": {"urls": []}}, "followers_count": 1120, "profile_sidebar_border_color": "C0DEED", "id_str": "293420884", "profile_background_color": "C0DEED", "listed_count": 15, "is_translation_enabled": false, "utc_offset": 28800, "statuses_count": 37436, "description": "\u201cUnless someone like you cares a whole awful lot, nothing is going to get better. It's not.\u201d ~Dr. Seuss, The Lorax", "friends_count": 1713, "location": "Philippines", "profile_link_color": "0084B4", "profile_image_url": "http://pbs.twimg.com/profile_images/574951569898143745/FNjGPPdA_normal.jpeg", "following": false, "geo_enabled": true, "profile_banner_url": "https://pbs.twimg.com/profile_banners/293420884/1400170004", "profile_background_image_url": "http://abs.twimg.com/images/themes/theme1/bg.png", "name": "Marybeth Villanueva", "lang": "en", "profile_background_tile": false, "favourites_count": 5673, "screen_name": "betseykilayko", "notifications": false, "url": null, "created_at": "Thu May 05 09:50:37 +0000 2011", "contributors_enabled": false, "time_zone": "Singapore", "protected": false, "default_profile": true, "is_translator": false}, "geo": null, "in_reply_to_user_id_str": "15754281", "lang": "nl", "created_at": "Thu Mar 26 12:09:16 +0000 2015", "in_reply_to_status_id_str": "581064144394285056", "place": null}
