{"contributors": null, "truncated": false, "text": "\u201c@USATODAY: French prosecutor names co-pilot of #germanwings plane that crashed in the Alps as Andreas Lubitz. He was at controls of plane.\u201d", "in_reply_to_status_id": 581064144394285056, "id": 581064816246329344, "favorite_count": 0, "source": "<a href=\"http://twitter.com/download/iphone\" rel=\"nofollow\">Twitter for iPhone</a>", "retweeted": false, "coordinates": null, "entities": {"symbols": [], "user_mentions": [{"id": 15754281, "indices": [1, 10], "id_str": "15754281", "screen_name": "USATODAY", "name": "USA TODAY"}], "hashtags": [{"indices": [48, 60], "text": "germanwings"}], "urls": []}, "in_reply_to_screen_name": "USATODAY", "id_str": "581064816246329344", "retweet_count": 0, "in_reply_to_user_id": 15754281, "favorited": false, "user": {"follow_request_sent": false, "profile_use_background_image": true, "profile_text_color": "333333", "default_profile_image": false, "id": 43521065, "profile_background_image_url_https": "https://abs.twimg.com/images/themes/theme14/bg.gif", "verified": false, "profile_location": null, "profile_image_url_https": "https://pbs.twimg.com/profile_images/570327119143809024/OJKvtnRT_normal.jpeg", "profile_sidebar_fill_color": "EFEFEF", "entities": {"description": {"urls": []}}, "followers_count": 1642, "profile_sidebar_border_color": "FFFFFF", "id_str": "43521065", "profile_background_color": "131516", "listed_count": 76, "is_translation_enabled": false, "utc_offset": -18000, "statuses_count": 13815, "description": "Journalist. News Director. WCSH6 & WLBZ2. Gannett. \nOhio University & The Ohio State University alumnus. \nI like rock climbing and cake.", "friends_count": 769, "location": "Happily lost in Maine", "profile_link_color": "009999", "profile_image_url": "http://pbs.twimg.com/profile_images/570327119143809024/OJKvtnRT_normal.jpeg", "following": false, "geo_enabled": false, "profile_banner_url": "https://pbs.twimg.com/profile_banners/43521065/1426877063", "profile_background_image_url": "http://abs.twimg.com/images/themes/theme14/bg.gif", "name": "Mike Redding", "lang": "en", "profile_background_tile": true, "favourites_count": 1372, "screen_name": "ReddingWriting", "notifications": false, "url": null, "created_at": "Sat May 30 12:26:40 +0000 2009", "contributors_enabled": false, "time_zone": "Quito", "protected": false, "default_profile": false, "is_translator": false}, "geo": null, "in_reply_to_user_id_str": "15754281", "lang": "en", "created_at": "Thu Mar 26 12:07:02 +0000 2015", "in_reply_to_status_id_str": "581064144394285056", "place": null}
