{"contributors": null, "truncated": false, "text": "Andreas Lubitz es el Co-Piloto que habria ocasionado intencionalmente caida vuelo #Germanwings segun el fiscal @USATODAY", "in_reply_to_status_id": 581064144394285056, "id": 581065719867113472, "favorite_count": 0, "source": "<a href=\"http://twitter.com/download/iphone\" rel=\"nofollow\">Twitter for iPhone</a>", "retweeted": false, "coordinates": null, "entities": {"symbols": [], "user_mentions": [{"id": 15754281, "indices": [111, 120], "id_str": "15754281", "screen_name": "USATODAY", "name": "USA TODAY"}], "hashtags": [{"indices": [82, 94], "text": "Germanwings"}], "urls": []}, "in_reply_to_screen_name": "USATODAY", "id_str": "581065719867113472", "retweet_count": 6, "in_reply_to_user_id": 15754281, "favorited": false, "user": {"follow_request_sent": false, "profile_use_background_image": false, "profile_text_color": "000000", "default_profile_image": false, "id": 1566494670, "profile_background_image_url_https": "https://abs.twimg.com/images/themes/theme1/bg.png", "verified": false, "profile_location": null, "profile_image_url_https": "https://pbs.twimg.com/profile_images/552866415712436226/zDvQtjX1_normal.jpeg", "profile_sidebar_fill_color": "000000", "entities": {"description": {"urls": []}}, "followers_count": 5345, "profile_sidebar_border_color": "000000", "id_str": "1566494670", "profile_background_color": "000000", "listed_count": 96, "is_translation_enabled": false, "utc_offset": null, "statuses_count": 2833, "description": "Argentine Journalist & producer. Buena Gente section @ El Diario La Prensa/reporter @ TN.  Mi twitter es un nido de buitres pero soy mucho mas que eso", "friends_count": 512, "location": "New York", "profile_link_color": "3B94D9", "profile_image_url": "http://pbs.twimg.com/profile_images/552866415712436226/zDvQtjX1_normal.jpeg", "following": false, "geo_enabled": true, "profile_banner_url": "https://pbs.twimg.com/profile_banners/1566494670/1421207908", "profile_background_image_url": "http://abs.twimg.com/images/themes/theme1/bg.png", "name": "Silvina SterinPensel", "lang": "en", "profile_background_tile": false, "favourites_count": 3337, "screen_name": "SilSterinPensel", "notifications": false, "url": null, "created_at": "Wed Jul 03 19:30:30 +0000 2013", "contributors_enabled": false, "time_zone": null, "protected": false, "default_profile": false, "is_translator": false}, "geo": null, "in_reply_to_user_id_str": "15754281", "lang": "es", "created_at": "Thu Mar 26 12:10:37 +0000 2015", "in_reply_to_status_id_str": "581064144394285056", "place": null}
