{"contributors":null,"truncated":false,"text":"Breaking from Agence France Presse:\n\"@AFP: #UPDATE: Car chase, hostage drama as Paris massacre suspects cornered http:\/\/t.co\/4dPzzsgEjN\u201d","in_reply_to_status_id":553476600985948160,"id":553477489289211905,"favorite_count":1,"source":"<a href=\"http:\/\/twitter.com\/download\/iphone\" rel=\"nofollow\">Twitter for iPhone<\/a>","retweeted":false,"coordinates":null,"entities":{"symbols":[],"user_mentions":[{"id":380648579,"indices":[37,41],"id_str":"380648579","screen_name":"AFP","name":"Agence France-Presse"}],"hashtags":[{"indices":[43,50],"text":"UPDATE"}],"urls":[{"url":"http:\/\/t.co\/4dPzzsgEjN","indices":[113,135],"expanded_url":"http:\/\/u.afp.com\/R6R","display_url":"u.afp.com\/R6R"}]},"in_reply_to_screen_name":"AFP","id_str":"553477489289211905","retweet_count":2,"in_reply_to_user_id":380648579,"favorited":false,"user":{"follow_request_sent":false,"profile_use_background_image":true,"profile_text_color":"362720","default_profile_image":false,"id":1707841208,"profile_background_image_url_https":"https:\/\/abs.twimg.com\/images\/themes\/theme11\/bg.gif","verified":true,"profile_location":null,"profile_image_url_https":"https:\/\/pbs.twimg.com\/profile_images\/574453667534794754\/6ma9_SbN_normal.jpeg","profile_sidebar_fill_color":"E5507E","entities":{"url":{"urls":[{"url":"http:\/\/t.co\/xKUtKRvCvV","indices":[0,22],"expanded_url":"http:\/\/www.facebook.com\/annestatekoin6news","display_url":"facebook.com\/annestatekoin6\u2026"}]},"description":{"urls":[]}},"followers_count":2381,"profile_sidebar_border_color":"CC3366","id_str":"1707841208","profile_background_color":"FF6699","listed_count":61,"is_translation_enabled":false,"utc_offset":-18000,"statuses_count":6911,"description":"Journalist. Humorist. Animal lover. Former world traveler now anchoring the 5, 6 & 11PM news on KOIN 6. Happy to be back with my family","friends_count":1737,"location":"Portland,OR","profile_link_color":"B40B43","profile_image_url":"http:\/\/pbs.twimg.com\/profile_images\/574453667534794754\/6ma9_SbN_normal.jpeg","following":false,"geo_enabled":false,"profile_banner_url":"https:\/\/pbs.twimg.com\/profile_banners\/1707841208\/1411690869","profile_background_image_url":"http:\/\/abs.twimg.com\/images\/themes\/theme11\/bg.gif","name":"Anne State","lang":"en","profile_background_tile":true,"favourites_count":2888,"screen_name":"annestate","notifications":false,"url":"http:\/\/t.co\/xKUtKRvCvV","created_at":"Wed Aug 28 17:30:25 +0000 2013","contributors_enabled":false,"time_zone":"Eastern Time (US & Canada)","protected":false,"default_profile":false,"is_translator":false},"geo":null,"in_reply_to_user_id_str":"380648579","possibly_sensitive":false,"lang":"en","created_at":"Fri Jan 09 09:04:51 +0000 2015","in_reply_to_status_id_str":"553476600985948160","place":null}