{"contributors": null, "truncated": false, "text": "Seems we're in the endgame \u201c@AFP: #UPDATE: Car chase, hostage drama as Paris massacre suspects cornered http://t.co/ebn26h9BFB\u201d", "in_reply_to_status_id": 553476600985948160, "id": 553477916177494016, "favorite_count": 0, "source": "<a href=\"http://twitter.com/download/iphone\" rel=\"nofollow\">Twitter for iPhone</a>", "retweeted": false, "coordinates": null, "entities": {"symbols": [], "user_mentions": [{"id": 380648579, "indices": [28, 32], "id_str": "380648579", "screen_name": "AFP", "name": "Agence France-Presse"}], "hashtags": [{"indices": [34, 41], "text": "UPDATE"}], "urls": [{"url": "http://t.co/ebn26h9BFB", "indices": [104, 126], "expanded_url": "http://u.afp.com/R6R", "display_url": "u.afp.com/R6R"}]}, "in_reply_to_screen_name": "AFP", "id_str": "553477916177494016", "retweet_count": 4, "in_reply_to_user_id": 380648579, "favorited": false, "user": {"follow_request_sent": false, "profile_use_background_image": true, "profile_text_color": "333333", "default_profile_image": false, "id": 1075005146, "profile_background_image_url_https": "https://abs.twimg.com/images/themes/theme1/bg.png", "verified": false, "profile_location": null, "profile_image_url_https": "https://pbs.twimg.com/profile_images/536161440969654273/eVj5pfYG_normal.jpeg", "profile_sidebar_fill_color": "DDEEF6", "entities": {"url": {"urls": [{"url": "http://t.co/Asbqxyw3I7", "indices": [0, 22], "expanded_url": "http://hegghammer.com", "display_url": "hegghammer.com"}]}, "description": {"urls": []}}, "followers_count": 7392, "profile_sidebar_border_color": "C0DEED", "id_str": "1075005146", "profile_background_color": "C0DEED", "listed_count": 313, "is_translation_enabled": false, "utc_offset": 3600, "statuses_count": 3528, "description": "Director of terrorism research at the Norwegian Defence Research Establishment (FFI)", "friends_count": 283, "location": "Oslo, Norway", "profile_link_color": "0084B4", "profile_image_url": "http://pbs.twimg.com/profile_images/536161440969654273/eVj5pfYG_normal.jpeg", "following": false, "geo_enabled": false, "profile_banner_url": "https://pbs.twimg.com/profile_banners/1075005146/1357771120", "profile_background_image_url": "http://abs.twimg.com/images/themes/theme1/bg.png", "name": "Thomas Hegghammer", "lang": "en", "profile_background_tile": false, "favourites_count": 2116, "screen_name": "Hegghammer", "notifications": false, "url": "http://t.co/Asbqxyw3I7", "created_at": "Wed Jan 09 21:56:05 +0000 2013", "contributors_enabled": false, "time_zone": "Stockholm", "protected": false, "default_profile": true, "is_translator": false}, "geo": null, "in_reply_to_user_id_str": "380648579", "possibly_sensitive": false, "lang": "en", "created_at": "Fri Jan 09 09:06:32 +0000 2015", "in_reply_to_status_id_str": "553476600985948160", "place": null}
