{"contributors": null, "truncated": false, "text": "RT @AFP: #UPDATE: Car chase, hostage drama as Paris massacre suspects cornered http://t.co/f6LiSTjVGh", "in_reply_to_status_id": 553476600985948160, "id": 553477737957314560, "favorite_count": 0, "source": "<a href=\"http://twitter.com/download/iphone\" rel=\"nofollow\">Twitter for iPhone</a>", "retweeted": false, "coordinates": null, "entities": {"symbols": [], "user_mentions": [{"id": 380648579, "indices": [3, 7], "id_str": "380648579", "screen_name": "AFP", "name": "Agence France-Presse"}], "hashtags": [{"indices": [9, 16], "text": "UPDATE"}], "urls": [{"url": "http://t.co/f6LiSTjVGh", "indices": [79, 101], "expanded_url": "http://u.afp.com/R6R", "display_url": "u.afp.com/R6R"}]}, "in_reply_to_screen_name": "AFP", "id_str": "553477737957314560", "retweet_count": 0, "in_reply_to_user_id": 380648579, "favorited": false, "user": {"follow_request_sent": false, "profile_use_background_image": true, "profile_text_color": "333333", "default_profile_image": false, "id": 2690842873, "profile_background_image_url_https": "https://abs.twimg.com/images/themes/theme1/bg.png", "verified": false, "profile_location": null, "profile_image_url_https": "https://pbs.twimg.com/profile_images/495313639406972928/bjBaHu1d_normal.jpeg", "profile_sidebar_fill_color": "DDEEF6", "entities": {"url": {"urls": [{"url": "http://t.co/KS9C8SusXj", "indices": [0, 22], "expanded_url": "http://Wavy.com", "display_url": "Wavy.com"}]}, "description": {"urls": []}}, "followers_count": 313, "profile_sidebar_border_color": "C0DEED", "id_str": "2690842873", "profile_background_color": "C0DEED", "listed_count": 10, "is_translation_enabled": false, "utc_offset": null, "statuses_count": 1059, "description": "WAVY-TV 10 NBC/FOX 43 Reporter. Mizzou Grad; STL native. Retweets are not endorsements. Opinions are my own. Story ideas? Send to Rico.bush@wavy.com", "friends_count": 486, "location": "Hampton Roads, VA", "profile_link_color": "0084B4", "profile_image_url": "http://pbs.twimg.com/profile_images/495313639406972928/bjBaHu1d_normal.jpeg", "following": false, "geo_enabled": false, "profile_banner_url": "https://pbs.twimg.com/profile_banners/2690842873/1409048070", "profile_background_image_url": "http://abs.twimg.com/images/themes/theme1/bg.png", "name": "Rico Bush", "lang": "en", "profile_background_tile": false, "favourites_count": 151, "screen_name": "RicoBushWAVY", "notifications": false, "url": "http://t.co/KS9C8SusXj", "created_at": "Tue Jul 29 19:02:52 +0000 2014", "contributors_enabled": false, "time_zone": null, "protected": false, "default_profile": true, "is_translator": false}, "geo": null, "in_reply_to_user_id_str": "380648579", "possibly_sensitive": false, "lang": "en", "created_at": "Fri Jan 09 09:05:50 +0000 2015", "in_reply_to_status_id_str": "553476600985948160", "place": null}
