{"contributors": null, "truncated": false, "text": "@AFP Too late the heroes.", "in_reply_to_status_id": 553476600985948160, "id": 553478254988763136, "favorite_count": 0, "source": "<a href=\"http://twitter.com\" rel=\"nofollow\">Twitter Web Client</a>", "retweeted": false, "coordinates": null, "entities": {"symbols": [], "user_mentions": [{"id": 380648579, "indices": [0, 4], "id_str": "380648579", "screen_name": "AFP", "name": "Agence France-Presse"}], "hashtags": [], "urls": []}, "in_reply_to_screen_name": "AFP", "id_str": "553478254988763136", "retweet_count": 0, "in_reply_to_user_id": 380648579, "favorited": false, "user": {"follow_request_sent": false, "profile_use_background_image": false, "profile_text_color": "000000", "default_profile_image": false, "id": 121045694, "profile_background_image_url_https": "https://abs.twimg.com/images/themes/theme1/bg.png", "verified": false, "profile_location": null, "profile_image_url_https": "https://pbs.twimg.com/profile_images/421508310957690880/-sU7wu-n_normal.jpeg", "profile_sidebar_fill_color": "000000", "entities": {"url": {"urls": [{"url": "http://t.co/r6t0S6S3H3", "indices": [0, 22], "expanded_url": "http://www.scoop.it/u/iqbal-ismail", "display_url": "scoop.it/u/iqbal-ismail"}]}, "description": {"urls": []}}, "followers_count": 1255, "profile_sidebar_border_color": "000000", "id_str": "121045694", "profile_background_color": "000000", "listed_count": 18, "is_translation_enabled": false, "utc_offset": null, "statuses_count": 23268, "description": "Chairman, ACE Securities, Professor of Finance at IBA, MBA from University of Pittsburgh, Former Director, Karachi Stock Exchange, Author of Footprints In The S", "friends_count": 1803, "location": "Pakistan", "profile_link_color": "3B94D9", "profile_image_url": "http://pbs.twimg.com/profile_images/421508310957690880/-sU7wu-n_normal.jpeg", "following": false, "geo_enabled": true, "profile_background_image_url": "http://abs.twimg.com/images/themes/theme1/bg.png", "name": "Iqbal Ismail", "lang": "en", "profile_background_tile": false, "favourites_count": 1507, "screen_name": "aceiqbalismail", "notifications": false, "url": "http://t.co/r6t0S6S3H3", "created_at": "Mon Mar 08 08:53:44 +0000 2010", "contributors_enabled": false, "time_zone": null, "protected": false, "default_profile": false, "is_translator": false}, "geo": null, "in_reply_to_user_id_str": "380648579", "lang": "en", "created_at": "Fri Jan 09 09:07:53 +0000 2015", "in_reply_to_status_id_str": "553476600985948160", "place": {"full_name": "Sindh, Pakistan", "url": "https://api.twitter.com/1.1/geo/id/0120615153b21abb.json", "country": "\u067e\u0627\u06a9\u0633\u062a\u0627\u0646", "place_type": "admin", "bounding_box": {"type": "Polygon", "coordinates": [[[66.6541316, 23.7032722], [71.1241846, 23.7032722], [71.1241846, 28.5294418], [66.6541316, 28.5294418]]]}, "contained_within": [], "country_code": "PK", "attributes": {}, "id": "0120615153b21abb", "name": "Sindh"}}
