{"contributors": null, "truncated": false, "text": "@SonofLiberty357 @gatewaypundit I puspected as much.", "in_reply_to_status_id": 581287108607811584, "id": 581287965646688256, "favorite_count": 3, "source": "<a href=\"http://twitter.com/download/iphone\" rel=\"nofollow\">Twitter for iPhone</a>", "retweeted": false, "coordinates": null, "entities": {"symbols": [], "user_mentions": [{"id": 72882689, "indices": [0, 16], "id_str": "72882689", "screen_name": "SonofLiberty357", "name": "IPayMyJizyaWith.357"}, {"id": 19211550, "indices": [17, 31], "id_str": "19211550", "screen_name": "gatewaypundit", "name": "Jim Hoft"}], "hashtags": [], "urls": []}, "in_reply_to_screen_name": "SonofLiberty357", "id_str": "581287965646688256", "retweet_count": 1, "in_reply_to_user_id": 72882689, "favorited": false, "user": {"follow_request_sent": false, "profile_use_background_image": true, "profile_text_color": "333333", "default_profile_image": false, "id": 2863774500, "profile_background_image_url_https": "https://abs.twimg.com/images/themes/theme1/bg.png", "verified": false, "profile_location": null, "profile_image_url_https": "https://pbs.twimg.com/profile_images/576923838350409728/D3JHdO0G_normal.jpeg", "profile_sidebar_fill_color": "DDEEF6", "entities": {"description": {"urls": []}}, "followers_count": 4878, "profile_sidebar_border_color": "C0DEED", "id_str": "2863774500", "profile_background_color": "C0DEED", "listed_count": 61, "is_translation_enabled": false, "utc_offset": null, "statuses_count": 17705, "description": "Molon Labe #Military, FF'd Sean Hannity, Montel Williams,#PJNET, #Constitutional--Patriots #Truth Patriot #Patriot #Right-Wingers,#PJNETPeeps.   \u2764\ufe0fTexas", "friends_count": 4514, "location": "", "profile_link_color": "0084B4", "profile_image_url": "http://pbs.twimg.com/profile_images/576923838350409728/D3JHdO0G_normal.jpeg", "following": false, "geo_enabled": true, "profile_banner_url": "https://pbs.twimg.com/profile_banners/2863774500/1417253385", "profile_background_image_url": "http://abs.twimg.com/images/themes/theme1/bg.png", "name": "Elisa Michaels", "lang": "en", "profile_background_tile": false, "favourites_count": 20800, "screen_name": "elisamich0422", "notifications": false, "url": null, "created_at": "Sun Oct 19 01:30:33 +0000 2014", "contributors_enabled": false, "time_zone": null, "protected": false, "default_profile": true, "is_translator": false}, "geo": null, "in_reply_to_user_id_str": "72882689", "lang": "en", "created_at": "Fri Mar 27 02:53:45 +0000 2015", "in_reply_to_status_id_str": "581287108607811584", "place": null}
