{"contributors": null, "truncated": false, "text": "@CajunJarhead @SonofLiberty357 @gatewaypundit We all were just waiting 4 that shoe 2 drop. Didn't have 2 B psychic/detective #WakeUpAmerica", "in_reply_to_status_id": 581289105994043392, "id": 581290389363167232, "favorite_count": 4, "source": "<a href=\"https://mobile.twitter.com\" rel=\"nofollow\">Mobile Web (M5)</a>", "retweeted": false, "coordinates": null, "entities": {"symbols": [], "user_mentions": [{"id": 25974930, "indices": [0, 13], "id_str": "25974930", "screen_name": "CajunJarhead", "name": "Bayou Marine"}, {"id": 72882689, "indices": [14, 30], "id_str": "72882689", "screen_name": "SonofLiberty357", "name": "IPayMyJizyaWith.357"}, {"id": 19211550, "indices": [31, 45], "id_str": "19211550", "screen_name": "gatewaypundit", "name": "Jim Hoft"}], "hashtags": [{"indices": [125, 139], "text": "WakeUpAmerica"}], "urls": []}, "in_reply_to_screen_name": "CajunJarhead", "id_str": "581290389363167232", "retweet_count": 1, "in_reply_to_user_id": 25974930, "favorited": false, "user": {"follow_request_sent": false, "profile_use_background_image": true, "profile_text_color": "333333", "default_profile_image": false, "id": 563840329, "profile_background_image_url_https": "https://abs.twimg.com/images/themes/theme14/bg.gif", "verified": false, "profile_location": null, "profile_image_url_https": "https://pbs.twimg.com/profile_images/546775440174497793/x1Y8B2oF_normal.jpeg", "profile_sidebar_fill_color": "EFEFEF", "entities": {"description": {"urls": []}}, "followers_count": 3793, "profile_sidebar_border_color": "EEEEEE", "id_str": "563840329", "profile_background_color": "131516", "listed_count": 100, "is_translation_enabled": false, "utc_offset": -10800, "statuses_count": 64412, "description": "Viet Nam Era Vet. 30 year Retired LEO Intel/Analyst  Son of the American Revolution #OathKeeper R.E.D. Biker Rolling Thunder #NRA Gold Eagle", "friends_count": 4171, "location": "USA", "profile_link_color": "009999", "profile_image_url": "http://pbs.twimg.com/profile_images/546775440174497793/x1Y8B2oF_normal.jpeg", "following": false, "geo_enabled": false, "profile_banner_url": "https://pbs.twimg.com/profile_banners/563840329/1372207002", "profile_background_image_url": "http://abs.twimg.com/images/themes/theme14/bg.gif", "name": "Psysam", "lang": "en", "profile_background_tile": true, "favourites_count": 6952, "screen_name": "Psysamurai33317", "notifications": false, "url": null, "created_at": "Thu Apr 26 16:06:33 +0000 2012", "contributors_enabled": false, "time_zone": "Atlantic Time (Canada)", "protected": false, "default_profile": false, "is_translator": false}, "geo": null, "in_reply_to_user_id_str": "25974930", "lang": "en", "created_at": "Fri Mar 27 03:03:23 +0000 2015", "in_reply_to_status_id_str": "581289105994043392", "place": null}
