{"contributors": null, "truncated": false, "text": "@lodisilverado  Breivik-Christian terrorist(by liberal logic) .Rest all cases \"Terrorist hv no religion\"\n http://t.co/Uf66hQuchB", "in_reply_to_status_id": 581295747762618368, "id": 581299137464938496, "favorite_count": 1, "source": "<a href=\"https://mobile.twitter.com\" rel=\"nofollow\">Mobile Web (M2)</a>", "retweeted": false, "coordinates": null, "entities": {"symbols": [], "user_mentions": [{"id": 889024146, "indices": [0, 14], "id_str": "889024146", "screen_name": "LodiSilverado", "name": "Lodi Silverado"}], "hashtags": [], "urls": [{"url": "http://t.co/Uf66hQuchB", "indices": [106, 128], "expanded_url": "http://tinyurl.com/3un6ko7", "display_url": "tinyurl.com/3un6ko7"}]}, "in_reply_to_screen_name": "ShahapurkarAnil", "id_str": "581299137464938496", "retweet_count": 1, "in_reply_to_user_id": 2221404181, "favorited": false, "user": {"follow_request_sent": false, "profile_use_background_image": true, "profile_text_color": "333333", "default_profile_image": false, "id": 2221404181, "profile_background_image_url_https": "https://abs.twimg.com/images/themes/theme1/bg.png", "verified": false, "profile_location": null, "profile_image_url_https": "https://pbs.twimg.com/profile_images/414061542133731328/jXcvRqys_normal.jpeg", "profile_sidebar_fill_color": "DDEEF6", "entities": {"description": {"urls": []}}, "followers_count": 177, "profile_sidebar_border_color": "C0DEED", "id_str": "2221404181", "profile_background_color": "C0DEED", "listed_count": 7, "is_translation_enabled": false, "utc_offset": null, "statuses_count": 11671, "description": "Greatest danger to Democracy is MainStreamMedia( Print & Electronic)\r\nSpread awareness", "friends_count": 40, "location": "", "profile_link_color": "0084B4", "profile_image_url": "http://pbs.twimg.com/profile_images/414061542133731328/jXcvRqys_normal.jpeg", "following": false, "geo_enabled": false, "profile_banner_url": "https://pbs.twimg.com/profile_banners/2221404181/1387986213", "profile_background_image_url": "http://abs.twimg.com/images/themes/theme1/bg.png", "name": "Anil shahapurkar", "lang": "en", "profile_background_tile": false, "favourites_count": 843, "screen_name": "ShahapurkarAnil", "notifications": false, "url": null, "created_at": "Fri Nov 29 13:01:07 +0000 2013", "contributors_enabled": false, "time_zone": null, "protected": false, "default_profile": true, "is_translator": false}, "geo": null, "in_reply_to_user_id_str": "2221404181", "possibly_sensitive": false, "possibly_sensitive_appealable": false, "lang": "en", "created_at": "Fri Mar 27 03:38:09 +0000 2015", "in_reply_to_status_id_str": "581295747762618368", "place": null}
