{"contributors": null, "truncated": false, "text": "@LodiSilverado @SonofLiberty357 @gatewaypundit I'm shocked! #saidnooneever", "in_reply_to_status_id": 581293754893537280, "id": 581295939731607552, "favorite_count": 0, "source": "<a href=\"http://twitter.com/#!/download/ipad\" rel=\"nofollow\">Twitter for iPad</a>", "retweeted": false, "coordinates": null, "entities": {"symbols": [], "user_mentions": [{"id": 889024146, "indices": [0, 14], "id_str": "889024146", "screen_name": "LodiSilverado", "name": "Lodi Silverado"}, {"id": 72882689, "indices": [15, 31], "id_str": "72882689", "screen_name": "SonofLiberty357", "name": "IPayMyJizyaWith.357"}, {"id": 19211550, "indices": [32, 46], "id_str": "19211550", "screen_name": "gatewaypundit", "name": "Jim Hoft"}], "hashtags": [{"indices": [60, 74], "text": "saidnooneever"}], "urls": []}, "in_reply_to_screen_name": "LodiSilverado", "id_str": "581295939731607552", "retweet_count": 1, "in_reply_to_user_id": 889024146, "favorited": false, "user": {"follow_request_sent": false, "profile_use_background_image": true, "profile_text_color": "333333", "default_profile_image": false, "id": 22014084, "profile_background_image_url_https": "https://abs.twimg.com/images/themes/theme1/bg.png", "verified": false, "profile_location": null, "profile_image_url_https": "https://pbs.twimg.com/profile_images/539956017971593216/J61io76w_normal.jpeg", "profile_sidebar_fill_color": "DDEEF6", "entities": {"description": {"urls": []}}, "followers_count": 1128, "profile_sidebar_border_color": "C0DEED", "id_str": "22014084", "profile_background_color": "C0DEED", "listed_count": 22, "is_translation_enabled": false, "utc_offset": -18000, "statuses_count": 14028, "description": "", "friends_count": 1200, "location": "Texas", "profile_link_color": "0084B4", "profile_image_url": "http://pbs.twimg.com/profile_images/539956017971593216/J61io76w_normal.jpeg", "following": false, "geo_enabled": false, "profile_banner_url": "https://pbs.twimg.com/profile_banners/22014084/1420676223", "profile_background_image_url": "http://abs.twimg.com/images/themes/theme1/bg.png", "name": "Greg", "lang": "en", "profile_background_tile": false, "favourites_count": 4142, "screen_name": "gwhinton", "notifications": false, "url": null, "created_at": "Thu Feb 26 14:32:28 +0000 2009", "contributors_enabled": false, "time_zone": "Central Time (US & Canada)", "protected": false, "default_profile": true, "is_translator": false}, "geo": null, "in_reply_to_user_id_str": "889024146", "lang": "en", "created_at": "Fri Mar 27 03:25:26 +0000 2015", "in_reply_to_status_id_str": "581293754893537280", "place": null}
