{"contributors": null, "truncated": false, "text": "@LodiSilverado @gatewaypundit love that meme my friend. Mind if I use it?", "in_reply_to_status_id": 581293754893537280, "id": 581293988935651328, "favorite_count": 3, "source": "<a href=\"http://twitter.com/download/iphone\" rel=\"nofollow\">Twitter for iPhone</a>", "retweeted": false, "coordinates": null, "entities": {"symbols": [], "user_mentions": [{"id": 889024146, "indices": [0, 14], "id_str": "889024146", "screen_name": "LodiSilverado", "name": "Lodi Silverado"}, {"id": 19211550, "indices": [15, 29], "id_str": "19211550", "screen_name": "gatewaypundit", "name": "Jim Hoft"}], "hashtags": [], "urls": []}, "in_reply_to_screen_name": "LodiSilverado", "id_str": "581293988935651328", "retweet_count": 2, "in_reply_to_user_id": 889024146, "favorited": false, "user": {"follow_request_sent": false, "profile_use_background_image": true, "profile_text_color": "333333", "default_profile_image": false, "id": 72882689, "profile_background_image_url_https": "https://abs.twimg.com/images/themes/theme1/bg.png", "verified": false, "profile_location": null, "profile_image_url_https": "https://pbs.twimg.com/profile_images/430174998641123328/YWm0FV92_normal.jpeg", "profile_sidebar_fill_color": "DDEEF6", "entities": {"description": {"urls": []}}, "followers_count": 19549, "profile_sidebar_border_color": "C0DEED", "id_str": "72882689", "profile_background_color": "C0DEED", "listed_count": 343, "is_translation_enabled": false, "utc_offset": -18000, "statuses_count": 163500, "description": "People sleep safely in their beds at night because rough men stand ready to do violence on their behalf. Crossfit, Glocks. You are never out of the fight.", "friends_count": 15216, "location": "Badassistan", "profile_link_color": "0084B4", "profile_image_url": "http://pbs.twimg.com/profile_images/430174998641123328/YWm0FV92_normal.jpeg", "following": false, "geo_enabled": false, "profile_banner_url": "https://pbs.twimg.com/profile_banners/72882689/1362023073", "profile_background_image_url": "http://abs.twimg.com/images/themes/theme1/bg.png", "name": "IPayMyJizyaWith.357", "lang": "en", "profile_background_tile": false, "favourites_count": 193, "screen_name": "SonofLiberty357", "notifications": false, "url": null, "created_at": "Wed Sep 09 15:50:55 +0000 2009", "contributors_enabled": false, "time_zone": "Central Time (US & Canada)", "protected": false, "default_profile": true, "is_translator": false}, "geo": null, "in_reply_to_user_id_str": "889024146", "lang": "en", "created_at": "Fri Mar 27 03:17:41 +0000 2015", "in_reply_to_status_id_str": "581293754893537280", "place": null}
