{"contributors": null, "truncated": false, "text": "@SonofLiberty357 @gatewaypundit Surprise surprise", "in_reply_to_status_id": 581287108607811584, "id": 581288266621722624, "favorite_count": 3, "source": "<a href=\"http://twitter.com/#!/download/ipad\" rel=\"nofollow\">Twitter for iPad</a>", "retweeted": false, "coordinates": null, "entities": {"symbols": [], "user_mentions": [{"id": 72882689, "indices": [0, 16], "id_str": "72882689", "screen_name": "SonofLiberty357", "name": "IPayMyJizyaWith.357"}, {"id": 19211550, "indices": [17, 31], "id_str": "19211550", "screen_name": "gatewaypundit", "name": "Jim Hoft"}], "hashtags": [], "urls": []}, "in_reply_to_screen_name": "SonofLiberty357", "id_str": "581288266621722624", "retweet_count": 1, "in_reply_to_user_id": 72882689, "favorited": false, "user": {"follow_request_sent": false, "profile_use_background_image": true, "profile_text_color": "333333", "default_profile_image": false, "id": 2880122418, "profile_background_image_url_https": "https://abs.twimg.com/images/themes/theme1/bg.png", "verified": false, "profile_location": null, "profile_image_url_https": "https://pbs.twimg.com/profile_images/579427430600810497/1tqZdsg1_normal.jpg", "profile_sidebar_fill_color": "DDEEF6", "entities": {"description": {"urls": []}}, "followers_count": 1328, "profile_sidebar_border_color": "C0DEED", "id_str": "2880122418", "profile_background_color": "C0DEED", "listed_count": 6, "is_translation_enabled": false, "utc_offset": null, "statuses_count": 4423, "description": "Catholic husband, father, seeker of truth. Love America, support the troops, reduce the government!", "friends_count": 2001, "location": "", "profile_link_color": "0084B4", "profile_image_url": "http://pbs.twimg.com/profile_images/579427430600810497/1tqZdsg1_normal.jpg", "following": false, "geo_enabled": false, "profile_background_image_url": "http://abs.twimg.com/images/themes/theme1/bg.png", "name": "David Lyons", "lang": "en", "profile_background_tile": false, "favourites_count": 1762, "screen_name": "lyonspride121", "notifications": false, "url": null, "created_at": "Tue Oct 28 00:58:36 +0000 2014", "contributors_enabled": false, "time_zone": null, "protected": false, "default_profile": true, "is_translator": false}, "geo": null, "in_reply_to_user_id_str": "72882689", "lang": "fr", "created_at": "Fri Mar 27 02:54:57 +0000 2015", "in_reply_to_status_id_str": "581287108607811584", "place": null}
