{"contributors": null, "truncated": false, "text": "@SonofLiberty357 @gatewaypundit Bets off.. I won...", "in_reply_to_status_id": 581287108607811584, "id": 581294271476551680, "favorite_count": 1, "source": "<a href=\"http://twitter.com/download/android\" rel=\"nofollow\">Twitter for Android</a>", "retweeted": false, "coordinates": null, "entities": {"symbols": [], "user_mentions": [{"id": 72882689, "indices": [0, 16], "id_str": "72882689", "screen_name": "SonofLiberty357", "name": "IPayMyJizyaWith.357"}, {"id": 19211550, "indices": [17, 31], "id_str": "19211550", "screen_name": "gatewaypundit", "name": "Jim Hoft"}], "hashtags": [], "urls": []}, "in_reply_to_screen_name": "SonofLiberty357", "id_str": "581294271476551680", "retweet_count": 2, "in_reply_to_user_id": 72882689, "favorited": false, "user": {"follow_request_sent": false, "profile_use_background_image": true, "profile_text_color": "333333", "default_profile_image": false, "id": 846330048, "profile_background_image_url_https": "https://pbs.twimg.com/profile_background_images/378800000001239395/fd00760ee19b2620168115241f14197b.jpeg", "verified": false, "profile_location": null, "profile_image_url_https": "https://pbs.twimg.com/profile_images/378800000007632014/6d5d6e85d8f52fcc134aabd92e44ff4e_normal.jpeg", "profile_sidebar_fill_color": "DDEEF6", "entities": {"description": {"urls": []}}, "followers_count": 2222, "profile_sidebar_border_color": "FFFFFF", "id_str": "846330048", "profile_background_color": "2CAFDE", "listed_count": 81, "is_translation_enabled": false, "utc_offset": -18000, "statuses_count": 33677, "description": "Child of God, saved by grace, patriot, pro-Israel, pro-life, pro-constitution, love my country and the one true God who made it, Jesus is Lord", "friends_count": 2438, "location": "midwest", "profile_link_color": "FF0000", "profile_image_url": "http://pbs.twimg.com/profile_images/378800000007632014/6d5d6e85d8f52fcc134aabd92e44ff4e_normal.jpeg", "following": false, "geo_enabled": true, "profile_banner_url": "https://pbs.twimg.com/profile_banners/846330048/1362289921", "profile_background_image_url": "http://pbs.twimg.com/profile_background_images/378800000001239395/fd00760ee19b2620168115241f14197b.jpeg", "name": "Gods Beloved", "lang": "en", "profile_background_tile": true, "favourites_count": 12394, "screen_name": "shonnarobinson", "notifications": false, "url": null, "created_at": "Tue Sep 25 22:35:14 +0000 2012", "contributors_enabled": false, "time_zone": "Central Time (US & Canada)", "protected": false, "default_profile": false, "is_translator": false}, "geo": null, "in_reply_to_user_id_str": "72882689", "lang": "en", "created_at": "Fri Mar 27 03:18:48 +0000 2015", "in_reply_to_status_id_str": "581287108607811584", "place": null}
