{"contributors": null, "truncated": false, "text": "@SonofLiberty357 @Psysamurai33317 @gatewaypundit \nI freakin' knew it!", "in_reply_to_status_id": 581287108607811584, "id": 581289105994043392, "favorite_count": 4, "source": "<a href=\"https://twitter.com/download/android\" rel=\"nofollow\">Twitter for Android Tablets</a>", "retweeted": false, "coordinates": null, "entities": {"symbols": [], "user_mentions": [{"id": 72882689, "indices": [0, 16], "id_str": "72882689", "screen_name": "SonofLiberty357", "name": "IPayMyJizyaWith.357"}, {"id": 563840329, "indices": [17, 33], "id_str": "563840329", "screen_name": "Psysamurai33317", "name": "Psysam"}, {"id": 19211550, "indices": [34, 48], "id_str": "19211550", "screen_name": "gatewaypundit", "name": "Jim Hoft"}], "hashtags": [], "urls": []}, "in_reply_to_screen_name": "SonofLiberty357", "id_str": "581289105994043392", "retweet_count": 1, "in_reply_to_user_id": 72882689, "favorited": false, "user": {"follow_request_sent": false, "profile_use_background_image": true, "profile_text_color": "3D1957", "default_profile_image": false, "id": 25974930, "profile_background_image_url_https": "https://pbs.twimg.com/profile_background_images/666808817/beda4b09ceb0e053ce6b72cefadf5b0f.jpeg", "verified": false, "profile_location": null, "profile_image_url_https": "https://pbs.twimg.com/profile_images/546468697057935360/TvHaiVB0_normal.jpeg", "profile_sidebar_fill_color": "7AC3EE", "entities": {"description": {"urls": []}}, "followers_count": 725, "profile_sidebar_border_color": "FFFFFF", "id_str": "25974930", "profile_background_color": "642D8B", "listed_count": 21, "is_translation_enabled": false, "utc_offset": -18000, "statuses_count": 6503, "description": "Born on da Bayou; Raised in da Swamp. Built by Marines; Hardened by Life. Polished by Faith; Saved by the Grace of God.", "friends_count": 534, "location": "Small Town USA", "profile_link_color": "FF0000", "profile_image_url": "http://pbs.twimg.com/profile_images/546468697057935360/TvHaiVB0_normal.jpeg", "following": false, "geo_enabled": false, "profile_banner_url": "https://pbs.twimg.com/profile_banners/25974930/1413751526", "profile_background_image_url": "http://pbs.twimg.com/profile_background_images/666808817/beda4b09ceb0e053ce6b72cefadf5b0f.jpeg", "name": "Bayou Marine", "lang": "en", "profile_background_tile": true, "favourites_count": 4065, "screen_name": "CajunJarhead", "notifications": false, "url": null, "created_at": "Mon Mar 23 09:05:52 +0000 2009", "contributors_enabled": false, "time_zone": "America/Chicago", "protected": false, "default_profile": false, "is_translator": false}, "geo": null, "in_reply_to_user_id_str": "72882689", "lang": "en", "created_at": "Fri Mar 27 02:58:17 +0000 2015", "in_reply_to_status_id_str": "581287108607811584", "place": null}
