{"contributors": null, "truncated": false, "text": "@SonofLiberty357 @gatewaypundit That's almost too clean isn't it? Who was on the passenger list? There is something more to this.", "in_reply_to_status_id": 581287108607811584, "id": 581288585275547648, "favorite_count": 2, "source": "<a href=\"http://twitter.com\" rel=\"nofollow\">Twitter Web Client</a>", "retweeted": false, "coordinates": null, "entities": {"symbols": [], "user_mentions": [{"id": 72882689, "indices": [0, 16], "id_str": "72882689", "screen_name": "SonofLiberty357", "name": "IPayMyJizyaWith.357"}, {"id": 19211550, "indices": [17, 31], "id_str": "19211550", "screen_name": "gatewaypundit", "name": "Jim Hoft"}], "hashtags": [], "urls": []}, "in_reply_to_screen_name": "SonofLiberty357", "id_str": "581288585275547648", "retweet_count": 2, "in_reply_to_user_id": 72882689, "favorited": false, "user": {"follow_request_sent": false, "profile_use_background_image": true, "profile_text_color": "666666", "default_profile_image": false, "id": 1450783692, "profile_background_image_url_https": "https://abs.twimg.com/images/themes/theme9/bg.gif", "verified": false, "profile_location": null, "profile_image_url_https": "https://pbs.twimg.com/profile_images/3713752765/e1facf6f2c85a08b16f756d1fcbf89be_normal.jpeg", "profile_sidebar_fill_color": "252429", "entities": {"description": {"urls": []}}, "followers_count": 1069, "profile_sidebar_border_color": "181A1E", "id_str": "1450783692", "profile_background_color": "1A1B1F", "listed_count": 20, "is_translation_enabled": false, "utc_offset": null, "statuses_count": 3153, "description": "Conservative with an attitude.  Retired veteran. Bill of Rights Constitutionalist.  Proud of our country and our military.", "friends_count": 1514, "location": "", "profile_link_color": "2FC2EF", "profile_image_url": "http://pbs.twimg.com/profile_images/3713752765/e1facf6f2c85a08b16f756d1fcbf89be_normal.jpeg", "following": false, "geo_enabled": false, "profile_banner_url": "https://pbs.twimg.com/profile_banners/1450783692/1369582156", "profile_background_image_url": "http://abs.twimg.com/images/themes/theme9/bg.gif", "name": "Eric Witcher", "lang": "en", "profile_background_tile": false, "favourites_count": 22, "screen_name": "20_watt", "notifications": false, "url": null, "created_at": "Thu May 23 07:38:24 +0000 2013", "contributors_enabled": false, "time_zone": null, "protected": false, "default_profile": false, "is_translator": false}, "geo": null, "in_reply_to_user_id_str": "72882689", "lang": "en", "created_at": "Fri Mar 27 02:56:13 +0000 2015", "in_reply_to_status_id_str": "581287108607811584", "place": null}
