{"contributors": null, "truncated": false, "text": "@SonofLiberty357 @peddoc63 @gatewaypundit Shock not! They are out to get us.", "in_reply_to_status_id": 581287108607811584, "id": 581290814820626432, "favorite_count": 2, "source": "<a href=\"http://twitter.com/download/iphone\" rel=\"nofollow\">Twitter for iPhone</a>", "retweeted": false, "coordinates": null, "entities": {"symbols": [], "user_mentions": [{"id": 72882689, "indices": [0, 16], "id_str": "72882689", "screen_name": "SonofLiberty357", "name": "IPayMyJizyaWith.357"}, {"id": 1379288282, "indices": [17, 26], "id_str": "1379288282", "screen_name": "peddoc63", "name": "Feisty\u2600\ufe0fFloridian"}, {"id": 19211550, "indices": [27, 41], "id_str": "19211550", "screen_name": "gatewaypundit", "name": "Jim Hoft"}], "hashtags": [], "urls": []}, "in_reply_to_screen_name": "SonofLiberty357", "id_str": "581290814820626432", "retweet_count": 1, "in_reply_to_user_id": 72882689, "favorited": false, "user": {"follow_request_sent": false, "profile_use_background_image": true, "profile_text_color": "663B12", "default_profile_image": false, "id": 30730765, "profile_background_image_url_https": "https://abs.twimg.com/images/themes/theme2/bg.gif", "verified": false, "profile_location": null, "profile_image_url_https": "https://pbs.twimg.com/profile_images/576254254840573952/8AaXrHho_normal.jpeg", "profile_sidebar_fill_color": "DAECF4", "entities": {"description": {"urls": []}}, "followers_count": 337, "profile_sidebar_border_color": "C6E2EE", "id_str": "30730765", "profile_background_color": "C6E2EE", "listed_count": 9, "is_translation_enabled": false, "utc_offset": null, "statuses_count": 12752, "description": "God/Family//Republican (old days)/Conserv/2GSDs/ProMilitary&LawEnforcement/Israel/Zerotolerance for desrepect/love meeting ppl. NRA Member", "friends_count": 291, "location": "Beyond the stars", "profile_link_color": "1F98C7", "profile_image_url": "http://pbs.twimg.com/profile_images/576254254840573952/8AaXrHho_normal.jpeg", "following": false, "geo_enabled": true, "profile_banner_url": "https://pbs.twimg.com/profile_banners/30730765/1422433831", "profile_background_image_url": "http://abs.twimg.com/images/themes/theme2/bg.gif", "name": "Laura", "lang": "en", "profile_background_tile": false, "favourites_count": 427, "screen_name": "littlepeep09", "notifications": false, "url": null, "created_at": "Sun Apr 12 21:53:19 +0000 2009", "contributors_enabled": false, "time_zone": null, "protected": false, "default_profile": false, "is_translator": false}, "geo": null, "in_reply_to_user_id_str": "72882689", "lang": "en", "created_at": "Fri Mar 27 03:05:04 +0000 2015", "in_reply_to_status_id_str": "581287108607811584", "place": null}
