{"contributors":null,"truncated":false,"text":"@SonofLiberty357 @gatewaypundit SHOCKER.","in_reply_to_status_id":581287108607811584,"id":581294155478884352,"favorite_count":1,"source":"<a href=\"http:\/\/twitter.com\" rel=\"nofollow\">Twitter Web Client<\/a>","retweeted":false,"coordinates":null,"entities":{"symbols":[],"user_mentions":[{"id":72882689,"indices":[0,16],"id_str":"72882689","screen_name":"SonofLiberty357","name":"IPayMyJizyaWith.357"},{"id":19211550,"indices":[17,31],"id_str":"19211550","screen_name":"gatewaypundit","name":"Jim Hoft"}],"hashtags":[],"urls":[]},"in_reply_to_screen_name":"SonofLiberty357","id_str":"581294155478884352","retweet_count":1,"in_reply_to_user_id":72882689,"favorited":false,"user":{"follow_request_sent":false,"profile_use_background_image":true,"profile_text_color":"333333","default_profile_image":false,"id":98534609,"profile_background_image_url_https":"https:\/\/pbs.twimg.com\/profile_background_images\/553025400008241152\/mNuQHJSM.jpeg","verified":false,"profile_location":null,"profile_image_url_https":"https:\/\/pbs.twimg.com\/profile_images\/586321906531336192\/i5NvrnuJ_normal.jpg","profile_sidebar_fill_color":"A0C5C7","entities":{"description":{"urls":[]}},"followers_count":2042,"profile_sidebar_border_color":"86A4A6","id_str":"98534609","profile_background_color":"709397","listed_count":0,"is_translation_enabled":false,"utc_offset":-25200,"statuses_count":10331,"description":"PUT ME ON A LIST=AUTOBLOCK NonPC,Don't Follow if UR offended by F- WORD\/ProNRA\/ProCoffee\/ProISRAEL NO LIBS\/NO PORN","friends_count":1909,"location":"USA","profile_link_color":"3B94D9","profile_image_url":"http:\/\/pbs.twimg.com\/profile_images\/586321906531336192\/i5NvrnuJ_normal.jpg","following":false,"geo_enabled":false,"profile_banner_url":"https:\/\/pbs.twimg.com\/profile_banners\/98534609\/1421013224","profile_background_image_url":"http:\/\/pbs.twimg.com\/profile_background_images\/553025400008241152\/mNuQHJSM.jpeg","name":"wlmbug","lang":"en","profile_background_tile":true,"favourites_count":20816,"screen_name":"tweetwen115","notifications":false,"url":null,"created_at":"Tue Dec 22 03:14:17 +0000 2009","contributors_enabled":false,"time_zone":"Arizona","protected":false,"default_profile":false,"is_translator":false},"geo":null,"in_reply_to_user_id_str":"72882689","lang":"en","created_at":"Fri Mar 27 03:18:21 +0000 2015","in_reply_to_status_id_str":"581287108607811584","place":null}