{"contributors": null, "truncated": false, "text": "@SonofLiberty357 @gatewaypundit Imagine that.. And he even had a Job..\nOh well, I guess it's Bushes fault..", "in_reply_to_status_id": 581287108607811584, "id": 581294259044679680, "favorite_count": 2, "source": "<a href=\"http://twitter.com\" rel=\"nofollow\">Twitter Web Client</a>", "retweeted": false, "coordinates": null, "entities": {"symbols": [], "user_mentions": [{"id": 72882689, "indices": [0, 16], "id_str": "72882689", "screen_name": "SonofLiberty357", "name": "IPayMyJizyaWith.357"}, {"id": 19211550, "indices": [17, 31], "id_str": "19211550", "screen_name": "gatewaypundit", "name": "Jim Hoft"}], "hashtags": [], "urls": []}, "in_reply_to_screen_name": "SonofLiberty357", "id_str": "581294259044679680", "retweet_count": 1, "in_reply_to_user_id": 72882689, "favorited": false, "user": {"follow_request_sent": false, "profile_use_background_image": true, "profile_text_color": "333333", "default_profile_image": false, "id": 15917046, "profile_background_image_url_https": "https://abs.twimg.com/images/themes/theme8/bg.gif", "verified": false, "profile_location": null, "profile_image_url_https": "https://pbs.twimg.com/profile_images/378800000766082039/a2d90276be3edf3bb5b955b163ce0572_normal.png", "profile_sidebar_fill_color": "EADEAA", "entities": {"description": {"urls": []}}, "followers_count": 1349, "profile_sidebar_border_color": "D9B17E", "id_str": "15917046", "profile_background_color": "8B542B", "listed_count": 16, "is_translation_enabled": false, "utc_offset": -18000, "statuses_count": 1924, "description": "Political Troll Hunter", "friends_count": 1764, "location": "Chicago ex patriot in Texas ", "profile_link_color": "9D582E", "profile_image_url": "http://pbs.twimg.com/profile_images/378800000766082039/a2d90276be3edf3bb5b955b163ce0572_normal.png", "following": false, "geo_enabled": true, "profile_banner_url": "https://pbs.twimg.com/profile_banners/15917046/1390918245", "profile_background_image_url": "http://abs.twimg.com/images/themes/theme8/bg.gif", "name": "Big Dog", "lang": "en", "profile_background_tile": false, "favourites_count": 369, "screen_name": "kenk22", "notifications": false, "url": null, "created_at": "Wed Aug 20 13:00:04 +0000 2008", "contributors_enabled": false, "time_zone": "Central Time (US & Canada)", "protected": false, "default_profile": false, "is_translator": false}, "geo": null, "in_reply_to_user_id_str": "72882689", "lang": "en", "created_at": "Fri Mar 27 03:18:45 +0000 2015", "in_reply_to_status_id_str": "581287108607811584", "place": null}
