{"contributors": null, "truncated": false, "text": "@SonofLiberty357 @lyonspride121 @gatewaypundit if true we now know why state dept immediately claimed his religion was not germane", "in_reply_to_status_id": 581287108607811584, "id": 581292265118806016, "favorite_count": 3, "source": "<a href=\"http://twitter.com/download/iphone\" rel=\"nofollow\">Twitter for iPhone</a>", "retweeted": false, "coordinates": null, "entities": {"symbols": [], "user_mentions": [{"id": 72882689, "indices": [0, 16], "id_str": "72882689", "screen_name": "SonofLiberty357", "name": "IPayMyJizyaWith.357"}, {"id": 2880122418, "indices": [17, 31], "id_str": "2880122418", "screen_name": "lyonspride121", "name": "David Lyons"}, {"id": 19211550, "indices": [32, 46], "id_str": "19211550", "screen_name": "gatewaypundit", "name": "Jim Hoft"}], "hashtags": [], "urls": []}, "in_reply_to_screen_name": "SonofLiberty357", "id_str": "581292265118806016", "retweet_count": 1, "in_reply_to_user_id": 72882689, "favorited": false, "user": {"follow_request_sent": false, "profile_use_background_image": true, "profile_text_color": "362720", "default_profile_image": false, "id": 71545482, "profile_background_image_url_https": "https://abs.twimg.com/images/themes/theme17/bg.gif", "verified": false, "profile_location": null, "profile_image_url_https": "https://pbs.twimg.com/profile_images/515270866507010049/SreWwn0z_normal.jpeg", "profile_sidebar_fill_color": "E5507E", "entities": {"description": {"urls": []}}, "followers_count": 422, "profile_sidebar_border_color": "CC3366", "id_str": "71545482", "profile_background_color": "F5ABB5", "listed_count": 2, "is_translation_enabled": false, "utc_offset": -18000, "statuses_count": 2594, "description": "I'm a conservative working mother of two. Outnumbered and outspoken in liberal Boston.", "friends_count": 399, "location": "Boston", "profile_link_color": "CC3366", "profile_image_url": "http://pbs.twimg.com/profile_images/515270866507010049/SreWwn0z_normal.jpeg", "following": false, "geo_enabled": true, "profile_banner_url": "https://pbs.twimg.com/profile_banners/71545482/1426551018", "profile_background_image_url": "http://abs.twimg.com/images/themes/theme17/bg.gif", "name": "Rebecca", "lang": "en", "profile_background_tile": false, "favourites_count": 1352, "screen_name": "2timeslucky", "notifications": false, "url": null, "created_at": "Fri Sep 04 14:19:05 +0000 2009", "contributors_enabled": false, "time_zone": "Quito", "protected": false, "default_profile": false, "is_translator": false}, "geo": null, "in_reply_to_user_id_str": "72882689", "lang": "en", "created_at": "Fri Mar 27 03:10:50 +0000 2015", "in_reply_to_status_id_str": "581287108607811584", "place": null}
