{"contributors":null,"truncated":false,"text":"I wondered: jihad or Prozac? Both? @SonofLiberty357 @gatewaypundit","in_reply_to_status_id":581287108607811584,"id":581290717063962624,"favorite_count":3,"source":"<a href=\"http:\/\/twitter.com\" rel=\"nofollow\">Twitter Web Client<\/a>","retweeted":false,"coordinates":null,"entities":{"symbols":[],"user_mentions":[{"id":72882689,"indices":[35,51],"id_str":"72882689","screen_name":"SonofLiberty357","name":"IPayMyJizyaWith.357"},{"id":19211550,"indices":[52,66],"id_str":"19211550","screen_name":"gatewaypundit","name":"Jim Hoft"}],"hashtags":[],"urls":[]},"in_reply_to_screen_name":"SonofLiberty357","id_str":"581290717063962624","retweet_count":1,"in_reply_to_user_id":72882689,"favorited":false,"user":{"follow_request_sent":false,"profile_use_background_image":true,"profile_text_color":"3C3940","default_profile_image":false,"id":926286956,"profile_background_image_url_https":"https:\/\/pbs.twimg.com\/profile_background_images\/378800000029701987\/4e2110a186dfd14fd845e998c5bd4565.jpeg","verified":false,"profile_location":null,"profile_image_url_https":"https:\/\/pbs.twimg.com\/profile_images\/589874570154233856\/gQO-vsfz_normal.jpg","profile_sidebar_fill_color":"95E8EC","entities":{"description":{"urls":[]}},"followers_count":1641,"profile_sidebar_border_color":"000000","id_str":"926286956","profile_background_color":"0000B8","listed_count":28,"is_translation_enabled":false,"utc_offset":-25200,"statuses_count":9611,"description":"Working class broad. Logic, decency, self reliance and common sense. ~The climate is full of lies~in the air~every day everywhere. Staying sane, barely.","friends_count":1573,"location":"Zombieland aka California","profile_link_color":"00A3B8","profile_image_url":"http:\/\/pbs.twimg.com\/profile_images\/589874570154233856\/gQO-vsfz_normal.jpg","following":false,"geo_enabled":false,"profile_banner_url":"https:\/\/pbs.twimg.com\/profile_banners\/926286956\/1427340891","profile_background_image_url":"http:\/\/pbs.twimg.com\/profile_background_images\/378800000029701987\/4e2110a186dfd14fd845e998c5bd4565.jpeg","name":"Maggie High Horse","lang":"en","profile_background_tile":false,"favourites_count":125,"screen_name":"MiniMagg","notifications":false,"url":null,"created_at":"Sun Nov 04 22:14:02 +0000 2012","contributors_enabled":false,"time_zone":"Pacific Time (US & Canada)","protected":false,"default_profile":false,"is_translator":false},"geo":null,"in_reply_to_user_id_str":"72882689","lang":"en","created_at":"Fri Mar 27 03:04:41 +0000 2015","in_reply_to_status_id_str":"581287108607811584","place":null}