{"contributors": null, "truncated": false, "text": "@LodiSilverado @SonofLiberty357 @gatewaypundit I, too, am shocked...Shocked! #tcot http://t.co/9eRvQOmceI", "in_reply_to_status_id": 581293754893537280, "id": 581295602534871040, "favorite_count": 1, "source": "<a href=\"http://twitter.com\" rel=\"nofollow\">Twitter Web Client</a>", "retweeted": false, "coordinates": null, "entities": {"symbols": [], "user_mentions": [{"id": 889024146, "indices": [0, 14], "id_str": "889024146", "screen_name": "LodiSilverado", "name": "Lodi Silverado"}, {"id": 72882689, "indices": [15, 31], "id_str": "72882689", "screen_name": "SonofLiberty357", "name": "IPayMyJizyaWith.357"}, {"id": 19211550, "indices": [32, 46], "id_str": "19211550", "screen_name": "gatewaypundit", "name": "Jim Hoft"}], "hashtags": [{"indices": [77, 82], "text": "tcot"}], "urls": [], "media": [{"expanded_url": "http://twitter.com/gwbehn/status/581295602534871040/photo/1", "display_url": "pic.twitter.com/9eRvQOmceI", "url": "http://t.co/9eRvQOmceI", "media_url_https": "https://pbs.twimg.com/media/CBEtRTNXEAAXuO3.jpg", "id_str": "581295602144841728", "sizes": {"small": {"h": 249, "resize": "fit", "w": 300}, "large": {"h": 249, "resize": "fit", "w": 300}, "medium": {"h": 249, "resize": "fit", "w": 300}, "thumb": {"h": 150, "resize": "crop", "w": 150}}, "indices": [83, 105], "type": "photo", "id": 581295602144841728, "media_url": "http://pbs.twimg.com/media/CBEtRTNXEAAXuO3.jpg"}]}, "in_reply_to_screen_name": "LodiSilverado", "id_str": "581295602534871040", "retweet_count": 1, "in_reply_to_user_id": 889024146, "favorited": false, "user": {"follow_request_sent": false, "profile_use_background_image": true, "profile_text_color": "333333", "default_profile_image": false, "id": 841704092, "profile_background_image_url_https": "https://abs.twimg.com/images/themes/theme1/bg.png", "verified": false, "profile_location": null, "profile_image_url_https": "https://pbs.twimg.com/profile_images/2648779082/8d40c8bf08c435b88e2a481740e74a88_normal.jpeg", "profile_sidebar_fill_color": "DDEEF6", "entities": {"description": {"urls": []}}, "followers_count": 1002, "profile_sidebar_border_color": "C0DEED", "id_str": "841704092", "profile_background_color": "C0DEED", "listed_count": 26, "is_translation_enabled": false, "utc_offset": -14400, "statuses_count": 18008, "description": "Patriot; Common Sense Conservative; Supporter of U.S. Constitution & Military; Been Around & Done A Lot!", "friends_count": 858, "location": "USA", "profile_link_color": "0084B4", "profile_image_url": "http://pbs.twimg.com/profile_images/2648779082/8d40c8bf08c435b88e2a481740e74a88_normal.jpeg", "following": false, "geo_enabled": false, "profile_background_image_url": "http://abs.twimg.com/images/themes/theme1/bg.png", "name": "G. Behn", "lang": "en", "profile_background_tile": false, "favourites_count": 30, "screen_name": "gwbehn", "notifications": false, "url": null, "created_at": "Sun Sep 23 13:22:49 +0000 2012", "contributors_enabled": false, "time_zone": "Eastern Time (US & Canada)", "protected": false, "default_profile": true, "is_translator": false}, "geo": null, "in_reply_to_user_id_str": "889024146", "possibly_sensitive": false, "possibly_sensitive_appealable": false, "lang": "en", "created_at": "Fri Mar 27 03:24:06 +0000 2015", "in_reply_to_status_id_str": "581293754893537280", "place": null, "extended_entities": {"media": [{"expanded_url": "http://twitter.com/gwbehn/status/581295602534871040/photo/1", "display_url": "pic.twitter.com/9eRvQOmceI", "url": "http://t.co/9eRvQOmceI", "media_url_https": "https://pbs.twimg.com/media/CBEtRTNXEAAXuO3.jpg", "id_str": "581295602144841728", "sizes": {"small": {"h": 249, "resize": "fit", "w": 300}, "large": {"h": 249, "resize": "fit", "w": 300}, "medium": {"h": 249, "resize": "fit", "w": 300}, "thumb": {"h": 150, "resize": "crop", "w": 150}}, "indices": [83, 105], "type": "photo", "id": 581295602144841728, "media_url": "http://pbs.twimg.com/media/CBEtRTNXEAAXuO3.jpg"}]}}
