{"contributors": null, "truncated": false, "text": "@elisamich0422 @SonofLiberty357 @gatewaypundit You just KNEW this was coming.", "in_reply_to_status_id": 581287965646688256, "id": 581290548125777920, "favorite_count": 4, "source": "<a href=\"http://twitter.com\" rel=\"nofollow\">Twitter Web Client</a>", "retweeted": false, "coordinates": null, "entities": {"symbols": [], "user_mentions": [{"id": 2863774500, "indices": [0, 14], "id_str": "2863774500", "screen_name": "elisamich0422", "name": "Elisa Michaels"}, {"id": 72882689, "indices": [15, 31], "id_str": "72882689", "screen_name": "SonofLiberty357", "name": "IPayMyJizyaWith.357"}, {"id": 19211550, "indices": [32, 46], "id_str": "19211550", "screen_name": "gatewaypundit", "name": "Jim Hoft"}], "hashtags": [], "urls": []}, "in_reply_to_screen_name": "elisamich0422", "id_str": "581290548125777920", "retweet_count": 2, "in_reply_to_user_id": 2863774500, "favorited": false, "user": {"follow_request_sent": false, "profile_use_background_image": true, "profile_text_color": "333333", "default_profile_image": false, "id": 299190586, "profile_background_image_url_https": "https://pbs.twimg.com/profile_background_images/378800000093774273/39fc787009c40ba7a87a80d66f4180ef.jpeg", "verified": false, "profile_location": null, "profile_image_url_https": "https://pbs.twimg.com/profile_images/378800000720881066/eb71d9f921ad00062726e8992653a576_normal.jpeg", "profile_sidebar_fill_color": "A0C5C7", "entities": {"url": {"urls": [{"url": "http://t.co/ySbOlFUr6d", "indices": [0, 22], "expanded_url": "http://www.focusatinfinity.com", "display_url": "focusatinfinity.com"}]}, "description": {"urls": []}}, "followers_count": 2084, "profile_sidebar_border_color": "000000", "id_str": "299190586", "profile_background_color": "709397", "listed_count": 27, "is_translation_enabled": false, "utc_offset": -18000, "statuses_count": 12567, "description": "Weekend photographer and aspiring political hack", "friends_count": 2230, "location": "", "profile_link_color": "FF3300", "profile_image_url": "http://pbs.twimg.com/profile_images/378800000720881066/eb71d9f921ad00062726e8992653a576_normal.jpeg", "following": false, "geo_enabled": false, "profile_background_image_url": "http://pbs.twimg.com/profile_background_images/378800000093774273/39fc787009c40ba7a87a80d66f4180ef.jpeg", "name": "Che's Little Brother", "lang": "en", "profile_background_tile": true, "favourites_count": 4, "screen_name": "oldhickory49", "notifications": false, "url": "http://t.co/ySbOlFUr6d", "created_at": "Sun May 15 17:17:05 +0000 2011", "contributors_enabled": false, "time_zone": "Central Time (US & Canada)", "protected": false, "default_profile": false, "is_translator": false}, "geo": null, "in_reply_to_user_id_str": "2863774500", "lang": "en", "created_at": "Fri Mar 27 03:04:01 +0000 2015", "in_reply_to_status_id_str": "581287965646688256", "place": null}
