{"contributors": null, "truncated": false, "text": "Well, well, well! @SonofLiberty357 @gatewaypundit http://t.co/hkTxbfRKAx", "in_reply_to_status_id": 581287108607811584, "id": 581293754893537280, "favorite_count": 5, "source": "<a href=\"http://twitter.com/download/iphone\" rel=\"nofollow\">Twitter for iPhone</a>", "retweeted": false, "coordinates": null, "entities": {"symbols": [], "user_mentions": [{"id": 72882689, "indices": [18, 34], "id_str": "72882689", "screen_name": "SonofLiberty357", "name": "IPayMyJizyaWith.357"}, {"id": 19211550, "indices": [35, 49], "id_str": "19211550", "screen_name": "gatewaypundit", "name": "Jim Hoft"}], "hashtags": [], "urls": [], "media": [{"expanded_url": "http://twitter.com/LodiSilverado/status/581293754893537280/photo/1", "display_url": "pic.twitter.com/hkTxbfRKAx", "url": "http://t.co/hkTxbfRKAx", "media_url_https": "https://pbs.twimg.com/media/CBErloeUgAAkMOG.jpg", "id_str": "581293752427249664", "sizes": {"small": {"h": 310, "resize": "fit", "w": 257}, "large": {"h": 310, "resize": "fit", "w": 257}, "medium": {"h": 310, "resize": "fit", "w": 257}, "thumb": {"h": 150, "resize": "crop", "w": 150}}, "indices": [50, 72], "type": "photo", "id": 581293752427249664, "media_url": "http://pbs.twimg.com/media/CBErloeUgAAkMOG.jpg"}]}, "in_reply_to_screen_name": "SonofLiberty357", "id_str": "581293754893537280", "retweet_count": 6, "in_reply_to_user_id": 72882689, "favorited": false, "user": {"follow_request_sent": false, "profile_use_background_image": true, "profile_text_color": "333333", "default_profile_image": false, "id": 889024146, "profile_background_image_url_https": "https://abs.twimg.com/images/themes/theme1/bg.png", "verified": false, "profile_location": null, "profile_image_url_https": "https://pbs.twimg.com/profile_images/494166379604357120/hzCx2A3J_normal.png", "profile_sidebar_fill_color": "DDEEF6", "entities": {"description": {"urls": []}}, "followers_count": 13678, "profile_sidebar_border_color": "C0DEED", "id_str": "889024146", "profile_background_color": "C0DEED", "listed_count": 261, "is_translation_enabled": false, "utc_offset": -25200, "statuses_count": 158198, "description": "American TeaParty Patriot ~ As of 12/10/2014 I no longer support the GOP or any of its candidates. Love Palin, Cruz & West. Hope they go 2nd Party!", "friends_count": 10116, "location": "California", "profile_link_color": "0084B4", "profile_image_url": "http://pbs.twimg.com/profile_images/494166379604357120/hzCx2A3J_normal.png", "following": false, "geo_enabled": false, "profile_banner_url": "https://pbs.twimg.com/profile_banners/889024146/1386990404", "profile_background_image_url": "http://abs.twimg.com/images/themes/theme1/bg.png", "name": "Lodi Silverado", "lang": "en", "profile_background_tile": false, "favourites_count": 24989, "screen_name": "LodiSilverado", "notifications": false, "url": null, "created_at": "Thu Oct 18 14:54:32 +0000 2012", "contributors_enabled": false, "time_zone": "Pacific Time (US & Canada)", "protected": false, "default_profile": true, "is_translator": false}, "geo": null, "in_reply_to_user_id_str": "72882689", "possibly_sensitive": false, "possibly_sensitive_appealable": false, "lang": "en", "created_at": "Fri Mar 27 03:16:45 +0000 2015", "in_reply_to_status_id_str": "581287108607811584", "place": null, "extended_entities": {"media": [{"expanded_url": "http://twitter.com/LodiSilverado/status/581293754893537280/photo/1", "display_url": "pic.twitter.com/hkTxbfRKAx", "url": "http://t.co/hkTxbfRKAx", "media_url_https": "https://pbs.twimg.com/media/CBErloeUgAAkMOG.jpg", "id_str": "581293752427249664", "sizes": {"small": {"h": 310, "resize": "fit", "w": 257}, "large": {"h": 310, "resize": "fit", "w": 257}, "medium": {"h": 310, "resize": "fit", "w": 257}, "thumb": {"h": 150, "resize": "crop", "w": 150}}, "indices": [50, 72], "type": "photo", "id": 581293752427249664, "media_url": "http://pbs.twimg.com/media/CBErloeUgAAkMOG.jpg"}]}}
