{"contributors": null, "truncated": false, "text": "@LodiSilverado @SonofLiberty357 @gatewaypundit Hm, wonder how many other crashes have been?", "in_reply_to_status_id": 581293754893537280, "id": 581295658591748096, "favorite_count": 0, "source": "<a href=\"http://twitter.com\" rel=\"nofollow\">Twitter Web Client</a>", "retweeted": false, "coordinates": null, "entities": {"symbols": [], "user_mentions": [{"id": 889024146, "indices": [0, 14], "id_str": "889024146", "screen_name": "LodiSilverado", "name": "Lodi Silverado"}, {"id": 72882689, "indices": [15, 31], "id_str": "72882689", "screen_name": "SonofLiberty357", "name": "IPayMyJizyaWith.357"}, {"id": 19211550, "indices": [32, 46], "id_str": "19211550", "screen_name": "gatewaypundit", "name": "Jim Hoft"}], "hashtags": [], "urls": []}, "in_reply_to_screen_name": "LodiSilverado", "id_str": "581295658591748096", "retweet_count": 1, "in_reply_to_user_id": 889024146, "favorited": false, "user": {"follow_request_sent": false, "profile_use_background_image": true, "profile_text_color": "333333", "default_profile_image": false, "id": 58343459, "profile_background_image_url_https": "https://pbs.twimg.com/profile_background_images/437968130032152576/suA06zd1.jpeg", "verified": false, "profile_location": null, "profile_image_url_https": "https://pbs.twimg.com/profile_images/505164867293036544/9Tj4one6_normal.jpeg", "profile_sidebar_fill_color": "DDEEF6", "entities": {"url": {"urls": [{"url": "http://t.co/3ftM5BLIZY", "indices": [0, 22], "expanded_url": "http://www.katemorrisauthor.com", "display_url": "katemorrisauthor.com"}]}, "description": {"urls": [{"url": "http://t.co/MvBzU5UpUZ", "indices": [130, 152], "expanded_url": "http://www.amazon.com/dp/B00JM1GY0S", "display_url": "amazon.com/dp/B00JM1GY0S"}]}}, "followers_count": 2852, "profile_sidebar_border_color": "FFFFFF", "id_str": "58343459", "profile_background_color": "C0DEED", "listed_count": 47, "is_translation_enabled": false, "utc_offset": -14400, "statuses_count": 4965, "description": "Author of: The McClane Apocalypse Trilogy out now. Love God & #2A, oh and my family's ok, too. Supporter of the US Military #RLTW http://t.co/MvBzU5UpUZ", "friends_count": 2876, "location": "@TheMcClaneApocalypse", "profile_link_color": "0084B4", "profile_image_url": "http://pbs.twimg.com/profile_images/505164867293036544/9Tj4one6_normal.jpeg", "following": false, "geo_enabled": true, "profile_banner_url": "https://pbs.twimg.com/profile_banners/58343459/1411998808", "profile_background_image_url": "http://pbs.twimg.com/profile_background_images/437968130032152576/suA06zd1.jpeg", "name": "kate morris", "lang": "en", "profile_background_tile": false, "favourites_count": 10001, "screen_name": "McClaneApocalyp", "notifications": false, "url": "http://t.co/3ftM5BLIZY", "created_at": "Mon Jul 20 01:01:17 +0000 2009", "contributors_enabled": false, "time_zone": "Eastern Time (US & Canada)", "protected": false, "default_profile": false, "is_translator": false}, "geo": null, "in_reply_to_user_id_str": "889024146", "lang": "en", "created_at": "Fri Mar 27 03:24:19 +0000 2015", "in_reply_to_status_id_str": "581293754893537280", "place": null}
