{"contributors": null, "truncated": false, "text": "@SonofLiberty357 @Psysamurai33317 @gatewaypundit Probably driven to crash that aircraft by those evil Christians and Crusades BO will say.", "in_reply_to_status_id": 581287108607811584, "id": 581288834270412800, "favorite_count": 3, "source": "<a href=\"http://twitter.com/download/iphone\" rel=\"nofollow\">Twitter for iPhone</a>", "retweeted": false, "coordinates": null, "entities": {"symbols": [], "user_mentions": [{"id": 72882689, "indices": [0, 16], "id_str": "72882689", "screen_name": "SonofLiberty357", "name": "IPayMyJizyaWith.357"}, {"id": 563840329, "indices": [17, 33], "id_str": "563840329", "screen_name": "Psysamurai33317", "name": "Psysam"}, {"id": 19211550, "indices": [34, 48], "id_str": "19211550", "screen_name": "gatewaypundit", "name": "Jim Hoft"}], "hashtags": [], "urls": []}, "in_reply_to_screen_name": "SonofLiberty357", "id_str": "581288834270412800", "retweet_count": 1, "in_reply_to_user_id": 72882689, "favorited": false, "user": {"follow_request_sent": false, "profile_use_background_image": true, "profile_text_color": "333333", "default_profile_image": false, "id": 2283986240, "profile_background_image_url_https": "https://abs.twimg.com/images/themes/theme1/bg.png", "verified": false, "profile_location": null, "profile_image_url_https": "https://pbs.twimg.com/profile_images/512998833706373120/fqsEBUBl_normal.jpeg", "profile_sidebar_fill_color": "DDEEF6", "entities": {"description": {"urls": []}}, "followers_count": 112, "profile_sidebar_border_color": "C0DEED", "id_str": "2283986240", "profile_background_color": "C0DEED", "listed_count": 4, "is_translation_enabled": false, "utc_offset": -14400, "statuses_count": 1070, "description": "Christian Conservative Libertarian Patriot who loves this Country  and believes that with God's help, it can be great again! I Standby and Support Israel.", "friends_count": 137, "location": "", "profile_link_color": "0084B4", "profile_image_url": "http://pbs.twimg.com/profile_images/512998833706373120/fqsEBUBl_normal.jpeg", "following": false, "geo_enabled": true, "profile_background_image_url": "http://abs.twimg.com/images/themes/theme1/bg.png", "name": "Michael Anthony", "lang": "en", "profile_background_tile": false, "favourites_count": 229, "screen_name": "aalpm11", "notifications": false, "url": null, "created_at": "Thu Jan 09 18:59:54 +0000 2014", "contributors_enabled": false, "time_zone": "Eastern Time (US & Canada)", "protected": false, "default_profile": true, "is_translator": false}, "geo": null, "in_reply_to_user_id_str": "72882689", "lang": "en", "created_at": "Fri Mar 27 02:57:12 +0000 2015", "in_reply_to_status_id_str": "581287108607811584", "place": null}
