{"contributors": null, "truncated": false, "text": "@ShahapurkarAnil @LodiSilverado @SonofLiberty357 lol", "in_reply_to_status_id": 581295747762618368, "id": 581373962044620800, "favorite_count": 2, "source": "<a href=\"http://twitter.com/download/iphone\" rel=\"nofollow\">Twitter for iPhone</a>", "retweeted": false, "coordinates": null, "entities": {"symbols": [], "user_mentions": [{"id": 2221404181, "indices": [0, 16], "id_str": "2221404181", "screen_name": "ShahapurkarAnil", "name": "Anil shahapurkar"}, {"id": 889024146, "indices": [17, 31], "id_str": "889024146", "screen_name": "LodiSilverado", "name": "Lodi Silverado"}, {"id": 72882689, "indices": [32, 48], "id_str": "72882689", "screen_name": "SonofLiberty357", "name": "IPayMyJizyaWith.357"}], "hashtags": [], "urls": []}, "in_reply_to_screen_name": "ShahapurkarAnil", "id_str": "581373962044620800", "retweet_count": 1, "in_reply_to_user_id": 2221404181, "favorited": false, "user": {"follow_request_sent": false, "profile_use_background_image": true, "profile_text_color": "333333", "default_profile_image": false, "id": 2896380156, "profile_background_image_url_https": "https://abs.twimg.com/images/themes/theme1/bg.png", "verified": false, "profile_location": null, "profile_image_url_https": "https://pbs.twimg.com/profile_images/567984056671809536/iz6rQn2U_normal.jpeg", "profile_sidebar_fill_color": "DDEEF6", "entities": {"description": {"urls": []}}, "followers_count": 1473, "profile_sidebar_border_color": "C0DEED", "id_str": "2896380156", "profile_background_color": "C0DEED", "listed_count": 9, "is_translation_enabled": false, "utc_offset": 36000, "statuses_count": 5094, "description": "Freedom enthusiast.", "friends_count": 1482, "location": "Australia", "profile_link_color": "0084B4", "profile_image_url": "http://pbs.twimg.com/profile_images/567984056671809536/iz6rQn2U_normal.jpeg", "following": false, "geo_enabled": false, "profile_banner_url": "https://pbs.twimg.com/profile_banners/2896380156/1422268840", "profile_background_image_url": "http://abs.twimg.com/images/themes/theme1/bg.png", "name": "Lisa", "lang": "en", "profile_background_tile": false, "favourites_count": 4177, "screen_name": "bean3ie", "notifications": false, "url": null, "created_at": "Tue Nov 11 10:43:36 +0000 2014", "contributors_enabled": false, "time_zone": "Brisbane", "protected": false, "default_profile": true, "is_translator": false}, "geo": null, "in_reply_to_user_id_str": "2221404181", "lang": "und", "created_at": "Fri Mar 27 08:35:28 +0000 2015", "in_reply_to_status_id_str": "581295747762618368", "place": null}
