{"contributors":null,"truncated":false,"text":"@CajunJarhead @SonofLiberty357 @Psysamurai33317 @gatewaypundit I saw this same article yesterday but other medias not confirming this - yet","in_reply_to_status_id":581289105994043392,"id":581619483464245248,"favorite_count":1,"source":"<a href=\"http:\/\/twitter.com\" rel=\"nofollow\">Twitter Web Client<\/a>","retweeted":false,"coordinates":null,"entities":{"symbols":[],"user_mentions":[{"id":25974930,"indices":[0,13],"id_str":"25974930","screen_name":"CajunJarhead","name":"Bayou Marine"},{"id":72882689,"indices":[14,30],"id_str":"72882689","screen_name":"SonofLiberty357","name":"IPayMyJizyaWith.357"},{"id":563840329,"indices":[31,47],"id_str":"563840329","screen_name":"Psysamurai33317","name":"Psysam"},{"id":19211550,"indices":[48,62],"id_str":"19211550","screen_name":"gatewaypundit","name":"Jim Hoft"}],"hashtags":[],"urls":[]},"in_reply_to_screen_name":"CajunJarhead","id_str":"581619483464245248","retweet_count":1,"in_reply_to_user_id":25974930,"favorited":false,"user":{"follow_request_sent":false,"profile_use_background_image":true,"profile_text_color":"39BD91","default_profile_image":false,"id":264595508,"profile_background_image_url_https":"https:\/\/pbs.twimg.com\/profile_background_images\/781338753\/d3337f4a0488aaada2c7e54b6bce1f14.jpeg","verified":false,"profile_location":null,"profile_image_url_https":"https:\/\/pbs.twimg.com\/profile_images\/584942095745449984\/Q-WJl6Oj_normal.jpg","profile_sidebar_fill_color":"0E0D02","entities":{"description":{"urls":[]}},"followers_count":1312,"profile_sidebar_border_color":"BEDFB6","id_str":"264595508","profile_background_color":"0E0D02","listed_count":36,"is_translation_enabled":false,"utc_offset":-25200,"statuses_count":5704,"description":"Patriot, Entrepreneur, Mentor, Motivator, Believer, Fitness & Health, Nutrition, Love Sports, Dance Fanatic. #LetsMakeItRight","friends_count":1786,"location":"","profile_link_color":"895429","profile_image_url":"http:\/\/pbs.twimg.com\/profile_images\/584942095745449984\/Q-WJl6Oj_normal.jpg","following":false,"geo_enabled":false,"profile_banner_url":"https:\/\/pbs.twimg.com\/profile_banners\/264595508\/1426912652","profile_background_image_url":"http:\/\/pbs.twimg.com\/profile_background_images\/781338753\/d3337f4a0488aaada2c7e54b6bce1f14.jpeg","name":"Cjmurk","lang":"en","profile_background_tile":false,"favourites_count":2317,"screen_name":"cheydakjo","notifications":false,"url":null,"created_at":"Sat Mar 12 04:33:56 +0000 2011","contributors_enabled":false,"time_zone":"Pacific Time (US & Canada)","protected":false,"default_profile":false,"is_translator":false},"geo":null,"in_reply_to_user_id_str":"25974930","lang":"en","created_at":"Sat Mar 28 00:51:05 +0000 2015","in_reply_to_status_id_str":"581289105994043392","place":null}