{"contributors": null, "truncated": false, "text": "@cheydakjo @CajunJarhead @SonofLiberty357 @gatewaypundit I do not believe any media will.", "in_reply_to_status_id": 581619483464245248, "id": 581817264384679937, "favorite_count": 2, "source": "<a href=\"https://mobile.twitter.com\" rel=\"nofollow\">Mobile Web (M5)</a>", "retweeted": false, "coordinates": null, "entities": {"symbols": [], "user_mentions": [{"id": 264595508, "indices": [0, 10], "id_str": "264595508", "screen_name": "cheydakjo", "name": "Cjmurk"}, {"id": 25974930, "indices": [11, 24], "id_str": "25974930", "screen_name": "CajunJarhead", "name": "Bayou Marine"}, {"id": 72882689, "indices": [25, 41], "id_str": "72882689", "screen_name": "SonofLiberty357", "name": "IPayMyJizyaWith.357"}, {"id": 19211550, "indices": [42, 56], "id_str": "19211550", "screen_name": "gatewaypundit", "name": "Jim Hoft"}], "hashtags": [], "urls": []}, "in_reply_to_screen_name": "cheydakjo", "id_str": "581817264384679937", "retweet_count": 1, "in_reply_to_user_id": 264595508, "favorited": false, "user": {"follow_request_sent": false, "profile_use_background_image": true, "profile_text_color": "333333", "default_profile_image": false, "id": 563840329, "profile_background_image_url_https": "https://abs.twimg.com/images/themes/theme14/bg.gif", "verified": false, "profile_location": null, "profile_image_url_https": "https://pbs.twimg.com/profile_images/546775440174497793/x1Y8B2oF_normal.jpeg", "profile_sidebar_fill_color": "EFEFEF", "entities": {"description": {"urls": []}}, "followers_count": 3790, "profile_sidebar_border_color": "EEEEEE", "id_str": "563840329", "profile_background_color": "131516", "listed_count": 100, "is_translation_enabled": false, "utc_offset": -10800, "statuses_count": 64414, "description": "Viet Nam Era Vet. 30 year Retired LEO Intel/Analyst  Son of the American Revolution #OathKeeper R.E.D. Biker Rolling Thunder #NRA Gold Eagle", "friends_count": 4171, "location": "USA", "profile_link_color": "009999", "profile_image_url": "http://pbs.twimg.com/profile_images/546775440174497793/x1Y8B2oF_normal.jpeg", "following": false, "geo_enabled": false, "profile_banner_url": "https://pbs.twimg.com/profile_banners/563840329/1372207002", "profile_background_image_url": "http://abs.twimg.com/images/themes/theme14/bg.gif", "name": "Psysam", "lang": "en", "profile_background_tile": true, "favourites_count": 6950, "screen_name": "Psysamurai33317", "notifications": false, "url": null, "created_at": "Thu Apr 26 16:06:33 +0000 2012", "contributors_enabled": false, "time_zone": "Atlantic Time (Canada)", "protected": false, "default_profile": false, "is_translator": false}, "geo": null, "in_reply_to_user_id_str": "264595508", "lang": "en", "created_at": "Sat Mar 28 13:57:00 +0000 2015", "in_reply_to_status_id_str": "581619483464245248", "place": null}
