{"contributors": null, "truncated": false, "text": "@9NewsSyd @Channel9 @SydOperaHouse .....", "in_reply_to_status_id": 544281591833317377, "id": 544282849994485761, "favorite_count": 0, "source": "<a href=\"http://twitter.com/download/android\" rel=\"nofollow\">Twitter for Android</a>", "retweeted": false, "coordinates": null, "entities": {"symbols": [], "user_mentions": [{"id": 171802941, "indices": [0, 9], "id_str": "171802941", "screen_name": "9NewsSyd", "name": "Nine News Sydney"}, {"id": 248568377, "indices": [10, 19], "id_str": "248568377", "screen_name": "Channel9", "name": "Channel 9"}, {"id": 90300296, "indices": [20, 34], "id_str": "90300296", "screen_name": "SydOperaHouse", "name": "Sydney Opera House"}], "hashtags": [], "urls": []}, "in_reply_to_screen_name": "9NewsSyd", "id_str": "544282849994485761", "retweet_count": 0, "in_reply_to_user_id": 171802941, "favorited": false, "user": {"follow_request_sent": false, "profile_use_background_image": true, "profile_text_color": "333333", "default_profile_image": false, "id": 193177087, "profile_background_image_url_https": "https://abs.twimg.com/images/themes/theme15/bg.png", "verified": false, "profile_location": null, "profile_image_url_https": "https://pbs.twimg.com/profile_images/378800000631053596/f2fce62d28fe72e109fff257c9b05568_normal.jpeg", "profile_sidebar_fill_color": "C0DFEC", "entities": {"description": {"urls": []}}, "followers_count": 119, "profile_sidebar_border_color": "A8C7F7", "id_str": "193177087", "profile_background_color": "022330", "listed_count": 1, "is_translation_enabled": false, "utc_offset": 39600, "statuses_count": 1228, "description": "old fart golfer,tenpin bowler and fanatical wests tiger supporter", "friends_count": 330, "location": "strathfield", "profile_link_color": "0084B4", "profile_image_url": "http://pbs.twimg.com/profile_images/378800000631053596/f2fce62d28fe72e109fff257c9b05568_normal.jpeg", "following": false, "geo_enabled": false, "profile_background_image_url": "http://abs.twimg.com/images/themes/theme15/bg.png", "name": "Graeme Brown", "lang": "en", "profile_background_tile": false, "favourites_count": 20, "screen_name": "percy2u", "notifications": false, "url": null, "created_at": "Tue Sep 21 04:42:27 +0000 2010", "contributors_enabled": false, "time_zone": "Sydney", "protected": false, "default_profile": false, "is_translator": false}, "geo": null, "in_reply_to_user_id_str": "171802941", "lang": "und", "created_at": "Mon Dec 15 00:08:38 +0000 2014", "in_reply_to_status_id_str": "544281591833317377", "place": null}
