{"contributors": null, "truncated": false, "text": "@9NewsSyd @LeeannWright4 @SydOperaHouse COMING TO A BUSINESS NEAR YOU!!! \nBE PREPARED AND STAY AWARE !!!", "in_reply_to_status_id": 544281591833317377, "id": 544299949522161666, "favorite_count": 1, "source": "<a href=\"http://twitter.com\" rel=\"nofollow\">Twitter Web Client</a>", "retweeted": false, "coordinates": null, "entities": {"symbols": [], "user_mentions": [{"id": 171802941, "indices": [0, 9], "id_str": "171802941", "screen_name": "9NewsSyd", "name": "Nine News Sydney"}, {"id": 2182624202, "indices": [10, 24], "id_str": "2182624202", "screen_name": "LeeannWright4", "name": "*Heart&Soul*"}, {"id": 90300296, "indices": [25, 39], "id_str": "90300296", "screen_name": "SydOperaHouse", "name": "Sydney Opera House"}], "hashtags": [], "urls": []}, "in_reply_to_screen_name": "9NewsSyd", "id_str": "544299949522161666", "retweet_count": 4, "in_reply_to_user_id": 171802941, "favorited": false, "user": {"follow_request_sent": false, "profile_use_background_image": true, "profile_text_color": "333333", "default_profile_image": false, "id": 179250417, "profile_background_image_url_https": "https://abs.twimg.com/images/themes/theme15/bg.png", "verified": false, "profile_location": null, "profile_image_url_https": "https://pbs.twimg.com/profile_images/534188427327967232/2FkxM0HP_normal.jpeg", "profile_sidebar_fill_color": "C0DFEC", "entities": {"description": {"urls": []}}, "followers_count": 1373, "profile_sidebar_border_color": "A8C7F7", "id_str": "179250417", "profile_background_color": "022330", "listed_count": 15, "is_translation_enabled": false, "utc_offset": -21600, "statuses_count": 12702, "description": "Firearms dealer, rancher, racer. Country, guns, and dogs.  \r\nWhen war does come, my advice to you is to draw your sword, and throw away the scabbard!", "friends_count": 1450, "location": "Nowhere but Texas!", "profile_link_color": "0084B4", "profile_image_url": "http://pbs.twimg.com/profile_images/534188427327967232/2FkxM0HP_normal.jpeg", "following": false, "geo_enabled": false, "profile_banner_url": "https://pbs.twimg.com/profile_banners/179250417/1416195820", "profile_background_image_url": "http://abs.twimg.com/images/themes/theme15/bg.png", "name": "Beau Ryker", "lang": "en", "profile_background_tile": false, "favourites_count": 684, "screen_name": "BeauRyker", "notifications": false, "url": null, "created_at": "Mon Aug 16 21:49:29 +0000 2010", "contributors_enabled": false, "time_zone": "Central Time (US & Canada)", "protected": false, "default_profile": false, "is_translator": false}, "geo": null, "in_reply_to_user_id_str": "171802941", "lang": "en", "created_at": "Mon Dec 15 01:16:35 +0000 2014", "in_reply_to_status_id_str": "544281591833317377", "place": null}
