{"contributors": null, "truncated": false, "text": "siege... isis .. sydney now @9NewsSyd @Channel9 @SydOperaHouse @Britanniacomms @PatriotsOrg @usa @USATODAY @tuitUK", "in_reply_to_status_id": 544281591833317377, "id": 544282695581184000, "favorite_count": 0, "source": "<a href=\"http://twitter.com\" rel=\"nofollow\">Twitter Web Client</a>", "retweeted": false, "coordinates": null, "entities": {"symbols": [], "user_mentions": [{"id": 171802941, "indices": [28, 37], "id_str": "171802941", "screen_name": "9NewsSyd", "name": "Nine News Sydney"}, {"id": 248568377, "indices": [38, 47], "id_str": "248568377", "screen_name": "Channel9", "name": "Channel 9"}, {"id": 90300296, "indices": [48, 62], "id_str": "90300296", "screen_name": "SydOperaHouse", "name": "Sydney Opera House"}, {"id": 1623145514, "indices": [63, 78], "id_str": "1623145514", "screen_name": "Britanniacomms", "name": "Britannia PR"}, {"id": 713457535, "indices": [79, 91], "id_str": "713457535", "screen_name": "PatriotsOrg", "name": "Patriots Billboard"}, {"id": 188021635, "indices": [92, 96], "id_str": "188021635", "screen_name": "usa", "name": "USA"}, {"id": 15754281, "indices": [97, 106], "id_str": "15754281", "screen_name": "USATODAY", "name": "USA TODAY"}, {"id": 2436985333, "indices": [107, 114], "id_str": "2436985333", "screen_name": "tuitUK", "name": "UK News"}], "hashtags": [], "urls": []}, "in_reply_to_screen_name": "9NewsSyd", "id_str": "544282695581184000", "retweet_count": 0, "in_reply_to_user_id": 171802941, "favorited": false, "user": {"follow_request_sent": false, "profile_use_background_image": true, "profile_text_color": "3D1957", "default_profile_image": false, "id": 527034491, "profile_background_image_url_https": "https://pbs.twimg.com/profile_background_images/378800000180858222/TYaikNLz.jpeg", "verified": false, "profile_location": null, "profile_image_url_https": "https://pbs.twimg.com/profile_images/511700708853174272/0W7San1i_normal.jpeg", "profile_sidebar_fill_color": "7AC3EE", "entities": {"description": {"urls": []}}, "followers_count": 989, "profile_sidebar_border_color": "FFFFFF", "id_str": "527034491", "profile_background_color": "EDECE9", "listed_count": 7, "is_translation_enabled": false, "utc_offset": 36000, "statuses_count": 27929, "description": "Australia -my home , dont try to change it, luv it or leave it ..", "friends_count": 1989, "location": "australia.", "profile_link_color": "088253", "profile_image_url": "http://pbs.twimg.com/profile_images/511700708853174272/0W7San1i_normal.jpeg", "following": false, "geo_enabled": true, "profile_banner_url": "https://pbs.twimg.com/profile_banners/527034491/1377233365", "profile_background_image_url": "http://pbs.twimg.com/profile_background_images/378800000180858222/TYaikNLz.jpeg", "name": "steve", "lang": "en", "profile_background_tile": true, "favourites_count": 2315, "screen_name": "kumbakstev", "notifications": false, "url": null, "created_at": "Sat Mar 17 03:00:06 +0000 2012", "contributors_enabled": false, "time_zone": "Brisbane", "protected": false, "default_profile": false, "is_translator": false}, "geo": null, "in_reply_to_user_id_str": "171802941", "lang": "en", "created_at": "Mon Dec 15 00:08:01 +0000 2014", "in_reply_to_status_id_str": "544281591833317377", "place": null}
