{"contributors": null, "truncated": false, "text": "@9NewsSyd @Channel9 @SydOperaHouse are we over doing it, airspace in lockdown!", "in_reply_to_status_id": 544281591833317377, "id": 544282260649017344, "favorite_count": 0, "source": "<a href=\"http://twitter.com\" rel=\"nofollow\">Twitter Web Client</a>", "retweeted": false, "coordinates": null, "entities": {"symbols": [], "user_mentions": [{"id": 171802941, "indices": [0, 9], "id_str": "171802941", "screen_name": "9NewsSyd", "name": "Nine News Sydney"}, {"id": 248568377, "indices": [10, 19], "id_str": "248568377", "screen_name": "Channel9", "name": "Channel 9"}, {"id": 90300296, "indices": [20, 34], "id_str": "90300296", "screen_name": "SydOperaHouse", "name": "Sydney Opera House"}], "hashtags": [], "urls": []}, "in_reply_to_screen_name": "9NewsSyd", "id_str": "544282260649017344", "retweet_count": 0, "in_reply_to_user_id": 171802941, "favorited": false, "user": {"follow_request_sent": false, "profile_use_background_image": true, "profile_text_color": "333333", "default_profile_image": false, "id": 265217955, "profile_background_image_url_https": "https://abs.twimg.com/images/themes/theme14/bg.gif", "verified": false, "profile_location": null, "profile_image_url_https": "https://pbs.twimg.com/profile_images/491180160914182145/2AvaA2wA_normal.jpeg", "profile_sidebar_fill_color": "EFEFEF", "entities": {"description": {"urls": []}}, "followers_count": 61, "profile_sidebar_border_color": "EEEEEE", "id_str": "265217955", "profile_background_color": "131516", "listed_count": 0, "is_translation_enabled": false, "utc_offset": 39600, "statuses_count": 1020, "description": "Love RichmondFC \nLove trading stocks\nAlso like Liverpool, Chicago Bulls & Pittsburgh Steelers", "friends_count": 170, "location": "Burwood, Melbourne,au", "profile_link_color": "009999", "profile_image_url": "http://pbs.twimg.com/profile_images/491180160914182145/2AvaA2wA_normal.jpeg", "following": false, "geo_enabled": true, "profile_banner_url": "https://pbs.twimg.com/profile_banners/265217955/1404016603", "profile_background_image_url": "http://abs.twimg.com/images/themes/theme14/bg.gif", "name": "Bill", "lang": "en", "profile_background_tile": true, "favourites_count": 192, "screen_name": "tigersliverpool", "notifications": false, "url": null, "created_at": "Sun Mar 13 05:53:56 +0000 2011", "contributors_enabled": false, "time_zone": "Melbourne", "protected": false, "default_profile": false, "is_translator": false}, "geo": null, "in_reply_to_user_id_str": "171802941", "lang": "en", "created_at": "Mon Dec 15 00:06:17 +0000 2014", "in_reply_to_status_id_str": "544281591833317377", "place": null}
