{"contributors":null,"truncated":false,"text":"@9NewsSyd @SydOperaHouse thats freightening i thought id never see this in australia boy am i wrong.","in_reply_to_status_id":544281591833317377,"id":544282602660560896,"favorite_count":0,"source":"<a href=\"http:\/\/twitter.com\/download\/android\" rel=\"nofollow\">Twitter for Android<\/a>","retweeted":false,"coordinates":null,"entities":{"symbols":[],"user_mentions":[{"id":171802941,"indices":[0,9],"id_str":"171802941","screen_name":"9NewsSyd","name":"Nine News Sydney"},{"id":90300296,"indices":[10,24],"id_str":"90300296","screen_name":"SydOperaHouse","name":"Sydney Opera House"}],"hashtags":[],"urls":[]},"in_reply_to_screen_name":"9NewsSyd","id_str":"544282602660560896","retweet_count":0,"in_reply_to_user_id":171802941,"favorited":false,"user":{"follow_request_sent":false,"profile_use_background_image":true,"profile_text_color":"333333","default_profile_image":false,"id":27267723,"profile_background_image_url_https":"https:\/\/abs.twimg.com\/images\/themes\/theme1\/bg.png","verified":false,"profile_location":null,"profile_image_url_https":"https:\/\/pbs.twimg.com\/profile_images\/575257420693266432\/GBegn0op_normal.jpeg","profile_sidebar_fill_color":"DDEEF6","entities":{"url":{"urls":[{"url":"http:\/\/t.co\/I1ezpfSTl8","indices":[0,22],"expanded_url":"http:\/\/www.facebook.com\/jackthecat19","display_url":"facebook.com\/jackthecat19"}]},"description":{"urls":[]}},"followers_count":333,"profile_sidebar_border_color":"C0DEED","id_str":"27267723","profile_background_color":"C0DEED","listed_count":5,"is_translation_enabled":false,"utc_offset":37800,"statuses_count":11842,"description":"passionate bout life love sport love tv and caro emerald.","friends_count":1677,"location":"adelaide australia","profile_link_color":"0084B4","profile_image_url":"http:\/\/pbs.twimg.com\/profile_images\/575257420693266432\/GBegn0op_normal.jpeg","following":false,"geo_enabled":true,"profile_banner_url":"https:\/\/pbs.twimg.com\/profile_banners\/27267723\/1416743140","profile_background_image_url":"http:\/\/abs.twimg.com\/images\/themes\/theme1\/bg.png","name":"anthony ashton","lang":"en","profile_background_tile":false,"favourites_count":2846,"screen_name":"bloodhoundau","notifications":false,"url":"http:\/\/t.co\/I1ezpfSTl8","created_at":"Sat Mar 28 17:21:06 +0000 2009","contributors_enabled":false,"time_zone":"Adelaide","protected":false,"default_profile":true,"is_translator":false},"geo":null,"in_reply_to_user_id_str":"171802941","lang":"en","created_at":"Mon Dec 15 00:07:39 +0000 2014","in_reply_to_status_id_str":"544281591833317377","place":null}