{"contributors":null,"truncated":false,"text":"@9NewsSyd @LeeannWright4 @SydOperaHouse LINK TO LIVE VIDEO ***\nLVIDEO ISIS JIHADIS TAKE 13 HOSTAGES IN SYDNEY \nhttp:\/\/t.co\/4bNMWQVCUK","in_reply_to_status_id":544281591833317377,"id":544299681359339520,"favorite_count":1,"source":"<a href=\"http:\/\/twitter.com\" rel=\"nofollow\">Twitter Web Client<\/a>","retweeted":false,"coordinates":null,"entities":{"symbols":[],"user_mentions":[{"id":171802941,"indices":[0,9],"id_str":"171802941","screen_name":"9NewsSyd","name":"Nine News Sydney"},{"id":2182624202,"indices":[10,24],"id_str":"2182624202","screen_name":"LeeannWright4","name":"*Heart&Soul*"},{"id":90300296,"indices":[25,39],"id_str":"90300296","screen_name":"SydOperaHouse","name":"Sydney Opera House"}],"hashtags":[],"urls":[{"url":"http:\/\/t.co\/4bNMWQVCUK","indices":[111,133],"expanded_url":"http:\/\/pamelageller.com\/2014\/12\/breaking-watch-video-isis-jihads-take-hostages-in-sidney-chocolate-shop.html\/","display_url":"pamelageller.com\/2014\/12\/breaki\u2026"}]},"in_reply_to_screen_name":"9NewsSyd","id_str":"544299681359339520","retweet_count":2,"in_reply_to_user_id":171802941,"favorited":false,"user":{"follow_request_sent":false,"profile_use_background_image":true,"profile_text_color":"333333","default_profile_image":false,"id":2540239046,"profile_background_image_url_https":"https:\/\/abs.twimg.com\/images\/themes\/theme1\/bg.png","verified":false,"profile_location":null,"profile_image_url_https":"https:\/\/pbs.twimg.com\/profile_images\/546804720145158144\/3FEtbOWT_normal.jpeg","profile_sidebar_fill_color":"DDEEF6","entities":{"url":{"urls":[{"url":"http:\/\/t.co\/j9FaMpMAat","indices":[0,22],"expanded_url":"http:\/\/www.hairclub.com\/hairloss-treatments-for-women.php","display_url":"hairclub.com\/hairloss-treat\u2026"}]},"description":{"urls":[]}},"followers_count":79,"profile_sidebar_border_color":"C0DEED","id_str":"2540239046","profile_background_color":"C0DEED","listed_count":0,"is_translation_enabled":false,"utc_offset":null,"statuses_count":438,"description":"Independent Political Hairpiece","friends_count":557,"location":"Florida Wig Stand","profile_link_color":"0084B4","profile_image_url":"http:\/\/pbs.twimg.com\/profile_images\/546804720145158144\/3FEtbOWT_normal.jpeg","following":false,"geo_enabled":false,"profile_banner_url":"https:\/\/pbs.twimg.com\/profile_banners\/2540239046\/1401665116","profile_background_image_url":"http:\/\/abs.twimg.com\/images\/themes\/theme1\/bg.png","name":"Wig","lang":"en","profile_background_tile":false,"favourites_count":103,"screen_name":"MsBrownsWig","notifications":false,"url":"http:\/\/t.co\/j9FaMpMAat","created_at":"Sun Jun 01 19:54:13 +0000 2014","contributors_enabled":false,"time_zone":null,"protected":false,"default_profile":true,"is_translator":false},"geo":null,"in_reply_to_user_id_str":"171802941","possibly_sensitive":false,"lang":"en","created_at":"Mon Dec 15 01:15:31 +0000 2014","in_reply_to_status_id_str":"544281591833317377","place":null}