{"contributors": null, "truncated": false, "text": "@9NewsSyd @SydOperaHouse what's happened I'm not near a TV", "in_reply_to_status_id": 544281591833317377, "id": 544281877805137921, "favorite_count": 0, "source": "<a href=\"http://twitter.com/#!/download/ipad\" rel=\"nofollow\">Twitter for iPad</a>", "retweeted": false, "coordinates": null, "entities": {"symbols": [], "user_mentions": [{"id": 171802941, "indices": [0, 9], "id_str": "171802941", "screen_name": "9NewsSyd", "name": "Nine News Sydney"}, {"id": 90300296, "indices": [10, 24], "id_str": "90300296", "screen_name": "SydOperaHouse", "name": "Sydney Opera House"}], "hashtags": [], "urls": []}, "in_reply_to_screen_name": "9NewsSyd", "id_str": "544281877805137921", "retweet_count": 0, "in_reply_to_user_id": 171802941, "favorited": false, "user": {"follow_request_sent": false, "profile_use_background_image": true, "profile_text_color": "3D1957", "default_profile_image": false, "id": 33155639, "profile_background_image_url_https": "https://pbs.twimg.com/profile_background_images/378800000108823872/07bb8ed314a1b851088a408beeb27108.jpeg", "verified": false, "profile_location": null, "profile_image_url_https": "https://pbs.twimg.com/profile_images/378800000822320725/ee5a22885b6d35ba5fd468ebf47b7b03_normal.jpeg", "profile_sidebar_fill_color": "7AC3EE", "entities": {"url": {"urls": [{"url": "http://t.co/Bs61rgqLGS", "indices": [0, 22], "expanded_url": "http://instagram.com/aussie_kimmie", "display_url": "instagram.com/aussie_kimmie"}]}, "description": {"urls": []}}, "followers_count": 983, "profile_sidebar_border_color": "FFFFFF", "id_str": "33155639", "profile_background_color": "642D8B", "listed_count": 21, "is_translation_enabled": false, "utc_offset": 36000, "statuses_count": 22674, "description": "Always believe in your Dreams.", "friends_count": 1277, "location": "Land Downunder ", "profile_link_color": "FF0000", "profile_image_url": "http://pbs.twimg.com/profile_images/378800000822320725/ee5a22885b6d35ba5fd468ebf47b7b03_normal.jpeg", "following": false, "geo_enabled": false, "profile_banner_url": "https://pbs.twimg.com/profile_banners/33155639/1416043595", "profile_background_image_url": "http://pbs.twimg.com/profile_background_images/378800000108823872/07bb8ed314a1b851088a408beeb27108.jpeg", "name": "Kimmie", "lang": "en", "profile_background_tile": true, "favourites_count": 12185, "screen_name": "Stylin_4ever", "notifications": false, "url": "http://t.co/Bs61rgqLGS", "created_at": "Sun Apr 19 07:22:08 +0000 2009", "contributors_enabled": false, "time_zone": "Brisbane", "protected": false, "default_profile": false, "is_translator": false}, "geo": null, "in_reply_to_user_id_str": "171802941", "lang": "en", "created_at": "Mon Dec 15 00:04:46 +0000 2014", "in_reply_to_status_id_str": "544281591833317377", "place": null}
