{"contributors":null,"truncated":false,"text":"@secondbaseman @CharlesMBlow F'n cops and stupid people seem to think money and property is more valuable than human life. #RIPMichaelBrown","in_reply_to_status_id":500297161029206016,"id":500297502977835008,"favorite_count":1,"source":"<a href=\"http:\/\/twitter.com\" rel=\"nofollow\">Twitter Web Client<\/a>","retweeted":false,"coordinates":null,"entities":{"symbols":[],"user_mentions":[{"id":19009248,"indices":[0,14],"id_str":"19009248","screen_name":"secondbaseman","name":"marc schcher"},{"id":20772763,"indices":[15,28],"id_str":"20772763","screen_name":"CharlesMBlow","name":"Charles M. Blow"}],"hashtags":[{"indices":[123,139],"text":"RIPMichaelBrown"}],"urls":[]},"in_reply_to_screen_name":"secondbaseman","id_str":"500297502977835008","retweet_count":0,"in_reply_to_user_id":19009248,"favorited":false,"user":{"follow_request_sent":false,"profile_use_background_image":true,"default_profile_image":false,"id":1733506141,"profile_background_image_url_https":"https:\/\/pbs.twimg.com\/profile_background_images\/378800000072064264\/13f039fff64ad37ea3f7923c672b7ca2.jpeg","verified":false,"profile_text_color":"000000","profile_image_url_https":"https:\/\/pbs.twimg.com\/profile_images\/540866533912633344\/rtDOaz9F_normal.jpeg","profile_sidebar_fill_color":"FFFFFF","entities":{"description":{"urls":[]}},"followers_count":103,"profile_sidebar_border_color":"FFFFFF","id_str":"1733506141","profile_background_color":"FFFFFF","listed_count":0,"is_translation_enabled":false,"utc_offset":-10800,"statuses_count":1088,"description":"I am a work in progress. \n   Seeker of truth\/student of Buddhism\/I like cats","friends_count":706,"location":"Earth","profile_link_color":"E8A92A","profile_image_url":"http:\/\/pbs.twimg.com\/profile_images\/540866533912633344\/rtDOaz9F_normal.jpeg","following":false,"geo_enabled":false,"profile_banner_url":"https:\/\/pbs.twimg.com\/profile_banners\/1733506141\/1409688301","profile_background_image_url":"http:\/\/pbs.twimg.com\/profile_background_images\/378800000072064264\/13f039fff64ad37ea3f7923c672b7ca2.jpeg","screen_name":"schnepptastic","lang":"en","profile_background_tile":true,"favourites_count":126,"name":"CocoDoll","notifications":false,"url":null,"created_at":"Fri Sep 06 00:17:18 +0000 2013","contributors_enabled":false,"time_zone":"Atlantic Time (Canada)","protected":false,"default_profile":false,"is_translator":false},"geo":null,"in_reply_to_user_id_str":"19009248","lang":"en","created_at":"Fri Aug 15 15:06:34 +0000 2014","in_reply_to_status_id_str":"500297161029206016","place":null}