{"contributors": null, "truncated": false, "text": "@CharlesMBlow Black life? Yes, unfortunately.", "in_reply_to_status_id": 500296080710705152, "id": 500296656932597761, "favorite_count": 0, "source": "<a href=\"http://twitter.com\" rel=\"nofollow\">Twitter Web Client</a>", "retweeted": false, "coordinates": null, "entities": {"symbols": [], "user_mentions": [{"id": 20772763, "indices": [0, 13], "id_str": "20772763", "screen_name": "CharlesMBlow", "name": "Charles M. Blow"}], "hashtags": [], "urls": []}, "in_reply_to_screen_name": "CharlesMBlow", "id_str": "500296656932597761", "retweet_count": 0, "in_reply_to_user_id": 20772763, "favorited": false, "user": {"follow_request_sent": false, "profile_use_background_image": true, "default_profile_image": false, "id": 894194737, "profile_background_image_url_https": "https://pbs.twimg.com/profile_background_images/458970671645614080/AGWZ3RxR.jpeg", "verified": false, "profile_text_color": "333333", "profile_image_url_https": "https://pbs.twimg.com/profile_images/465865632513142784/XIBtC1gu_normal.jpeg", "profile_sidebar_fill_color": "DDEEF6", "entities": {"url": {"urls": [{"url": "http://t.co/gSMsFqjVhD", "indices": [0, 22], "expanded_url": "http://www.aaronstarks.com", "display_url": "aaronstarks.com"}]}, "description": {"urls": []}}, "followers_count": 319, "profile_sidebar_border_color": "FFFFFF", "id_str": "894194737", "profile_background_color": "C0DEED", "listed_count": 6, "is_translation_enabled": false, "utc_offset": -10800, "statuses_count": 12837, "description": "Beachbody Coach, Movie lover, gamer, Chicago sports loyalist & Lover of Life!  P.E.A.C.E.", "friends_count": 1003, "location": "Maryland", "profile_link_color": "0084B4", "profile_image_url": "http://pbs.twimg.com/profile_images/465865632513142784/XIBtC1gu_normal.jpeg", "following": false, "geo_enabled": true, "profile_banner_url": "https://pbs.twimg.com/profile_banners/894194737/1398261227", "profile_background_image_url": "http://pbs.twimg.com/profile_background_images/458970671645614080/AGWZ3RxR.jpeg", "screen_name": "StarkyLuv73", "lang": "en", "profile_background_tile": true, "favourites_count": 2119, "name": "Aaron T. Starks", "notifications": false, "url": "http://t.co/gSMsFqjVhD", "created_at": "Sat Oct 20 22:52:56 +0000 2012", "contributors_enabled": false, "time_zone": "Atlantic Time (Canada)", "protected": false, "default_profile": false, "is_translator": false}, "geo": null, "in_reply_to_user_id_str": "20772763", "lang": "en", "created_at": "Fri Aug 15 15:03:12 +0000 2014", "in_reply_to_status_id_str": "500296080710705152", "place": null}
