{"contributors":null,"truncated":false,"text":"@CharlesMBlow lesson: stop criminaling, heed officers' commands, and stay alive; dont give em a reason","in_reply_to_status_id":500296080710705152,"id":500299052790345728,"favorite_count":0,"source":"<a href=\"http:\/\/twitter.com\/download\/android\" rel=\"nofollow\">Twitter for Android<\/a>","retweeted":false,"coordinates":{"type":"Point","coordinates":[-84.0890696,35.9459206]},"entities":{"symbols":[],"user_mentions":[{"id":20772763,"indices":[0,13],"id_str":"20772763","screen_name":"CharlesMBlow","name":"Charles M. Blow"}],"hashtags":[],"urls":[]},"in_reply_to_screen_name":"CharlesMBlow","id_str":"500299052790345728","retweet_count":0,"in_reply_to_user_id":20772763,"favorited":false,"user":{"follow_request_sent":false,"profile_use_background_image":true,"default_profile_image":false,"id":388365142,"profile_background_image_url_https":"https:\/\/abs.twimg.com\/images\/themes\/theme1\/bg.png","verified":false,"profile_text_color":"333333","profile_image_url_https":"https:\/\/pbs.twimg.com\/profile_images\/553452119609868288\/lFmdRh_n_normal.jpeg","profile_sidebar_fill_color":"DDEEF6","entities":{"description":{"urls":[]}},"followers_count":116,"profile_sidebar_border_color":"C0DEED","id_str":"388365142","profile_background_color":"C0DEED","listed_count":3,"is_translation_enabled":false,"utc_offset":null,"statuses_count":3973,"description":"","friends_count":144,"location":"knoxville","profile_link_color":"0084B4","profile_image_url":"http:\/\/pbs.twimg.com\/profile_images\/553452119609868288\/lFmdRh_n_normal.jpeg","following":false,"geo_enabled":true,"profile_background_image_url":"http:\/\/abs.twimg.com\/images\/themes\/theme1\/bg.png","screen_name":"slickmo1","lang":"en","profile_background_tile":false,"favourites_count":1579,"name":"jamey garland","notifications":false,"url":null,"created_at":"Mon Oct 10 16:39:09 +0000 2011","contributors_enabled":false,"time_zone":null,"protected":false,"default_profile":true,"is_translator":false},"geo":{"type":"Point","coordinates":[35.9459206,-84.0890696]},"in_reply_to_user_id_str":"20772763","lang":"en","created_at":"Fri Aug 15 15:12:43 +0000 2014","in_reply_to_status_id_str":"500296080710705152","place":{"full_name":"Knoxville, TN","url":"https:\/\/api.twitter.com\/1.1\/geo\/id\/6565298bcadb82a1.json","country":"United States","place_type":"city","bounding_box":{"type":"Polygon","coordinates":[[[-84.19397,35.831436],[-83.733713,35.831436],[-83.733713,36.133505],[-84.19397,36.133505]]]},"contained_within":[],"country_code":"US","attributes":{},"id":"6565298bcadb82a1","name":"Knoxville"}}