{"contributors":null,"truncated":false,"text":"@CharlesMBlow Why not? We can cover up and don't have to take any responsibility because we are the \"authority\".","in_reply_to_status_id":500296080710705152,"id":500297364167348224,"favorite_count":0,"source":"<a href=\"http:\/\/twitter.com\/download\/iphone\" rel=\"nofollow\">Twitter for iPhone<\/a>","retweeted":false,"coordinates":null,"entities":{"symbols":[],"user_mentions":[{"id":20772763,"indices":[0,13],"id_str":"20772763","screen_name":"CharlesMBlow","name":"Charles M. Blow"}],"hashtags":[],"urls":[]},"in_reply_to_screen_name":"CharlesMBlow","id_str":"500297364167348224","retweet_count":0,"in_reply_to_user_id":20772763,"favorited":false,"user":{"follow_request_sent":false,"profile_use_background_image":true,"default_profile_image":false,"id":622100503,"profile_background_image_url_https":"https:\/\/abs.twimg.com\/images\/themes\/theme1\/bg.png","verified":false,"profile_text_color":"333333","profile_image_url_https":"https:\/\/pbs.twimg.com\/profile_images\/564175928335794177\/lNVu2mi__normal.jpeg","profile_sidebar_fill_color":"DDEEF6","entities":{"url":{"urls":[{"url":"http:\/\/t.co\/HzcTlEowdD","indices":[0,22],"expanded_url":"http:\/\/www.tigerathletemanagement.com","display_url":"tigerathletemanagement.com"}]},"description":{"urls":[{"url":"http:\/\/t.co\/XUiyfgclvW","indices":[110,132],"expanded_url":"http:\/\/www.tigermarketingllc.com","display_url":"tigermarketingllc.com"}]}},"followers_count":169,"profile_sidebar_border_color":"C0DEED","id_str":"622100503","profile_background_color":"C0DEED","listed_count":2,"is_translation_enabled":false,"utc_offset":-10800,"statuses_count":4234,"description":"Agent\/Marketing\/PR\u2026assisting diamonds with achieving their dreams and creating endless possibilities in life. http:\/\/t.co\/XUiyfgclvW","friends_count":487,"location":"","profile_link_color":"0084B4","profile_image_url":"http:\/\/pbs.twimg.com\/profile_images\/564175928335794177\/lNVu2mi__normal.jpeg","following":false,"geo_enabled":false,"profile_banner_url":"https:\/\/pbs.twimg.com\/profile_banners\/622100503\/1383709969","profile_background_image_url":"http:\/\/abs.twimg.com\/images\/themes\/theme1\/bg.png","screen_name":"tigermarkllc","lang":"en","profile_background_tile":false,"favourites_count":362,"name":"TConswello","notifications":false,"url":"http:\/\/t.co\/HzcTlEowdD","created_at":"Fri Jun 29 17:44:57 +0000 2012","contributors_enabled":false,"time_zone":"Atlantic Time (Canada)","protected":false,"default_profile":true,"is_translator":false},"geo":null,"in_reply_to_user_id_str":"20772763","lang":"en","created_at":"Fri Aug 15 15:06:01 +0000 2014","in_reply_to_status_id_str":"500296080710705152","place":null}