{"contributors":null,"truncated":false,"text":"\"@akacharleswade: \u201c@CharlesMBlow: Cigarettes on Staten Island. Cigars in #Ferguson. Are these seriously enough to take a life?\u201d\"","in_reply_to_status_id":500296448211443712,"id":500297202934116355,"favorite_count":0,"source":"<a href=\"http:\/\/www.twitter.com\" rel=\"nofollow\">Twitter for Windows Phone<\/a>","retweeted":false,"coordinates":null,"entities":{"symbols":[],"user_mentions":[{"id":115992534,"indices":[1,16],"id_str":"115992534","screen_name":"akacharleswade","name":"Charles Wade"},{"id":20772763,"indices":[19,32],"id_str":"20772763","screen_name":"CharlesMBlow","name":"Charles M. Blow"}],"hashtags":[{"indices":[73,82],"text":"Ferguson"}],"urls":[]},"in_reply_to_screen_name":"akacharleswade","id_str":"500297202934116355","retweet_count":4,"in_reply_to_user_id":115992534,"favorited":false,"user":{"follow_request_sent":false,"profile_use_background_image":true,"default_profile_image":false,"id":1365091302,"profile_background_image_url_https":"https:\/\/pbs.twimg.com\/profile_background_images\/378800000083648925\/4727231699e319d92ed7cf1a510d4242.jpeg","verified":false,"profile_text_color":"333333","profile_image_url_https":"https:\/\/pbs.twimg.com\/profile_images\/583672262022299648\/b35pRTEC_normal.jpg","profile_sidebar_fill_color":"DDEEF6","entities":{"url":{"urls":[{"url":"http:\/\/t.co\/i5WrgOvblb","indices":[0,22],"expanded_url":"http:\/\/strongblackbrotha.tumblr.com\/","display_url":"strongblackbrotha.tumblr.com"}]},"description":{"urls":[]}},"followers_count":1713,"profile_sidebar_border_color":"FFFFFF","id_str":"1365091302","profile_background_color":"1A1B1F","listed_count":15,"is_translation_enabled":false,"utc_offset":null,"statuses_count":108987,"description":"Work in progress. #ChicagoBulls #ChicagoWhiteSox #AtlantaFalcons #ReviveBlackWallStreet #SupportBlackBusiness #BlackGirlsRock #MyBrothersKeeper","friends_count":1219,"location":"Louisville, Kentucky ","profile_link_color":"000000","profile_image_url":"http:\/\/pbs.twimg.com\/profile_images\/583672262022299648\/b35pRTEC_normal.jpg","following":false,"geo_enabled":false,"profile_banner_url":"https:\/\/pbs.twimg.com\/profile_banners\/1365091302\/1408052308","profile_background_image_url":"http:\/\/pbs.twimg.com\/profile_background_images\/378800000083648925\/4727231699e319d92ed7cf1a510d4242.jpeg","screen_name":"SoulfulBrotha","lang":"en","profile_background_tile":true,"favourites_count":4890,"name":"Xavier","notifications":false,"url":"http:\/\/t.co\/i5WrgOvblb","created_at":"Fri Apr 19 18:36:41 +0000 2013","contributors_enabled":false,"time_zone":null,"protected":false,"default_profile":false,"is_translator":false},"geo":null,"in_reply_to_user_id_str":"115992534","lang":"en","created_at":"Fri Aug 15 15:05:22 +0000 2014","in_reply_to_status_id_str":"500296448211443712","place":null}