{"contributors": null, "truncated": false, "text": "RT @CharlesMBlow: Cigarettes on Staten Island. Cigars in #Ferguson. Are these seriously enough to take a life?", "in_reply_to_status_id": 500296080710705152, "id": 500296834431328256, "favorite_count": 0, "source": "<a href=\"http://twitter.com/download/iphone\" rel=\"nofollow\">Twitter for iPhone</a>", "retweeted": false, "coordinates": null, "entities": {"symbols": [], "user_mentions": [{"id": 20772763, "indices": [3, 16], "id_str": "20772763", "screen_name": "CharlesMBlow", "name": "Charles M. Blow"}], "hashtags": [{"indices": [57, 66], "text": "Ferguson"}], "urls": []}, "in_reply_to_screen_name": "CharlesMBlow", "id_str": "500296834431328256", "retweet_count": 0, "in_reply_to_user_id": 20772763, "favorited": false, "user": {"follow_request_sent": false, "profile_use_background_image": true, "default_profile_image": false, "id": 73276861, "profile_background_image_url_https": "https://pbs.twimg.com/profile_background_images/329951601/Cliff___Claire_.jpg", "verified": false, "profile_text_color": "F78FE1", "profile_image_url_https": "https://pbs.twimg.com/profile_images/489627861767057408/4KQxPGmb_normal.jpeg", "profile_sidebar_fill_color": "000000", "entities": {"url": {"urls": [{"url": "http://t.co/gjsrtqSYt1", "indices": [0, 22], "expanded_url": "http://pearlfectchassi.tumblr.com/", "display_url": "pearlfectchassi.tumblr.com"}]}, "description": {"urls": []}}, "followers_count": 1697, "profile_sidebar_border_color": "BDDCAD", "id_str": "73276861", "profile_background_color": "FFFFFF", "listed_count": 49, "is_translation_enabled": false, "utc_offset": -18000, "statuses_count": 139410, "description": "I don't care what you think about me. I don't think about you at all - Coco Chanel | REBEL | #WhoDat | Future M.D. #NellieTaughtMe", "friends_count": 1329, "location": "In A Book ", "profile_link_color": "22F04F", "profile_image_url": "http://pbs.twimg.com/profile_images/489627861767057408/4KQxPGmb_normal.jpeg", "following": false, "geo_enabled": false, "profile_banner_url": "https://pbs.twimg.com/profile_banners/73276861/1408172910", "profile_background_image_url": "http://pbs.twimg.com/profile_background_images/329951601/Cliff___Claire_.jpg", "screen_name": "PEARLfectChassi", "lang": "en", "profile_background_tile": true, "favourites_count": 1608, "name": "Clair Hanks Huxtable", "notifications": false, "url": "http://t.co/gjsrtqSYt1", "created_at": "Fri Sep 11 01:38:34 +0000 2009", "contributors_enabled": false, "time_zone": "Central Time (US & Canada)", "protected": false, "default_profile": false, "is_translator": false}, "geo": null, "in_reply_to_user_id_str": "20772763", "lang": "en", "created_at": "Fri Aug 15 15:03:55 +0000 2014", "in_reply_to_status_id_str": "500296080710705152", "place": null}
