{"contributors":null,"truncated":false,"text":"@CharlesMBlow I wonder how officer involved shooting stats fm 10 years ago compare to today's. My sense tells me they're radically different","in_reply_to_status_id":500296080710705152,"id":500299552981655553,"favorite_count":0,"source":"<a href=\"http:\/\/twitter.com\" rel=\"nofollow\">Twitter Web Client<\/a>","retweeted":false,"coordinates":null,"entities":{"symbols":[],"user_mentions":[{"id":20772763,"indices":[0,13],"id_str":"20772763","screen_name":"CharlesMBlow","name":"Charles M. Blow"}],"hashtags":[],"urls":[]},"in_reply_to_screen_name":"CharlesMBlow","id_str":"500299552981655553","retweet_count":0,"in_reply_to_user_id":20772763,"favorited":false,"user":{"follow_request_sent":false,"profile_use_background_image":false,"default_profile_image":false,"id":18597764,"profile_background_image_url_https":"https:\/\/pbs.twimg.com\/profile_background_images\/437819149364903936\/yj5GwbEH.jpeg","verified":false,"profile_text_color":"333333","profile_image_url_https":"https:\/\/pbs.twimg.com\/profile_images\/557324593711419393\/TkKJY7qT_normal.jpeg","profile_sidebar_fill_color":"C0DFEC","entities":{"url":{"urls":[{"url":"http:\/\/t.co\/uL4nJPas4w","indices":[0,22],"expanded_url":"http:\/\/www.rimaregas.com","display_url":"rimaregas.com"}]},"description":{"urls":[{"url":"https:\/\/t.co\/GqN3IxZbmr","indices":[97,120],"expanded_url":"https:\/\/www.facebook.com\/RimaRegasBlog42","display_url":"facebook.com\/RimaRegasBlog42"}]}},"followers_count":5448,"profile_sidebar_border_color":"000000","id_str":"18597764","profile_background_color":"022330","listed_count":210,"is_translation_enabled":false,"utc_offset":-25200,"statuses_count":80104,"description":"Progressive, writer. interest in #Autism, #Epilepsy and #Education..Please join me on Facebook : https:\/\/t.co\/GqN3IxZbmr","friends_count":5326,"location":"US","profile_link_color":"BD200B","profile_image_url":"http:\/\/pbs.twimg.com\/profile_images\/557324593711419393\/TkKJY7qT_normal.jpeg","following":false,"geo_enabled":true,"profile_banner_url":"https:\/\/pbs.twimg.com\/profile_banners\/18597764\/1355458123","profile_background_image_url":"http:\/\/pbs.twimg.com\/profile_background_images\/437819149364903936\/yj5GwbEH.jpeg","screen_name":"Rima_Regas","lang":"en","profile_background_tile":false,"favourites_count":10424,"name":"Rima Regas","notifications":false,"url":"http:\/\/t.co\/uL4nJPas4w","created_at":"Sun Jan 04 07:02:15 +0000 2009","contributors_enabled":false,"time_zone":"Pacific Time (US & Canada)","protected":false,"default_profile":false,"is_translator":false},"geo":null,"in_reply_to_user_id_str":"20772763","lang":"en","created_at":"Fri Aug 15 15:14:43 +0000 2014","in_reply_to_status_id_str":"500296080710705152","place":null}