{"contributors": null, "truncated": false, "text": "@CharlesMBlow I guess our police now define these as dangerous weapons", "in_reply_to_status_id": 500296080710705152, "id": 500297624831160320, "favorite_count": 0, "source": "<a href=\"http://twitter.com/#!/download/ipad\" rel=\"nofollow\">Twitter for iPad</a>", "retweeted": false, "coordinates": null, "entities": {"symbols": [], "user_mentions": [{"id": 20772763, "indices": [0, 13], "id_str": "20772763", "screen_name": "CharlesMBlow", "name": "Charles M. Blow"}], "hashtags": [], "urls": []}, "in_reply_to_screen_name": "CharlesMBlow", "id_str": "500297624831160320", "retweet_count": 0, "in_reply_to_user_id": 20772763, "favorited": false, "user": {"follow_request_sent": false, "profile_use_background_image": true, "default_profile_image": false, "id": 19009248, "profile_background_image_url_https": "https://pbs.twimg.com/profile_background_images/88890900/Brooklyn_Dodgers_1955.jpg", "verified": false, "profile_text_color": "333333", "profile_image_url_https": "https://pbs.twimg.com/profile_images/424701844/29881_normal.gif", "profile_sidebar_fill_color": "DCDEF5", "entities": {"url": {"urls": [{"url": "http://t.co/fyUTSTsj1R", "indices": [0, 22], "expanded_url": "http://www.rebelmouse.com/secondbaseman", "display_url": "rebelmouse.com/secondbaseman"}]}, "description": {"urls": []}}, "followers_count": 1678, "profile_sidebar_border_color": "C0DEED", "id_str": "19009248", "profile_background_color": "C0DEED", "listed_count": 61, "is_translation_enabled": false, "utc_offset": -18000, "statuses_count": 58731, "description": "just trying to get along\n#NYG #Jets #Mets #Yankees #Knicks #NYR", "friends_count": 1951, "location": "\u00dcT: 41.919172,-87.668115", "profile_link_color": "0084B4", "profile_image_url": "http://pbs.twimg.com/profile_images/424701844/29881_normal.gif", "following": false, "geo_enabled": true, "profile_banner_url": "https://pbs.twimg.com/profile_banners/19009248/1394485141", "profile_background_image_url": "http://pbs.twimg.com/profile_background_images/88890900/Brooklyn_Dodgers_1955.jpg", "screen_name": "secondbaseman", "lang": "en", "profile_background_tile": true, "favourites_count": 5862, "name": "marc schcher", "notifications": false, "url": "http://t.co/fyUTSTsj1R", "created_at": "Thu Jan 15 03:33:06 +0000 2009", "contributors_enabled": false, "time_zone": "Central Time (US & Canada)", "protected": false, "default_profile": false, "is_translator": false}, "geo": null, "in_reply_to_user_id_str": "20772763", "lang": "en", "created_at": "Fri Aug 15 15:07:03 +0000 2014", "in_reply_to_status_id_str": "500296080710705152", "place": null}
