{"contributors": null, "truncated": false, "text": "@CharlesMBlow I agree!  Police has responsibility to meet force w/ equal force.  Gun Shots in way equal Cigars, even stolen ones.", "in_reply_to_status_id": 500296080710705152, "id": 500297607454138368, "favorite_count": 0, "source": "<a href=\"http://twitter.com/download/android\" rel=\"nofollow\">Twitter for Android</a>", "retweeted": false, "coordinates": null, "entities": {"symbols": [], "user_mentions": [{"id": 20772763, "indices": [0, 13], "id_str": "20772763", "screen_name": "CharlesMBlow", "name": "Charles M. Blow"}], "hashtags": [], "urls": []}, "in_reply_to_screen_name": "CharlesMBlow", "id_str": "500297607454138368", "retweet_count": 0, "in_reply_to_user_id": 20772763, "favorited": false, "user": {"follow_request_sent": false, "profile_use_background_image": true, "default_profile_image": false, "id": 244589701, "profile_background_image_url_https": "https://abs.twimg.com/images/themes/theme10/bg.gif", "verified": false, "profile_text_color": "3D1957", "profile_image_url_https": "https://pbs.twimg.com/profile_images/378800000151611749/8f282f81e16679425bdce5abf89a883e_normal.jpeg", "profile_sidebar_fill_color": "7AC3EE", "entities": {"url": {"urls": [{"url": "http://t.co/gwSd9k4Tep", "indices": [0, 22], "expanded_url": "http://www.facebook.com/NewDirection4U", "display_url": "facebook.com/NewDirection4U"}]}, "description": {"urls": []}}, "followers_count": 10, "profile_sidebar_border_color": "65B0DA", "id_str": "244589701", "profile_background_color": "642D8B", "listed_count": 1, "is_translation_enabled": false, "utc_offset": -18000, "statuses_count": 161, "description": "Writer, Advocate and Minister", "friends_count": 236, "location": "", "profile_link_color": "FF0000", "profile_image_url": "http://pbs.twimg.com/profile_images/378800000151611749/8f282f81e16679425bdce5abf89a883e_normal.jpeg", "following": false, "geo_enabled": false, "profile_banner_url": "https://pbs.twimg.com/profile_banners/244589701/1374160243", "profile_background_image_url": "http://abs.twimg.com/images/themes/theme10/bg.gif", "screen_name": "Serene1pdf", "lang": "en", "profile_background_tile": true, "favourites_count": 110, "name": "Patrina Freeman", "notifications": false, "url": "http://t.co/gwSd9k4Tep", "created_at": "Sat Jan 29 17:20:42 +0000 2011", "contributors_enabled": false, "time_zone": "Central Time (US & Canada)", "protected": false, "default_profile": false, "is_translator": false}, "geo": null, "in_reply_to_user_id_str": "20772763", "lang": "en", "created_at": "Fri Aug 15 15:06:59 +0000 2014", "in_reply_to_status_id_str": "500296080710705152", "place": null}
