{"contributors":null,"truncated":false,"text":"@CharlesMBlow @infiniteideal the items matter not. \"Just give me a reason\" is all they need to open fire. Don't give em and they'll make one","in_reply_to_status_id":500296080710705152,"id":500298630100971520,"favorite_count":0,"source":"<a href=\"http:\/\/twitterrific.com\" rel=\"nofollow\">Twitterrific<\/a>","retweeted":false,"coordinates":null,"entities":{"symbols":[],"user_mentions":[{"id":20772763,"indices":[0,13],"id_str":"20772763","screen_name":"CharlesMBlow","name":"Charles M. Blow"},{"id":25873558,"indices":[14,28],"id_str":"25873558","screen_name":"infiniteideal","name":"Ryan Herring "}],"hashtags":[],"urls":[]},"in_reply_to_screen_name":"CharlesMBlow","id_str":"500298630100971520","retweet_count":0,"in_reply_to_user_id":20772763,"favorited":false,"user":{"follow_request_sent":false,"profile_use_background_image":true,"default_profile_image":false,"id":193402733,"profile_background_image_url_https":"https:\/\/pbs.twimg.com\/profile_background_images\/657298804\/gon5vhwprbosigmvobgh.jpeg","verified":false,"profile_text_color":"666666","profile_image_url_https":"https:\/\/pbs.twimg.com\/profile_images\/512009355697590272\/hKnyDkBk_normal.png","profile_sidebar_fill_color":"252429","entities":{"url":{"urls":[{"url":"http:\/\/t.co\/fwmdz5nZd8","indices":[0,22],"expanded_url":"http:\/\/stay-true.com","display_url":"stay-true.com"}]},"description":{"urls":[]}},"followers_count":511,"profile_sidebar_border_color":"181A1E","id_str":"193402733","profile_background_color":"1A1B1F","listed_count":6,"is_translation_enabled":false,"utc_offset":-18000,"statuses_count":80903,"description":"Love, Loyalty, Respect. Be You. Stay-True. Don't tweet me links to your music ~ Send ALL Music and Brand Submissions To: hidefinition@stay-true.com","friends_count":251,"location":"North Louisville, IN","profile_link_color":"11C4F5","profile_image_url":"http:\/\/pbs.twimg.com\/profile_images\/512009355697590272\/hKnyDkBk_normal.png","following":false,"geo_enabled":false,"profile_banner_url":"https:\/\/pbs.twimg.com\/profile_banners\/193402733\/1353271100","profile_background_image_url":"http:\/\/pbs.twimg.com\/profile_background_images\/657298804\/gon5vhwprbosigmvobgh.jpeg","screen_name":"HiDefinition502","lang":"en","profile_background_tile":true,"favourites_count":2067,"name":"Brandon","notifications":false,"url":"http:\/\/t.co\/fwmdz5nZd8","created_at":"Tue Sep 21 18:46:44 +0000 2010","contributors_enabled":false,"time_zone":"Central Time (US & Canada)","protected":false,"default_profile":false,"is_translator":false},"geo":null,"in_reply_to_user_id_str":"20772763","lang":"en","created_at":"Fri Aug 15 15:11:03 +0000 2014","in_reply_to_status_id_str":"500296080710705152","place":null}