{"contributors":null,"truncated":false,"text":"@CharlesMBlow this is America! Of course the taxes generated from those things are worth more than a black persons life! \ud83d\ude12\ud83d\ude12","in_reply_to_status_id":500296080710705152,"id":500297049586552834,"favorite_count":0,"source":"<a href=\"http:\/\/twitter.com\/download\/iphone\" rel=\"nofollow\">Twitter for iPhone<\/a>","retweeted":false,"coordinates":null,"entities":{"symbols":[],"user_mentions":[{"id":20772763,"indices":[0,13],"id_str":"20772763","screen_name":"CharlesMBlow","name":"Charles M. Blow"}],"hashtags":[],"urls":[]},"in_reply_to_screen_name":"CharlesMBlow","id_str":"500297049586552834","retweet_count":0,"in_reply_to_user_id":20772763,"favorited":false,"user":{"follow_request_sent":false,"profile_use_background_image":true,"default_profile_image":false,"id":137576060,"profile_background_image_url_https":"https:\/\/pbs.twimg.com\/profile_background_images\/764099086\/cb91bb0d2b3ec0b6c45af81b83b5202e.jpeg","verified":false,"profile_text_color":"3D1957","profile_image_url_https":"https:\/\/pbs.twimg.com\/profile_images\/517495981437644800\/eMRMBDaD_normal.jpeg","profile_sidebar_fill_color":"17EB1E","entities":{"description":{"urls":[]}},"followers_count":252,"profile_sidebar_border_color":"FFFFFF","id_str":"137576060","profile_background_color":"642D8B","listed_count":4,"is_translation_enabled":false,"utc_offset":-14400,"statuses_count":72526,"description":"Just letting God take the wheel...oh & It's only twitter relax.","friends_count":338,"location":"Harlem \ue01d ATL","profile_link_color":"2490E3","profile_image_url":"http:\/\/pbs.twimg.com\/profile_images\/517495981437644800\/eMRMBDaD_normal.jpeg","following":false,"geo_enabled":false,"profile_banner_url":"https:\/\/pbs.twimg.com\/profile_banners\/137576060\/1374686553","profile_background_image_url":"http:\/\/pbs.twimg.com\/profile_background_images\/764099086\/cb91bb0d2b3ec0b6c45af81b83b5202e.jpeg","screen_name":"krisroDgerdat","lang":"en","profile_background_tile":true,"favourites_count":614,"name":"K. Rod","notifications":false,"url":null,"created_at":"Tue Apr 27 04:11:04 +0000 2010","contributors_enabled":false,"time_zone":"Eastern Time (US & Canada)","protected":false,"default_profile":false,"is_translator":false},"geo":null,"in_reply_to_user_id_str":"20772763","lang":"en","created_at":"Fri Aug 15 15:04:46 +0000 2014","in_reply_to_status_id_str":"500296080710705152","place":null}