{"contributors":null,"truncated":false,"text":"@CharlesMBlow slowly see the narrative changing as the EVIDENCE comes in. The whole episode is disgusting on BOTH sides.","in_reply_to_status_id":500296080710705152,"id":500296690101157888,"favorite_count":0,"source":"<a href=\"http:\/\/twitter.com\" rel=\"nofollow\">Twitter Web Client<\/a>","retweeted":false,"coordinates":null,"entities":{"symbols":[],"user_mentions":[{"id":20772763,"indices":[0,13],"id_str":"20772763","screen_name":"CharlesMBlow","name":"Charles M. Blow"}],"hashtags":[],"urls":[]},"in_reply_to_screen_name":"CharlesMBlow","id_str":"500296690101157888","retweet_count":0,"in_reply_to_user_id":20772763,"favorited":false,"user":{"follow_request_sent":false,"profile_use_background_image":true,"default_profile_image":false,"id":23338474,"profile_background_image_url_https":"https:\/\/abs.twimg.com\/images\/themes\/theme1\/bg.png","verified":false,"profile_text_color":"333333","profile_image_url_https":"https:\/\/pbs.twimg.com\/profile_images\/532931256061681664\/eIwRZGXe_normal.jpeg","profile_sidebar_fill_color":"DDEEF6","entities":{"description":{"urls":[]}},"followers_count":59,"profile_sidebar_border_color":"C0DEED","id_str":"23338474","profile_background_color":"C0DEED","listed_count":1,"is_translation_enabled":false,"utc_offset":-14400,"statuses_count":717,"description":"Hedge Fund Strategist, Kenyan Socialist, Flaming Liberal, Sugar Daddy Lover, and Professional Dilettante....Go Bears...","friends_count":51,"location":"Earth","profile_link_color":"0084B4","profile_image_url":"http:\/\/pbs.twimg.com\/profile_images\/532931256061681664\/eIwRZGXe_normal.jpeg","following":false,"geo_enabled":true,"profile_background_image_url":"http:\/\/abs.twimg.com\/images\/themes\/theme1\/bg.png","screen_name":"MacroMusings","lang":"en","profile_background_tile":false,"favourites_count":35,"name":"Billy Ray Valentine","notifications":false,"url":null,"created_at":"Sun Mar 08 18:44:48 +0000 2009","contributors_enabled":false,"time_zone":"Eastern Time (US & Canada)","protected":false,"default_profile":true,"is_translator":false},"geo":null,"in_reply_to_user_id_str":"20772763","lang":"en","created_at":"Fri Aug 15 15:03:20 +0000 2014","in_reply_to_status_id_str":"500296080710705152","place":null}