{"contributors": null, "truncated": false, "text": "@CharlesMBlow What a straw man! Of course it's not but I don't think I would be interested in being a cop in today's society. Keep safe.", "in_reply_to_status_id": 500296080710705152, "id": 500312700229283840, "favorite_count": 0, "source": "<a href=\"http://twitter.com\" rel=\"nofollow\">Twitter Web Client</a>", "retweeted": false, "coordinates": null, "entities": {"symbols": [], "user_mentions": [{"id": 20772763, "indices": [0, 13], "id_str": "20772763", "screen_name": "CharlesMBlow", "name": "Charles M. Blow"}], "hashtags": [], "urls": []}, "in_reply_to_screen_name": "CharlesMBlow", "id_str": "500312700229283840", "retweet_count": 0, "in_reply_to_user_id": 20772763, "favorited": false, "user": {"follow_request_sent": false, "profile_use_background_image": true, "default_profile_image": false, "id": 2332642788, "profile_background_image_url_https": "https://abs.twimg.com/images/themes/theme1/bg.png", "verified": false, "profile_text_color": "333333", "profile_image_url_https": "https://pbs.twimg.com/profile_images/432314513069572097/0XSCwFpx_normal.jpeg", "profile_sidebar_fill_color": "DDEEF6", "entities": {"description": {"urls": []}}, "followers_count": 55, "profile_sidebar_border_color": "C0DEED", "id_str": "2332642788", "profile_background_color": "C0DEED", "listed_count": 1, "is_translation_enabled": false, "utc_offset": -25200, "statuses_count": 662, "description": "Retired Airline Pilot who produces art with no commercial value.", "friends_count": 347, "location": "Seattle", "profile_link_color": "0084B4", "profile_image_url": "http://pbs.twimg.com/profile_images/432314513069572097/0XSCwFpx_normal.jpeg", "following": false, "geo_enabled": true, "profile_banner_url": "https://pbs.twimg.com/profile_banners/2332642788/1397797224", "profile_background_image_url": "http://abs.twimg.com/images/themes/theme1/bg.png", "screen_name": "BilGriffith", "lang": "en", "profile_background_tile": false, "favourites_count": 125, "name": "Bill Griffith", "notifications": false, "url": null, "created_at": "Sat Feb 08 01:13:33 +0000 2014", "contributors_enabled": false, "time_zone": "Pacific Time (US & Canada)", "protected": false, "default_profile": true, "is_translator": false}, "geo": null, "in_reply_to_user_id_str": "20772763", "lang": "en", "created_at": "Fri Aug 15 16:06:57 +0000 2014", "in_reply_to_status_id_str": "500296080710705152", "place": null}
