{"contributors":null,"truncated":false,"text":"@CharlesMBlow @DavidSTLhss don't assault authority","in_reply_to_status_id":500296080710705152,"id":500304506253754368,"favorite_count":0,"source":"<a href=\"http:\/\/twitter.com\/download\/iphone\" rel=\"nofollow\">Twitter for iPhone<\/a>","retweeted":false,"coordinates":null,"entities":{"symbols":[],"user_mentions":[{"id":20772763,"indices":[0,13],"id_str":"20772763","screen_name":"CharlesMBlow","name":"Charles M. Blow"},{"id":140612771,"indices":[14,26],"id_str":"140612771","screen_name":"DavidSTLhss","name":"David Kvidahl \u2712\ufe0f\u260e\ufe0f"}],"hashtags":[],"urls":[]},"in_reply_to_screen_name":"CharlesMBlow","id_str":"500304506253754368","retweet_count":0,"in_reply_to_user_id":20772763,"favorited":false,"user":{"follow_request_sent":false,"profile_use_background_image":true,"default_profile_image":false,"id":24133143,"profile_background_image_url_https":"https:\/\/abs.twimg.com\/images\/themes\/theme9\/bg.gif","verified":false,"profile_text_color":"666666","profile_image_url_https":"https:\/\/pbs.twimg.com\/profile_images\/549802288936914944\/vlm_wzSf_normal.jpeg","profile_sidebar_fill_color":"252429","entities":{"description":{"urls":[]}},"followers_count":109,"profile_sidebar_border_color":"181A1E","id_str":"24133143","profile_background_color":"1A1B1F","listed_count":1,"is_translation_enabled":false,"utc_offset":-18000,"statuses_count":1730,"description":"Lithotripsy and lover of Ice\/Roller Hockey","friends_count":579,"location":"Ofallon MO","profile_link_color":"2FC2EF","profile_image_url":"http:\/\/pbs.twimg.com\/profile_images\/549802288936914944\/vlm_wzSf_normal.jpeg","following":false,"geo_enabled":true,"profile_banner_url":"https:\/\/pbs.twimg.com\/profile_banners\/24133143\/1405637923","profile_background_image_url":"http:\/\/abs.twimg.com\/images\/themes\/theme9\/bg.gif","screen_name":"Jberg21","lang":"en","profile_background_tile":false,"favourites_count":144,"name":"Jeff Berger","notifications":false,"url":null,"created_at":"Fri Mar 13 05:22:04 +0000 2009","contributors_enabled":false,"time_zone":"Central Time (US & Canada)","protected":false,"default_profile":false,"is_translator":false},"geo":null,"in_reply_to_user_id_str":"20772763","lang":"en","created_at":"Fri Aug 15 15:34:24 +0000 2014","in_reply_to_status_id_str":"500296080710705152","place":null}