{"contributors": null, "truncated": false, "text": "@CharlesMBlow Did police tell the governor, anybody about this?  The FBI?", "in_reply_to_status_id": 500296080710705152, "id": 500304996995727361, "favorite_count": 0, "source": "<a href=\"http://twitter.com\" rel=\"nofollow\">Twitter Web Client</a>", "retweeted": false, "coordinates": null, "entities": {"symbols": [], "user_mentions": [{"id": 20772763, "indices": [0, 13], "id_str": "20772763", "screen_name": "CharlesMBlow", "name": "Charles M. Blow"}], "hashtags": [], "urls": []}, "in_reply_to_screen_name": "CharlesMBlow", "id_str": "500304996995727361", "retweet_count": 0, "in_reply_to_user_id": 20772763, "favorited": false, "user": {"follow_request_sent": false, "profile_use_background_image": true, "default_profile_image": false, "id": 221986346, "profile_background_image_url_https": "https://pbs.twimg.com/profile_background_images/502850769138098176/XSBp3a9P.jpeg", "verified": false, "profile_text_color": "9BB893", "profile_image_url_https": "https://pbs.twimg.com/profile_images/509390547320979456/ZD0Im9hx_normal.png", "profile_sidebar_fill_color": "2C321B", "entities": {"description": {"urls": []}}, "followers_count": 233, "profile_sidebar_border_color": "FFFFFF", "id_str": "221986346", "profile_background_color": "BEE6CB", "listed_count": 3, "is_translation_enabled": false, "utc_offset": -21600, "statuses_count": 8083, "description": "I share @ books, movies, the human situation. I admire creativity  & support change (as opposed to stagnation) as a regenerative part of democracy. NO SPAM!", "friends_count": 720, "location": "Earth, North America", "profile_link_color": "E1713B", "profile_image_url": "http://pbs.twimg.com/profile_images/509390547320979456/ZD0Im9hx_normal.png", "following": false, "geo_enabled": false, "profile_banner_url": "https://pbs.twimg.com/profile_banners/221986346/1355440776", "profile_background_image_url": "http://pbs.twimg.com/profile_background_images/502850769138098176/XSBp3a9P.jpeg", "screen_name": "tmack894", "lang": "en", "profile_background_tile": true, "favourites_count": 533, "name": "Tee Mack", "notifications": false, "url": null, "created_at": "Thu Dec 02 04:14:27 +0000 2010", "contributors_enabled": false, "time_zone": "Mountain Time (US & Canada)", "protected": false, "default_profile": false, "is_translator": false}, "geo": null, "in_reply_to_user_id_str": "20772763", "lang": "en", "created_at": "Fri Aug 15 15:36:21 +0000 2014", "in_reply_to_status_id_str": "500296080710705152", "place": null}
