{"contributors":null,"truncated":false,"text":"@CharlesMBlow @ProfessorCrunk When your brown they really don't even need a complex reason.","in_reply_to_status_id":500296080710705152,"id":500348841515024384,"favorite_count":0,"source":"<a href=\"http:\/\/twitter.com\" rel=\"nofollow\">Twitter Web Client<\/a>","retweeted":false,"coordinates":null,"entities":{"symbols":[],"user_mentions":[{"id":20772763,"indices":[0,13],"id_str":"20772763","screen_name":"CharlesMBlow","name":"Charles M. Blow"},{"id":470708968,"indices":[14,29],"id_str":"470708968","screen_name":"ProfessorCrunk","name":"Brittney Cooper"}],"hashtags":[],"urls":[]},"in_reply_to_screen_name":"CharlesMBlow","id_str":"500348841515024384","retweet_count":0,"in_reply_to_user_id":20772763,"favorited":false,"user":{"follow_request_sent":false,"profile_use_background_image":true,"default_profile_image":false,"id":2573215164,"profile_background_image_url_https":"https:\/\/abs.twimg.com\/images\/themes\/theme18\/bg.gif","verified":false,"profile_text_color":"333333","profile_image_url_https":"https:\/\/pbs.twimg.com\/profile_images\/580124835596005377\/BzeP8CcF_normal.jpg","profile_sidebar_fill_color":"F6F6F6","entities":{"description":{"urls":[]}},"followers_count":409,"profile_sidebar_border_color":"EEEEEE","id_str":"2573215164","profile_background_color":"ACDED6","listed_count":2,"is_translation_enabled":false,"utc_offset":-14400,"statuses_count":15971,"description":"Chief Operating Manager\nfor the 2Y's and her Majesty Ms. Z, Inc","friends_count":1092,"location":"Planet Earth","profile_link_color":"038543","profile_image_url":"http:\/\/pbs.twimg.com\/profile_images\/580124835596005377\/BzeP8CcF_normal.jpg","following":false,"geo_enabled":false,"profile_banner_url":"https:\/\/pbs.twimg.com\/profile_banners\/2573215164\/1403557424","profile_background_image_url":"http:\/\/abs.twimg.com\/images\/themes\/theme18\/bg.gif","screen_name":"AtefehNaeemi","lang":"en","profile_background_tile":false,"favourites_count":8722,"name":"Atefeh Naeemi","notifications":false,"url":null,"created_at":"Tue Jun 17 16:54:12 +0000 2014","contributors_enabled":false,"time_zone":"Eastern Time (US & Canada)","protected":false,"default_profile":false,"is_translator":false},"geo":null,"in_reply_to_user_id_str":"20772763","lang":"en","created_at":"Fri Aug 15 18:30:34 +0000 2014","in_reply_to_status_id_str":"500296080710705152","place":null}