{"contributors": null, "truncated": false, "text": "@CharlesMBlow U R so right, It is not a policemen's job to be judge,jury,and executioner,as too often is the case when the suspect is black.", "in_reply_to_status_id": 500296080710705152, "id": 500304180901593089, "favorite_count": 0, "source": "<a href=\"http://twitter.com\" rel=\"nofollow\">Twitter Web Client</a>", "retweeted": false, "coordinates": null, "entities": {"symbols": [], "user_mentions": [{"id": 20772763, "indices": [0, 13], "id_str": "20772763", "screen_name": "CharlesMBlow", "name": "Charles M. Blow"}], "hashtags": [], "urls": []}, "in_reply_to_screen_name": "CharlesMBlow", "id_str": "500304180901593089", "retweet_count": 0, "in_reply_to_user_id": 20772763, "favorited": false, "user": {"follow_request_sent": false, "profile_use_background_image": true, "default_profile_image": false, "id": 53228449, "profile_background_image_url_https": "https://abs.twimg.com/images/themes/theme8/bg.gif", "verified": false, "profile_text_color": "333333", "profile_image_url_https": "https://pbs.twimg.com/profile_images/509868369529827328/8CL7t3dU_normal.jpeg", "profile_sidebar_fill_color": "EADEAA", "entities": {"description": {"urls": []}}, "followers_count": 157, "profile_sidebar_border_color": "D9B17E", "id_str": "53228449", "profile_background_color": "8B542B", "listed_count": 4, "is_translation_enabled": false, "utc_offset": -14400, "statuses_count": 3525, "description": "serious,witty,compasionate,strong,athletic,opinionated,daring, curious,yet still growing", "friends_count": 557, "location": "USA", "profile_link_color": "9D582E", "profile_image_url": "http://pbs.twimg.com/profile_images/509868369529827328/8CL7t3dU_normal.jpeg", "following": false, "geo_enabled": false, "profile_banner_url": "https://pbs.twimg.com/profile_banners/53228449/1399337251", "profile_background_image_url": "http://abs.twimg.com/images/themes/theme8/bg.gif", "screen_name": "jazzmessenger", "lang": "en", "profile_background_tile": false, "favourites_count": 2207, "name": "Thomas", "notifications": false, "url": null, "created_at": "Thu Jul 02 23:45:10 +0000 2009", "contributors_enabled": false, "time_zone": "Eastern Time (US & Canada)", "protected": false, "default_profile": false, "is_translator": false}, "geo": null, "in_reply_to_user_id_str": "20772763", "lang": "en", "created_at": "Fri Aug 15 15:33:06 +0000 2014", "in_reply_to_status_id_str": "500296080710705152", "place": null}
