{"contributors": null, "truncated": false, "text": "@CharlesMBlow Maybe the questions is, \"are they worth dying over\"?", "in_reply_to_status_id": 500296080710705152, "id": 500304079772323840, "favorite_count": 0, "source": "<a href=\"http://twitter.com\" rel=\"nofollow\">Twitter Web Client</a>", "retweeted": false, "coordinates": null, "entities": {"symbols": [], "user_mentions": [{"id": 20772763, "indices": [0, 13], "id_str": "20772763", "screen_name": "CharlesMBlow", "name": "Charles M. Blow"}], "hashtags": [], "urls": []}, "in_reply_to_screen_name": "CharlesMBlow", "id_str": "500304079772323840", "retweet_count": 0, "in_reply_to_user_id": 20772763, "favorited": false, "user": {"follow_request_sent": false, "profile_use_background_image": true, "default_profile_image": false, "id": 260301540, "profile_background_image_url_https": "https://abs.twimg.com/images/themes/theme1/bg.png", "verified": false, "profile_text_color": "333333", "profile_image_url_https": "https://pbs.twimg.com/profile_images/499647568272293890/LTapoeP6_normal.jpeg", "profile_sidebar_fill_color": "DDEEF6", "entities": {"description": {"urls": []}}, "followers_count": 15, "profile_sidebar_border_color": "C0DEED", "id_str": "260301540", "profile_background_color": "C0DEED", "listed_count": 0, "is_translation_enabled": false, "utc_offset": -21600, "statuses_count": 463, "description": "Just trying to love and enjoy life as much as i can!", "friends_count": 231, "location": "St. Louis, MO", "profile_link_color": "0084B4", "profile_image_url": "http://pbs.twimg.com/profile_images/499647568272293890/LTapoeP6_normal.jpeg", "following": false, "geo_enabled": false, "profile_banner_url": "https://pbs.twimg.com/profile_banners/260301540/1398030383", "profile_background_image_url": "http://abs.twimg.com/images/themes/theme1/bg.png", "screen_name": "Geenessa", "lang": "en", "profile_background_tile": false, "favourites_count": 333, "name": "Geenessa", "notifications": false, "url": null, "created_at": "Thu Mar 03 16:21:17 +0000 2011", "contributors_enabled": false, "time_zone": "Mountain Time (US & Canada)", "protected": false, "default_profile": true, "is_translator": false}, "geo": null, "in_reply_to_user_id_str": "20772763", "lang": "en", "created_at": "Fri Aug 15 15:32:42 +0000 2014", "in_reply_to_status_id_str": "500296080710705152", "place": null}
