{"contributors": null, "truncated": false, "text": "@LisaEGoldsmith @CharlesMBlow Not gone; law is not written that way.", "in_reply_to_status_id": 500305687348793346, "id": 500306571277377537, "favorite_count": 0, "source": "<a href=\"http://twitter.com\" rel=\"nofollow\">Twitter Web Client</a>", "retweeted": false, "coordinates": null, "entities": {"symbols": [], "user_mentions": [{"id": 22713011, "indices": [0, 15], "id_str": "22713011", "screen_name": "LisaEGoldsmith", "name": "Lisa Goldsmith"}, {"id": 20772763, "indices": [16, 29], "id_str": "20772763", "screen_name": "CharlesMBlow", "name": "Charles M. Blow"}], "hashtags": [], "urls": []}, "in_reply_to_screen_name": "LisaEGoldsmith", "id_str": "500306571277377537", "retweet_count": 0, "in_reply_to_user_id": 22713011, "favorited": false, "user": {"follow_request_sent": false, "profile_use_background_image": true, "default_profile_image": false, "id": 113424415, "profile_background_image_url_https": "https://pbs.twimg.com/profile_background_images/243025941/hs-2008-40-a-large_web.jpg", "verified": false, "profile_text_color": "333333", "profile_image_url_https": "https://pbs.twimg.com/profile_images/1046281820/SUN_normal.jpg", "profile_sidebar_fill_color": "DDFFCC", "entities": {"description": {"urls": []}}, "followers_count": 51, "profile_sidebar_border_color": "BDDCAD", "id_str": "113424415", "profile_background_color": "9AE4E8", "listed_count": 3, "is_translation_enabled": false, "utc_offset": -25200, "statuses_count": 2476, "description": "Actor/Entrepreneur:polictical observer,social critic.", "friends_count": 129, "location": "USA", "profile_link_color": "0084B4", "profile_image_url": "http://pbs.twimg.com/profile_images/1046281820/SUN_normal.jpg", "following": false, "geo_enabled": false, "profile_background_image_url": "http://pbs.twimg.com/profile_background_images/243025941/hs-2008-40-a-large_web.jpg", "screen_name": "REWfirstworld", "lang": "en", "profile_background_tile": false, "favourites_count": 12, "name": "REW", "notifications": false, "url": null, "created_at": "Thu Feb 11 18:26:34 +0000 2010", "contributors_enabled": false, "time_zone": "Pacific Time (US & Canada)", "protected": false, "default_profile": false, "is_translator": false}, "geo": null, "in_reply_to_user_id_str": "22713011", "lang": "en", "created_at": "Fri Aug 15 15:42:36 +0000 2014", "in_reply_to_status_id_str": "500305687348793346", "place": null}
