{"contributors":null,"truncated":false,"text":"@CharlesMBlow no. We have a court system  to try criminal allegations.Cops are not judge and jury.","in_reply_to_status_id":500296080710705152,"id":500303170846064640,"favorite_count":0,"source":"<a href=\"https:\/\/twitter.com\/download\/android\" rel=\"nofollow\">Twitter for Android Tablets<\/a>","retweeted":false,"coordinates":null,"entities":{"symbols":[],"user_mentions":[{"id":20772763,"indices":[0,13],"id_str":"20772763","screen_name":"CharlesMBlow","name":"Charles M. Blow"}],"hashtags":[],"urls":[]},"in_reply_to_screen_name":"CharlesMBlow","id_str":"500303170846064640","retweet_count":0,"in_reply_to_user_id":20772763,"favorited":false,"user":{"follow_request_sent":false,"profile_use_background_image":true,"default_profile_image":false,"id":707758978,"profile_background_image_url_https":"https:\/\/abs.twimg.com\/images\/themes\/theme1\/bg.png","verified":false,"profile_text_color":"333333","profile_image_url_https":"https:\/\/pbs.twimg.com\/profile_images\/587231761106632706\/eML7y8SK_normal.jpg","profile_sidebar_fill_color":"DDEEF6","entities":{"description":{"urls":[]}},"followers_count":1215,"profile_sidebar_border_color":"C0DEED","id_str":"707758978","profile_background_color":"C0DEED","listed_count":32,"is_translation_enabled":false,"utc_offset":null,"statuses_count":14063,"description":"curiouser and curiouser, admire smart people who know more than I do, which is a big list...husband, father, Teamster. Liberal MoFo #UniteBlue","friends_count":1343,"location":"Hatboro, PA","profile_link_color":"0084B4","profile_image_url":"http:\/\/pbs.twimg.com\/profile_images\/587231761106632706\/eML7y8SK_normal.jpg","following":false,"geo_enabled":true,"profile_banner_url":"https:\/\/pbs.twimg.com\/profile_banners\/707758978\/1401931540","profile_background_image_url":"http:\/\/abs.twimg.com\/images\/themes\/theme1\/bg.png","screen_name":"popsknox","lang":"en","profile_background_tile":false,"favourites_count":7507,"name":"Paul Knox","notifications":false,"url":null,"created_at":"Thu Oct 10 11:26:11 +0000 2013","contributors_enabled":false,"time_zone":null,"protected":false,"default_profile":true,"is_translator":false},"geo":null,"in_reply_to_user_id_str":"20772763","lang":"en","created_at":"Fri Aug 15 15:29:05 +0000 2014","in_reply_to_status_id_str":"500296080710705152","place":null}