{"contributors": null, "truncated": false, "text": "@REWfirstworld @CharlesMBlow  SCOTUS police can only shoot fleeing suspect if poses significant threat of death or serious bodily harm.", "in_reply_to_status_id": 500298528997277696, "id": 500301940094685184, "favorite_count": 0, "source": "<a href=\"http://twitter.com\" rel=\"nofollow\">Twitter Web Client</a>", "retweeted": false, "coordinates": null, "entities": {"symbols": [], "user_mentions": [{"id": 113424415, "indices": [0, 14], "id_str": "113424415", "screen_name": "REWfirstworld", "name": "REW"}, {"id": 20772763, "indices": [15, 28], "id_str": "20772763", "screen_name": "CharlesMBlow", "name": "Charles M. Blow"}], "hashtags": [], "urls": []}, "in_reply_to_screen_name": "REWfirstworld", "id_str": "500301940094685184", "retweet_count": 0, "in_reply_to_user_id": 113424415, "favorited": false, "user": {"follow_request_sent": false, "profile_use_background_image": true, "default_profile_image": false, "id": 22713011, "profile_background_image_url_https": "https://abs.twimg.com/images/themes/theme10/bg.gif", "verified": false, "profile_text_color": "3D1957", "profile_image_url_https": "https://pbs.twimg.com/profile_images/1875756292/Tulips_normal.jpg", "profile_sidebar_fill_color": "7AC3EE", "entities": {"description": {"urls": []}}, "followers_count": 12, "profile_sidebar_border_color": "65B0DA", "id_str": "22713011", "profile_background_color": "642D8B", "listed_count": 0, "is_translation_enabled": false, "utc_offset": -7200, "statuses_count": 166, "description": "", "friends_count": 53, "location": "", "profile_link_color": "FF0000", "profile_image_url": "http://pbs.twimg.com/profile_images/1875756292/Tulips_normal.jpg", "following": false, "geo_enabled": false, "profile_background_image_url": "http://abs.twimg.com/images/themes/theme10/bg.gif", "screen_name": "LisaEGoldsmith", "lang": "en", "profile_background_tile": true, "favourites_count": 16, "name": "Lisa Goldsmith", "notifications": false, "url": null, "created_at": "Wed Mar 04 01:24:04 +0000 2009", "contributors_enabled": false, "time_zone": "Mid-Atlantic", "protected": false, "default_profile": false, "is_translator": false}, "geo": null, "in_reply_to_user_id_str": "113424415", "lang": "en", "created_at": "Fri Aug 15 15:24:12 +0000 2014", "in_reply_to_status_id_str": "500298528997277696", "place": null}
