{"contributors":null,"truncated":false,"text":"@CharlesMBlow It's like justifying rape based on the clothes a victim was wearing. Nonsense.","in_reply_to_status_id":500296080710705152,"id":500303730903121921,"favorite_count":0,"source":"<a href=\"http:\/\/twitter.com\/#!\/download\/ipad\" rel=\"nofollow\">Twitter for iPad<\/a>","retweeted":false,"coordinates":null,"entities":{"symbols":[],"user_mentions":[{"id":20772763,"indices":[0,13],"id_str":"20772763","screen_name":"CharlesMBlow","name":"Charles M. Blow"}],"hashtags":[],"urls":[]},"in_reply_to_screen_name":"CharlesMBlow","id_str":"500303730903121921","retweet_count":0,"in_reply_to_user_id":20772763,"favorited":false,"user":{"follow_request_sent":false,"profile_use_background_image":true,"default_profile_image":false,"id":72651596,"profile_background_image_url_https":"https:\/\/abs.twimg.com\/images\/themes\/theme12\/bg.gif","verified":false,"profile_text_color":"0C3E53","profile_image_url_https":"https:\/\/pbs.twimg.com\/profile_images\/564044517792165888\/405c6UAq_normal.jpeg","profile_sidebar_fill_color":"FFF7CC","entities":{"url":{"urls":[{"url":"http:\/\/t.co\/48yHHo6KMj","indices":[0,22],"expanded_url":"http:\/\/www.lesproductionssoleil.com","display_url":"lesproductionssoleil.com"}]},"description":{"urls":[]}},"followers_count":368,"profile_sidebar_border_color":"F2E195","id_str":"72651596","profile_background_color":"BADFCD","listed_count":13,"is_translation_enabled":false,"utc_offset":-18000,"statuses_count":3457,"description":"","friends_count":405,"location":"Port-au-Prince, Haiti","profile_link_color":"FF0000","profile_image_url":"http:\/\/pbs.twimg.com\/profile_images\/564044517792165888\/405c6UAq_normal.jpeg","following":false,"geo_enabled":true,"profile_background_image_url":"http:\/\/abs.twimg.com\/images\/themes\/theme12\/bg.gif","screen_name":"bellzye","lang":"en","profile_background_tile":false,"favourites_count":36,"name":"sandrine romain","notifications":false,"url":"http:\/\/t.co\/48yHHo6KMj","created_at":"Tue Sep 08 20:03:05 +0000 2009","contributors_enabled":false,"time_zone":"Central Time (US & Canada)","protected":false,"default_profile":false,"is_translator":false},"geo":null,"in_reply_to_user_id_str":"20772763","lang":"en","created_at":"Fri Aug 15 15:31:19 +0000 2014","in_reply_to_status_id_str":"500296080710705152","place":null}