{"contributors": null, "truncated": false, "text": "@CharlesMBlow Admitted not handled right but this large kid was NO \"nice\" college kid.", "in_reply_to_status_id": 500296080710705152, "id": 501507559027904513, "favorite_count": 0, "source": "<a href=\"https://twitter.com/download/android\" rel=\"nofollow\">Twitter for Android Tablets</a>", "retweeted": false, "coordinates": null, "entities": {"symbols": [], "user_mentions": [{"id": 20772763, "indices": [0, 13], "id_str": "20772763", "screen_name": "CharlesMBlow", "name": "Charles M. Blow"}], "hashtags": [], "urls": []}, "in_reply_to_screen_name": "CharlesMBlow", "id_str": "501507559027904513", "retweet_count": 0, "in_reply_to_user_id": 20772763, "favorited": false, "user": {"follow_request_sent": false, "profile_use_background_image": true, "default_profile_image": false, "id": 92189292, "profile_background_image_url_https": "https://abs.twimg.com/images/themes/theme10/bg.gif", "verified": false, "profile_text_color": "3D1957", "profile_image_url_https": "https://pbs.twimg.com/profile_images/541173244/Picture_1_normal.jpg", "profile_sidebar_fill_color": "7AC3EE", "entities": {"description": {"urls": []}}, "followers_count": 88, "profile_sidebar_border_color": "65B0DA", "id_str": "92189292", "profile_background_color": "642D8B", "listed_count": 1, "is_translation_enabled": false, "utc_offset": -25200, "statuses_count": 8889, "description": "Retired medical professional, photographer, dressmaker., grandmother.  Brit by birth. American by design and citizenship.", "friends_count": 117, "location": "USA", "profile_link_color": "FF0000", "profile_image_url": "http://pbs.twimg.com/profile_images/541173244/Picture_1_normal.jpg", "following": false, "geo_enabled": true, "profile_background_image_url": "http://abs.twimg.com/images/themes/theme10/bg.gif", "screen_name": "ukcountess", "lang": "en", "profile_background_tile": true, "favourites_count": 80, "name": "GrammyR", "notifications": false, "url": null, "created_at": "Tue Nov 24 03:25:43 +0000 2009", "contributors_enabled": false, "time_zone": "Pacific Time (US & Canada)", "protected": false, "default_profile": false, "is_translator": false}, "geo": null, "in_reply_to_user_id_str": "20772763", "lang": "en", "created_at": "Mon Aug 18 23:14:54 +0000 2014", "in_reply_to_status_id_str": "500296080710705152", "place": null}
