{"contributors":null,"truncated":false,"text":"Andreas Lubitz, co-pilot who brought down #Germanwings flight intentionally, recently commended by the FAA: http:\/\/t.co\/8dAYQ8vAKF","in_reply_to_status_id":null,"id":581066887200694272,"favorite_count":5,"source":"<a href=\"https:\/\/about.twitter.com\/products\/tweetdeck\" rel=\"nofollow\">TweetDeck<\/a>","retweeted":false,"coordinates":null,"entities":{"user_mentions":[],"symbols":[],"trends":[],"hashtags":[{"indices":[42,54],"text":"Germanwings"}],"urls":[{"url":"http:\/\/t.co\/8dAYQ8vAKF","indices":[108,130],"expanded_url":"http:\/\/aviation-business-gazette.com\/A44\/B58\/Pilot-Andreas-Guenter-Lubitz-Rheinland-Pfalz-.html","display_url":"aviation-business-gazette.com\/A44\/B58\/Pilot-\u2026"}]},"in_reply_to_screen_name":null,"id_str":"581066887200694272","retweet_count":29,"in_reply_to_user_id":null,"favorited":false,"user":{"follow_request_sent":null,"profile_use_background_image":true,"default_profile_image":false,"id":2566535282,"verified":false,"profile_image_url_https":"https:\/\/pbs.twimg.com\/profile_images\/543565392342290432\/aXZfchuk_normal.png","profile_sidebar_fill_color":"DDEEF6","profile_text_color":"333333","followers_count":36322,"profile_sidebar_border_color":"C0DEED","id_str":"2566535282","profile_background_color":"C0DEED","listed_count":1218,"profile_background_image_url_https":"https:\/\/abs.twimg.com\/images\/themes\/theme1\/bg.png","utc_offset":3600,"statuses_count":27725,"description":"Conflict News strives to give you breaking news on conflicts around the world. RT \u2260 Endorsement - Media inquiries can be sent to  rConflictNews at gmail.","friends_count":953,"location":"","profile_link_color":"CC4442","profile_image_url":"http:\/\/pbs.twimg.com\/profile_images\/543565392342290432\/aXZfchuk_normal.png","following":null,"geo_enabled":false,"profile_banner_url":"https:\/\/pbs.twimg.com\/profile_banners\/2566535282\/1402735099","profile_background_image_url":"http:\/\/abs.twimg.com\/images\/themes\/theme1\/bg.png","name":"Conflict News","lang":"en","profile_background_tile":false,"favourites_count":6221,"screen_name":"rConflictNews","notifications":null,"url":"http:\/\/www.conflict-news.com","created_at":"Sat Jun 14 05:49:56 +0000 2014","contributors_enabled":false,"time_zone":"Belgrade","protected":false,"default_profile":false,"is_translator":false},"geo":null,"in_reply_to_user_id_str":null,"possibly_sensitive":false,"lang":"en","created_at":"Thu Mar 26 12:15:16 +0000 2015","filter_level":"low","in_reply_to_status_id_str":null,"place":null}