{"contributors":null,"truncated":false,"text":"@WazzuCoug94 @Reuters definitely not good.  Hope for safe return of all hostages","in_reply_to_status_id":544285131209338880,"id":544289308341858304,"favorite_count":1,"source":"<a href=\"http:\/\/twitter.com\/download\/iphone\" rel=\"nofollow\">Twitter for iPhone<\/a>","retweeted":false,"coordinates":{"type":"Point","coordinates":[-122.34758409,47.16466512]},"entities":{"symbols":[],"user_mentions":[{"id":2350316353,"indices":[0,12],"id_str":"2350316353","screen_name":"WazzuCoug94","name":"Marilyn Washabaugh"},{"id":1652541,"indices":[13,21],"id_str":"1652541","screen_name":"Reuters","name":"Reuters Top News"}],"hashtags":[],"urls":[]},"in_reply_to_screen_name":"WazzuCoug94","id_str":"544289308341858304","retweet_count":0,"in_reply_to_user_id":2350316353,"favorited":false,"user":{"follow_request_sent":false,"profile_use_background_image":true,"profile_text_color":"333333","default_profile_image":false,"id":13120122,"profile_background_image_url_https":"https:\/\/abs.twimg.com\/images\/themes\/theme1\/bg.png","verified":false,"profile_location":null,"profile_image_url_https":"https:\/\/pbs.twimg.com\/profile_images\/552709810316009472\/FuSSYROm_normal.png","profile_sidebar_fill_color":"DDEEF6","entities":{"url":{"urls":[{"url":"http:\/\/t.co\/yL3auWC6gO","indices":[0,22],"expanded_url":"http:\/\/teamupfornonprofits.org","display_url":"teamupfornonprofits.org"}]},"description":{"urls":[]}},"followers_count":3604,"profile_sidebar_border_color":"C0DEED","id_str":"13120122","profile_background_color":"C0DEED","listed_count":51,"is_translation_enabled":false,"utc_offset":-28800,"statuses_count":15679,"description":"|Lover of #Music, #Seattle Sports, #Seahawks, #GameOfThrones, #Disney, #Marvel, #StarWars| Twitter guy for @teamup4nonprof| listening to @KrisOrlowski -Believer","friends_count":3595,"location":"Puyallup","profile_link_color":"0084B4","profile_image_url":"http:\/\/pbs.twimg.com\/profile_images\/552709810316009472\/FuSSYROm_normal.png","following":false,"geo_enabled":true,"profile_banner_url":"https:\/\/pbs.twimg.com\/profile_banners\/13120122\/1408509162","profile_background_image_url":"http:\/\/abs.twimg.com\/images\/themes\/theme1\/bg.png","name":"Otto Rogers","lang":"en","profile_background_tile":false,"favourites_count":19009,"screen_name":"smashmode","notifications":false,"url":"http:\/\/t.co\/yL3auWC6gO","created_at":"Tue Feb 05 23:21:12 +0000 2008","contributors_enabled":false,"time_zone":"Pacific Time (US & Canada)","protected":false,"default_profile":true,"is_translator":false},"geo":{"type":"Point","coordinates":[47.16466512,-122.34758409]},"in_reply_to_user_id_str":"2350316353","lang":"en","created_at":"Mon Dec 15 00:34:18 +0000 2014","in_reply_to_status_id_str":"544285131209338880","place":{"full_name":"Summit, WA","url":"https:\/\/api.twitter.com\/1.1\/geo\/id\/71363b539f29a337.json","country":"United States","place_type":"city","bounding_box":{"type":"Polygon","coordinates":[[[-122.39766,47.157769],[-122.325735,47.157769],[-122.325735,47.180946],[-122.39766,47.180946]]]},"contained_within":[],"country_code":"US","attributes":{},"id":"71363b539f29a337","name":"Summit"}}