{"contributors": null, "truncated": false, "text": "@Reuters not ISIS.  Flag. Testimony quote. Siege perpetrated by 2 idiotic wannabees.#sydneyseige.#lindtcafe", "in_reply_to_status_id": 544282449388519424, "id": 544283074205192192, "favorite_count": 0, "source": "<a href=\"http://twitter.com/download/android\" rel=\"nofollow\">Twitter for Android</a>", "retweeted": false, "coordinates": null, "entities": {"symbols": [], "user_mentions": [{"id": 1652541, "indices": [0, 8], "id_str": "1652541", "screen_name": "Reuters", "name": "Reuters Top News"}], "hashtags": [{"indices": [84, 96], "text": "sydneyseige"}, {"indices": [97, 107], "text": "lindtcafe"}], "urls": []}, "in_reply_to_screen_name": "Reuters", "id_str": "544283074205192192", "retweet_count": 0, "in_reply_to_user_id": 1652541, "favorited": false, "user": {"follow_request_sent": false, "profile_use_background_image": true, "profile_text_color": "333333", "default_profile_image": false, "id": 285505398, "profile_background_image_url_https": "https://abs.twimg.com/images/themes/theme1/bg.png", "verified": false, "profile_location": null, "profile_image_url_https": "https://pbs.twimg.com/profile_images/3085392491/8f4478a57c467f3a956a598cca2d0d7a_normal.jpeg", "profile_sidebar_fill_color": "DDEEF6", "entities": {"description": {"urls": []}}, "followers_count": 59, "profile_sidebar_border_color": "C0DEED", "id_str": "285505398", "profile_background_color": "C0DEED", "listed_count": 0, "is_translation_enabled": false, "utc_offset": 39600, "statuses_count": 3446, "description": "Loathe bullies. Lets dive beneath  the surface and find the truth with some dignity.", "friends_count": 220, "location": "", "profile_link_color": "0084B4", "profile_image_url": "http://pbs.twimg.com/profile_images/3085392491/8f4478a57c467f3a956a598cca2d0d7a_normal.jpeg", "following": false, "geo_enabled": false, "profile_background_image_url": "http://abs.twimg.com/images/themes/theme1/bg.png", "name": "just suzanne", "lang": "en", "profile_background_tile": false, "favourites_count": 2254, "screen_name": "suzzzh", "notifications": false, "url": null, "created_at": "Thu Apr 21 08:24:34 +0000 2011", "contributors_enabled": false, "time_zone": "Melbourne", "protected": false, "default_profile": true, "is_translator": false}, "geo": null, "in_reply_to_user_id_str": "1652541", "lang": "en", "created_at": "Mon Dec 15 00:09:31 +0000 2014", "in_reply_to_status_id_str": "544282449388519424", "place": null}
