{"contributors": null, "truncated": false, "text": "\u201c@Reuters: Hostages held in Sydney cafe, Islamic flag seen in window: local TV http://t.co/6dEIU25ofw\u201d #Sydney", "in_reply_to_status_id": 544282449388519424, "id": 544282601151037441, "favorite_count": 0, "source": "<a href=\"http://twitter.com/download/iphone\" rel=\"nofollow\">Twitter for iPhone</a>", "retweeted": false, "coordinates": null, "entities": {"symbols": [], "user_mentions": [{"id": 1652541, "indices": [1, 9], "id_str": "1652541", "screen_name": "Reuters", "name": "Reuters Top News"}], "hashtags": [{"indices": [103, 110], "text": "Sydney"}], "urls": [{"url": "http://t.co/6dEIU25ofw", "indices": [79, 101], "expanded_url": "http://reut.rs/1xiOVNc", "display_url": "reut.rs/1xiOVNc"}]}, "in_reply_to_screen_name": "Reuters", "id_str": "544282601151037441", "retweet_count": 0, "in_reply_to_user_id": 1652541, "favorited": false, "user": {"follow_request_sent": false, "profile_use_background_image": true, "profile_text_color": "3C3940", "default_profile_image": false, "id": 120233447, "profile_background_image_url_https": "https://pbs.twimg.com/profile_background_images/472386890495045632/IchG9O6N.jpeg", "verified": false, "profile_location": null, "profile_image_url_https": "https://pbs.twimg.com/profile_images/477009715499913216/ZpkM-Cox_normal.jpeg", "profile_sidebar_fill_color": "DCF9FA", "entities": {"url": {"urls": [{"url": "http://t.co/SLM6H4UcQO", "indices": [0, 22], "expanded_url": "http://jasonbourn.livejournal.com", "display_url": "jasonbourn.livejournal.com"}]}, "description": {"urls": []}}, "followers_count": 1727, "profile_sidebar_border_color": "FFFFFF", "id_str": "120233447", "profile_background_color": "0099B9", "listed_count": 32, "is_translation_enabled": false, "utc_offset": 14400, "statuses_count": 38523, "description": "\u0422\u0432\u0438\u0442\u0442\u0435\u0440-\u0430\u043a\u043a\u0430\u0443\u043d\u0442 \u0440\u043e\u0441\u0441\u0438\u0439\u0441\u043a\u043e\u0433\u043e \u043f\u043e\u043b\u0438\u0442\u0438\u043a\u0430 \u043f\u0440\u0430\u0432\u043e\u0433\u043e \u0442\u043e\u043b\u043a\u0430 \u0410\u0440\u0442\u0451\u043c\u0430 \u0427\u0435\u0440\u043d\u044b\u0448\u0451\u0432\u0430. \u041b\u0414\u041f\u0420. \u041f\u043e \u043e\u0431\u0440\u0430\u0437\u043e\u0432\u0430\u043d\u0438\u044e \u0438\u0441\u0442\u043e\u0440\u0438\u043a. #\u0420\u0443\u0441\u0441\u043a\u0438\u0439\u041c\u0430\u0440\u0448", "friends_count": 929, "location": "Moscow, Russian Empire. ", "profile_link_color": "0099B9", "profile_image_url": "http://pbs.twimg.com/profile_images/477009715499913216/ZpkM-Cox_normal.jpeg", "following": false, "geo_enabled": false, "profile_banner_url": "https://pbs.twimg.com/profile_banners/120233447/1398261475", "profile_background_image_url": "http://pbs.twimg.com/profile_background_images/472386890495045632/IchG9O6N.jpeg", "name": "\u0433\u043e\u0441\u043f\u043e\u0434\u0438\u043d \u0427\u0435\u0440\u043d\u044b\u0448\u0451\u0432\u044a", "lang": "ru", "profile_background_tile": false, "favourites_count": 188, "screen_name": "White_technolog", "notifications": false, "url": "http://t.co/SLM6H4UcQO", "created_at": "Fri Mar 05 21:45:50 +0000 2010", "contributors_enabled": false, "time_zone": "Abu Dhabi", "protected": false, "default_profile": false, "is_translator": false}, "geo": null, "in_reply_to_user_id_str": "1652541", "possibly_sensitive": false, "lang": "en", "created_at": "Mon Dec 15 00:07:39 +0000 2014", "in_reply_to_status_id_str": "544282449388519424", "place": null}
