{"contributors":null,"truncated":false,"text":"\u201c@Reuters: Hostages held in Sydney cafe, Islamic flag seen in window: local TV http:\/\/t.co\/XgFpBMMIfD\u201d","in_reply_to_status_id":544282449388519424,"id":544283507842093057,"favorite_count":0,"source":"<a href=\"http:\/\/twitter.com\/download\/iphone\" rel=\"nofollow\">Twitter for iPhone<\/a>","retweeted":false,"coordinates":null,"entities":{"symbols":[],"user_mentions":[{"id":1652541,"indices":[1,9],"id_str":"1652541","screen_name":"Reuters","name":"Reuters Top News"}],"hashtags":[],"urls":[{"url":"http:\/\/t.co\/XgFpBMMIfD","indices":[79,101],"expanded_url":"http:\/\/reut.rs\/1xiOVNc","display_url":"reut.rs\/1xiOVNc"}]},"in_reply_to_screen_name":"Reuters","id_str":"544283507842093057","retweet_count":1,"in_reply_to_user_id":1652541,"favorited":false,"user":{"follow_request_sent":false,"profile_use_background_image":true,"profile_text_color":"333333","default_profile_image":false,"id":59513871,"profile_background_image_url_https":"https:\/\/pbs.twimg.com\/profile_background_images\/391072255\/Collage_VR-comprimido.jpg","verified":false,"profile_location":null,"profile_image_url_https":"https:\/\/pbs.twimg.com\/profile_images\/564136611353329664\/UMj4XoPt_normal.jpeg","profile_sidebar_fill_color":"DDEEF6","entities":{"url":{"urls":[{"url":"http:\/\/t.co\/NpUaE40723","indices":[0,22],"expanded_url":"http:\/\/about.me\/alvarovr","display_url":"about.me\/alvarovr"}]},"description":{"urls":[]}},"followers_count":7184,"profile_sidebar_border_color":"C0DEED","id_str":"59513871","profile_background_color":"C0DEED","listed_count":97,"is_translation_enabled":false,"utc_offset":null,"statuses_count":38374,"description":"Emprendedor \/ Fundador de @Retuit_ y @Disappster \/ Locutor en RMX \/ Enamorado de mi vida.","friends_count":1422,"location":"Mexico City ","profile_link_color":"0084B4","profile_image_url":"http:\/\/pbs.twimg.com\/profile_images\/564136611353329664\/UMj4XoPt_normal.jpeg","following":false,"geo_enabled":true,"profile_banner_url":"https:\/\/pbs.twimg.com\/profile_banners\/59513871\/1415216805","profile_background_image_url":"http:\/\/pbs.twimg.com\/profile_background_images\/391072255\/Collage_VR-comprimido.jpg","name":"Alvaro Velasco","lang":"en","profile_background_tile":false,"favourites_count":2378,"screen_name":"alvarovr","notifications":false,"url":"http:\/\/t.co\/NpUaE40723","created_at":"Thu Jul 23 16:31:09 +0000 2009","contributors_enabled":false,"time_zone":null,"protected":false,"default_profile":false,"is_translator":false},"geo":null,"in_reply_to_user_id_str":"1652541","possibly_sensitive":false,"lang":"en","created_at":"Mon Dec 15 00:11:15 +0000 2014","in_reply_to_status_id_str":"544282449388519424","place":null}