{"contributors": null, "truncated": false, "text": "@Reuters 1st article I've seen reporting ONLY known facts, provides other information for context, allows readers to come to own conclusions", "in_reply_to_status_id": 544282449388519424, "id": 544283500501680128, "favorite_count": 1, "source": "<a href=\"http://twitter.com\" rel=\"nofollow\">Twitter Web Client</a>", "retweeted": false, "coordinates": null, "entities": {"symbols": [], "user_mentions": [{"id": 1652541, "indices": [0, 8], "id_str": "1652541", "screen_name": "Reuters", "name": "Reuters Top News"}], "hashtags": [], "urls": []}, "in_reply_to_screen_name": "Reuters", "id_str": "544283500501680128", "retweet_count": 0, "in_reply_to_user_id": 1652541, "favorited": false, "user": {"follow_request_sent": false, "profile_use_background_image": true, "profile_text_color": "333333", "default_profile_image": false, "id": 1052484990, "profile_background_image_url_https": "https://pbs.twimg.com/profile_background_images/465044213730521088/fSgMxhcm.jpeg", "verified": false, "profile_location": null, "profile_image_url_https": "https://pbs.twimg.com/profile_images/490388381503746050/g2zXdva3_normal.jpeg", "profile_sidebar_fill_color": "DDEEF6", "entities": {"url": {"urls": [{"url": "http://t.co/PfWNhJBO2B", "indices": [0, 22], "expanded_url": "http://kristykaden.wordpress.com", "display_url": "kristykaden.wordpress.com"}]}, "description": {"urls": []}}, "followers_count": 85, "profile_sidebar_border_color": "FFFFFF", "id_str": "1052484990", "profile_background_color": "131516", "listed_count": 4, "is_translation_enabled": false, "utc_offset": 36000, "statuses_count": 370, "description": "21 year old student of Journalism and Peace & Conflict!\nDeputy Editor-in-Chief and Oceania Editor for The Global Panorama. \nContact me via my website :)", "friends_count": 233, "location": "Brisbane, Australia", "profile_link_color": "761DA3", "profile_image_url": "http://pbs.twimg.com/profile_images/490388381503746050/g2zXdva3_normal.jpeg", "following": false, "geo_enabled": false, "profile_banner_url": "https://pbs.twimg.com/profile_banners/1052484990/1412668128", "profile_background_image_url": "http://pbs.twimg.com/profile_background_images/465044213730521088/fSgMxhcm.jpeg", "name": "Kristy Kaden", "lang": "en", "profile_background_tile": true, "favourites_count": 146, "screen_name": "kristyycat", "notifications": false, "url": "http://t.co/PfWNhJBO2B", "created_at": "Tue Jan 01 12:31:29 +0000 2013", "contributors_enabled": false, "time_zone": "Brisbane", "protected": false, "default_profile": false, "is_translator": false}, "geo": null, "in_reply_to_user_id_str": "1652541", "lang": "en", "created_at": "Mon Dec 15 00:11:13 +0000 2014", "in_reply_to_status_id_str": "544282449388519424", "place": null}
