{"contributors":null,"truncated":false,"text":"@Reuters And this is why we have the #SecondAmendmentRights here in the #USA\ud83c\uddfa\ud83c\uddf8\ud83c\uddfa\ud83c\uddf8\ud83c\uddfa\ud83c\uddf8\ud83c\uddfa\ud83c\uddf8\ud83c\uddfa\ud83c\uddf8","in_reply_to_status_id":544282449388519424,"id":544284575975739392,"favorite_count":2,"source":"<a href=\"http:\/\/twitter.com\/download\/iphone\" rel=\"nofollow\">Twitter for iPhone<\/a>","retweeted":false,"coordinates":null,"entities":{"symbols":[],"user_mentions":[{"id":1652541,"indices":[0,8],"id_str":"1652541","screen_name":"Reuters","name":"Reuters Top News"}],"hashtags":[{"indices":[37,59],"text":"SecondAmendmentRights"},{"indices":[72,76],"text":"USA"}],"urls":[]},"in_reply_to_screen_name":"Reuters","id_str":"544284575975739392","retweet_count":0,"in_reply_to_user_id":1652541,"favorited":false,"user":{"follow_request_sent":false,"profile_use_background_image":true,"profile_text_color":"333333","default_profile_image":false,"id":1487097990,"profile_background_image_url_https":"https:\/\/abs.twimg.com\/images\/themes\/theme1\/bg.png","verified":false,"profile_location":null,"profile_image_url_https":"https:\/\/pbs.twimg.com\/profile_images\/553222351655952384\/aYGjS2aE_normal.jpeg","profile_sidebar_fill_color":"DDEEF6","entities":{"description":{"urls":[]}},"followers_count":172,"profile_sidebar_border_color":"C0DEED","id_str":"1487097990","profile_background_color":"C0DEED","listed_count":6,"is_translation_enabled":false,"utc_offset":null,"statuses_count":7383,"description":"The Constitution was written for a reason.","friends_count":70,"location":"","profile_link_color":"0084B4","profile_image_url":"http:\/\/pbs.twimg.com\/profile_images\/553222351655952384\/aYGjS2aE_normal.jpeg","following":false,"geo_enabled":false,"profile_banner_url":"https:\/\/pbs.twimg.com\/profile_banners\/1487097990\/1404973560","profile_background_image_url":"http:\/\/abs.twimg.com\/images\/themes\/theme1\/bg.png","name":"Free1","lang":"en","profile_background_tile":false,"favourites_count":2510,"screen_name":"Swing4daFences","notifications":false,"url":null,"created_at":"Thu Jun 06 07:32:14 +0000 2013","contributors_enabled":false,"time_zone":null,"protected":false,"default_profile":true,"is_translator":false},"geo":null,"in_reply_to_user_id_str":"1652541","lang":"en","created_at":"Mon Dec 15 00:15:29 +0000 2014","in_reply_to_status_id_str":"544282449388519424","place":null}