{"contributors": null, "truncated": false, "text": "@Reuters \nRT @RealAlexJones: #ISIS and #IslamicState work for #CIA claims former #al-Qaeda commander. \nhttp://t.co/EWPEYP2cHI", "in_reply_to_status_id": 544282449388519424, "id": 544282975114760193, "favorite_count": 0, "source": "<a href=\"http://twitter.com/download/iphone\" rel=\"nofollow\">Twitter for iPhone</a>", "retweeted": false, "coordinates": null, "entities": {"symbols": [], "user_mentions": [{"id": 1652541, "indices": [0, 8], "id_str": "1652541", "screen_name": "Reuters", "name": "Reuters Top News"}, {"id": 109065990, "indices": [13, 27], "id_str": "109065990", "screen_name": "RealAlexJones", "name": "Alex Jones"}], "hashtags": [{"indices": [29, 34], "text": "ISIS"}, {"indices": [39, 52], "text": "IslamicState"}, {"indices": [62, 66], "text": "CIA"}, {"indices": [81, 84], "text": "al"}], "urls": [{"url": "http://t.co/EWPEYP2cHI", "indices": [103, 125], "expanded_url": "http://bit.ly/1qu7k2D", "display_url": "bit.ly/1qu7k2D"}]}, "in_reply_to_screen_name": "Reuters", "id_str": "544282975114760193", "retweet_count": 0, "in_reply_to_user_id": 1652541, "favorited": false, "user": {"follow_request_sent": false, "profile_use_background_image": false, "profile_text_color": "333333", "default_profile_image": false, "id": 20715638, "profile_background_image_url_https": "https://pbs.twimg.com/profile_background_images/57106457/PhilDecarolisBanner-1.jpg", "verified": false, "profile_location": null, "profile_image_url_https": "https://pbs.twimg.com/profile_images/2828969248/fe68d4becba183c3c27b39c0f8ad8a68_normal.png", "profile_sidebar_fill_color": "DDEEF6", "entities": {"url": {"urls": [{"url": "http://t.co/rizv2Me5AD", "indices": [0, 22], "expanded_url": "http://www.facebook.com/#!/profile.php?id=1255246954", "display_url": "facebook.com/#!/profile.php\u2026"}]}, "description": {"urls": []}}, "followers_count": 2647, "profile_sidebar_border_color": "C0DEED", "id_str": "20715638", "profile_background_color": "C0DEED", "listed_count": 60, "is_translation_enabled": false, "utc_offset": -28800, "statuses_count": 243520, "description": "", "friends_count": 52, "location": "Southern California", "profile_link_color": "0084B4", "profile_image_url": "http://pbs.twimg.com/profile_images/2828969248/fe68d4becba183c3c27b39c0f8ad8a68_normal.png", "following": false, "geo_enabled": false, "profile_banner_url": "https://pbs.twimg.com/profile_banners/20715638/1403451236", "profile_background_image_url": "http://pbs.twimg.com/profile_background_images/57106457/PhilDecarolisBanner-1.jpg", "name": "Phil De Carolis", "lang": "en", "profile_background_tile": false, "favourites_count": 15, "screen_name": "PhilDeCarolis", "notifications": false, "url": "http://t.co/rizv2Me5AD", "created_at": "Thu Feb 12 20:42:54 +0000 2009", "contributors_enabled": false, "time_zone": "Pacific Time (US & Canada)", "protected": false, "default_profile": false, "is_translator": false}, "geo": null, "in_reply_to_user_id_str": "1652541", "possibly_sensitive": false, "lang": "en", "created_at": "Mon Dec 15 00:09:08 +0000 2014", "in_reply_to_status_id_str": "544282449388519424", "place": null}
