{"contributors":null,"truncated":false,"text":"11:10 Uhr in Sydney:\n\n\u201c@Reuters: Hostages held in Sydney cafe, Islamic flag seen in window: local TV http:\/\/t.co\/HdGodRE1zz\u201d","in_reply_to_status_id":544282449388519424,"id":544283440506748929,"favorite_count":0,"source":"<a href=\"http:\/\/twitter.com\/download\/iphone\" rel=\"nofollow\">Twitter for iPhone<\/a>","retweeted":false,"coordinates":null,"entities":{"symbols":[],"user_mentions":[{"id":1652541,"indices":[23,31],"id_str":"1652541","screen_name":"Reuters","name":"Reuters Top News"}],"hashtags":[],"urls":[{"url":"http:\/\/t.co\/HdGodRE1zz","indices":[101,123],"expanded_url":"http:\/\/reut.rs\/1xiOVNc","display_url":"reut.rs\/1xiOVNc"}]},"in_reply_to_screen_name":"Reuters","id_str":"544283440506748929","retweet_count":0,"in_reply_to_user_id":1652541,"favorited":false,"user":{"follow_request_sent":false,"profile_use_background_image":true,"profile_text_color":"333333","default_profile_image":false,"id":900943398,"profile_background_image_url_https":"https:\/\/abs.twimg.com\/images\/themes\/theme1\/bg.png","verified":false,"profile_location":null,"profile_image_url_https":"https:\/\/pbs.twimg.com\/profile_images\/553284115232202752\/6HRf300h_normal.jpeg","profile_sidebar_fill_color":"DDEEF6","entities":{"description":{"urls":[]}},"followers_count":219,"profile_sidebar_border_color":"C0DEED","id_str":"900943398","profile_background_color":"C0DEED","listed_count":10,"is_translation_enabled":false,"utc_offset":null,"statuses_count":15732,"description":"\u00bbDas Leben ist gar nicht so. Es ist ganz anders.\u00ab\n                     Baltic Sea\/Germany","friends_count":304,"location":"","profile_link_color":"0084B4","profile_image_url":"http:\/\/pbs.twimg.com\/profile_images\/553284115232202752\/6HRf300h_normal.jpeg","following":false,"geo_enabled":true,"profile_banner_url":"https:\/\/pbs.twimg.com\/profile_banners\/900943398\/1418864693","profile_background_image_url":"http:\/\/abs.twimg.com\/images\/themes\/theme1\/bg.png","name":"Phil v. Ou","lang":"de","profile_background_tile":false,"favourites_count":4528,"screen_name":"Frank_Hurlemann","notifications":false,"url":null,"created_at":"Wed Oct 24 01:35:50 +0000 2012","contributors_enabled":false,"time_zone":null,"protected":false,"default_profile":true,"is_translator":false},"geo":null,"in_reply_to_user_id_str":"1652541","possibly_sensitive":false,"lang":"en","created_at":"Mon Dec 15 00:10:59 +0000 2014","in_reply_to_status_id_str":"544282449388519424","place":null}