{"contributors":null,"truncated":false,"text":"@Reuters Listening\/watching the live feed.","in_reply_to_status_id":544282449388519424,"id":544282647787479040,"favorite_count":1,"source":"<a href=\"http:\/\/twitter.com\" rel=\"nofollow\">Twitter Web Client<\/a>","retweeted":false,"coordinates":null,"entities":{"symbols":[],"user_mentions":[{"id":1652541,"indices":[0,8],"id_str":"1652541","screen_name":"Reuters","name":"Reuters Top News"}],"hashtags":[],"urls":[]},"in_reply_to_screen_name":"Reuters","id_str":"544282647787479040","retweet_count":0,"in_reply_to_user_id":1652541,"favorited":false,"user":{"follow_request_sent":false,"profile_use_background_image":true,"profile_text_color":"333333","default_profile_image":false,"id":2480543874,"profile_background_image_url_https":"https:\/\/pbs.twimg.com\/profile_background_images\/472915079487188992\/gRbrgtpd.jpeg","verified":false,"profile_location":null,"profile_image_url_https":"https:\/\/pbs.twimg.com\/profile_images\/588129234364846080\/CEgVLodp_normal.jpg","profile_sidebar_fill_color":"DDEEF6","entities":{"description":{"urls":[]}},"followers_count":484,"profile_sidebar_border_color":"FFFFFF","id_str":"2480543874","profile_background_color":"EBEBEB","listed_count":6,"is_translation_enabled":false,"utc_offset":-18000,"statuses_count":3157,"description":"Coach Affiliate at Carolina Aramburo Coaching. Dedicated rescue cat mommy. Detroit Tigers SuperFan. Looking for the perfect job. Hey!","friends_count":2000,"location":"Garden City, Michigan","profile_link_color":"9E532B","profile_image_url":"http:\/\/pbs.twimg.com\/profile_images\/588129234364846080\/CEgVLodp_normal.jpg","following":false,"geo_enabled":true,"profile_banner_url":"https:\/\/pbs.twimg.com\/profile_banners\/2480543874\/1402678513","profile_background_image_url":"http:\/\/pbs.twimg.com\/profile_background_images\/472915079487188992\/gRbrgtpd.jpeg","name":"Sue Baldock","lang":"en","profile_background_tile":false,"favourites_count":9446,"screen_name":"Brookie1953","notifications":false,"url":null,"created_at":"Tue May 06 22:15:45 +0000 2014","contributors_enabled":false,"time_zone":"Eastern Time (US & Canada)","protected":false,"default_profile":false,"is_translator":false},"geo":null,"in_reply_to_user_id_str":"1652541","lang":"en","created_at":"Mon Dec 15 00:07:50 +0000 2014","in_reply_to_status_id_str":"544282449388519424","place":null}