{"contributors": null, "truncated": false, "text": "@Reuters oh no", "in_reply_to_status_id": 544282449388519424, "id": 544285221613764608, "favorite_count": 0, "source": "<a href=\"http://twitter.com/download/iphone\" rel=\"nofollow\">Twitter for iPhone</a>", "retweeted": false, "coordinates": null, "entities": {"symbols": [], "user_mentions": [{"id": 1652541, "indices": [0, 8], "id_str": "1652541", "screen_name": "Reuters", "name": "Reuters Top News"}], "hashtags": [], "urls": []}, "in_reply_to_screen_name": "Reuters", "id_str": "544285221613764608", "retweet_count": 0, "in_reply_to_user_id": 1652541, "favorited": false, "user": {"follow_request_sent": false, "profile_use_background_image": true, "profile_text_color": "333333", "default_profile_image": false, "id": 2907401280, "profile_background_image_url_https": "https://abs.twimg.com/images/themes/theme1/bg.png", "verified": false, "profile_location": null, "profile_image_url_https": "https://pbs.twimg.com/profile_images/540562601558560768/rlwiXW7S_normal.jpeg", "profile_sidebar_fill_color": "DDEEF6", "entities": {"description": {"urls": []}}, "followers_count": 778, "profile_sidebar_border_color": "C0DEED", "id_str": "2907401280", "profile_background_color": "C0DEED", "listed_count": 3, "is_translation_enabled": false, "utc_offset": null, "statuses_count": 3916, "description": "", "friends_count": 1960, "location": "Kansas City", "profile_link_color": "0084B4", "profile_image_url": "http://pbs.twimg.com/profile_images/540562601558560768/rlwiXW7S_normal.jpeg", "following": false, "geo_enabled": false, "profile_banner_url": "https://pbs.twimg.com/profile_banners/2907401280/1416700344", "profile_background_image_url": "http://abs.twimg.com/images/themes/theme1/bg.png", "name": "Rose Corsino", "lang": "en", "profile_background_tile": false, "favourites_count": 2025, "screen_name": "racorsino_rose", "notifications": false, "url": null, "created_at": "Sat Nov 22 18:53:34 +0000 2014", "contributors_enabled": false, "time_zone": null, "protected": false, "default_profile": true, "is_translator": false}, "geo": null, "in_reply_to_user_id_str": "1652541", "lang": "en", "created_at": "Mon Dec 15 00:18:03 +0000 2014", "in_reply_to_status_id_str": "544282449388519424", "place": null}
