{"contributors": null, "truncated": false, "text": "RT: @Reuters @LarryRiceWxGuru Hostages held in Sydney cafe, Islamic flag seen in window: local TV http://t.co/TqzqNsvZHn", "in_reply_to_status_id": 544282449388519424, "id": 544282860752863232, "favorite_count": 0, "source": "<a href=\"http://twitter.com\" rel=\"nofollow\">Twitter Web Client</a>", "retweeted": false, "coordinates": null, "entities": {"symbols": [], "user_mentions": [{"id": 1652541, "indices": [4, 12], "id_str": "1652541", "screen_name": "Reuters", "name": "Reuters Top News"}, {"id": 392815688, "indices": [13, 29], "id_str": "392815688", "screen_name": "LarryRiceWxGuru", "name": "Larry Rice"}], "hashtags": [], "urls": [{"url": "http://t.co/TqzqNsvZHn", "indices": [98, 120], "expanded_url": "http://reut.rs/1xiOVNc", "display_url": "reut.rs/1xiOVNc"}]}, "in_reply_to_screen_name": "Reuters", "id_str": "544282860752863232", "retweet_count": 1, "in_reply_to_user_id": 1652541, "favorited": false, "user": {"follow_request_sent": false, "profile_use_background_image": true, "profile_text_color": "333333", "default_profile_image": false, "id": 58302091, "profile_background_image_url_https": "https://pbs.twimg.com/profile_background_images/440736793525104640/jRFi7g7X.jpeg", "verified": false, "profile_location": null, "profile_image_url_https": "https://pbs.twimg.com/profile_images/514918395284709376/TVRd6IwZ_normal.jpeg", "profile_sidebar_fill_color": "E6F6F9", "entities": {"url": {"urls": [{"url": "http://t.co/oJMF4IopLi", "indices": [0, 22], "expanded_url": "http://www.komonews.com/seattlerefined", "display_url": "komonews.com/seattlerefined"}]}, "description": {"urls": []}}, "followers_count": 1430, "profile_sidebar_border_color": "000000", "id_str": "58302091", "profile_background_color": "09C5EB", "listed_count": 62, "is_translation_enabled": false, "utc_offset": -25200, "statuses_count": 4836, "description": "KOMO Producer, Seattle Refined blogger, proud transplant from northern Michigan, and devourer of any food left in the newsroom!", "friends_count": 919, "location": "Seattle", "profile_link_color": "CC3366", "profile_image_url": "http://pbs.twimg.com/profile_images/514918395284709376/TVRd6IwZ_normal.jpeg", "following": false, "geo_enabled": true, "profile_banner_url": "https://pbs.twimg.com/profile_banners/58302091/1376018992", "profile_background_image_url": "http://pbs.twimg.com/profile_background_images/440736793525104640/jRFi7g7X.jpeg", "name": "Jennifer Lawson", "lang": "en", "profile_background_tile": true, "favourites_count": 1231, "screen_name": "JenKOMOProducer", "notifications": false, "url": "http://t.co/oJMF4IopLi", "created_at": "Sun Jul 19 21:42:21 +0000 2009", "contributors_enabled": false, "time_zone": "Arizona", "protected": false, "default_profile": false, "is_translator": false}, "geo": null, "in_reply_to_user_id_str": "1652541", "possibly_sensitive": false, "lang": "en", "created_at": "Mon Dec 15 00:08:40 +0000 2014", "in_reply_to_status_id_str": "544282449388519424", "place": null}
