{"contributors": null, "truncated": false, "text": "@Reuters  islamic state flag used in this crisis. Keep covering up for these scums.", "in_reply_to_status_id": 544282449388519424, "id": 544284013670563842, "favorite_count": 0, "source": "<a href=\"http://twitter.com/download/android\" rel=\"nofollow\">Twitter for Android</a>", "retweeted": false, "coordinates": null, "entities": {"symbols": [], "user_mentions": [{"id": 1652541, "indices": [0, 8], "id_str": "1652541", "screen_name": "Reuters", "name": "Reuters Top News"}], "hashtags": [], "urls": []}, "in_reply_to_screen_name": "Reuters", "id_str": "544284013670563842", "retweet_count": 0, "in_reply_to_user_id": 1652541, "favorited": false, "user": {"follow_request_sent": false, "profile_use_background_image": true, "profile_text_color": "333333", "default_profile_image": false, "id": 369174235, "profile_background_image_url_https": "https://pbs.twimg.com/profile_background_images/876772187/2f64bfe1b5739e67cc2eea91108fb3e7.jpeg", "verified": false, "profile_location": null, "profile_image_url_https": "https://pbs.twimg.com/profile_images/497669580131540993/gKKSBMn4_normal.jpeg", "profile_sidebar_fill_color": "DDEEF6", "entities": {"description": {"urls": []}}, "followers_count": 34, "profile_sidebar_border_color": "FFFFFF", "id_str": "369174235", "profile_background_color": "1A1B1F", "listed_count": 0, "is_translation_enabled": false, "utc_offset": 39600, "statuses_count": 602, "description": "The joy of Friday's.", "friends_count": 171, "location": "Western Sydney", "profile_link_color": "2FC2EF", "profile_image_url": "http://pbs.twimg.com/profile_images/497669580131540993/gKKSBMn4_normal.jpeg", "following": false, "geo_enabled": true, "profile_banner_url": "https://pbs.twimg.com/profile_banners/369174235/1369446001", "profile_background_image_url": "http://pbs.twimg.com/profile_background_images/876772187/2f64bfe1b5739e67cc2eea91108fb3e7.jpeg", "name": "Lozz", "lang": "en", "profile_background_tile": true, "favourites_count": 385, "screen_name": "fly_kick", "notifications": false, "url": null, "created_at": "Tue Sep 06 22:15:54 +0000 2011", "contributors_enabled": false, "time_zone": "Sydney", "protected": false, "default_profile": false, "is_translator": false}, "geo": null, "in_reply_to_user_id_str": "1652541", "lang": "en", "created_at": "Mon Dec 15 00:13:15 +0000 2014", "in_reply_to_status_id_str": "544282449388519424", "place": null}
