{"contributors":null,"truncated":false,"text":"\u201c@Reuters: Hostages held in Sydney cafe, Islamic flag seen in window: local TV http:\/\/t.co\/iTnCkTP0a2\u201d not good","in_reply_to_status_id":544282449388519424,"id":544285131209338880,"favorite_count":0,"source":"<a href=\"http:\/\/twitter.com\/download\/iphone\" rel=\"nofollow\">Twitter for iPhone<\/a>","retweeted":false,"coordinates":{"type":"Point","coordinates":[-118.3018797,46.05729255]},"entities":{"symbols":[],"user_mentions":[{"id":1652541,"indices":[1,9],"id_str":"1652541","screen_name":"Reuters","name":"Reuters Top News"}],"hashtags":[],"urls":[{"url":"http:\/\/t.co\/iTnCkTP0a2","indices":[79,101],"expanded_url":"http:\/\/reut.rs\/1xiOVNc","display_url":"reut.rs\/1xiOVNc"}]},"in_reply_to_screen_name":"Reuters","id_str":"544285131209338880","retweet_count":0,"in_reply_to_user_id":1652541,"favorited":false,"user":{"follow_request_sent":false,"profile_use_background_image":true,"profile_text_color":"333333","default_profile_image":false,"id":2350316353,"profile_background_image_url_https":"https:\/\/abs.twimg.com\/images\/themes\/theme1\/bg.png","verified":false,"profile_location":null,"profile_image_url_https":"https:\/\/pbs.twimg.com\/profile_images\/586383529073704960\/t3Gg1gM4_normal.jpg","profile_sidebar_fill_color":"DDEEF6","entities":{"url":{"urls":[{"url":"http:\/\/t.co\/G0ELQhafXn","indices":[0,22],"expanded_url":"http:\/\/www.facebook.com\/MarilynsCookieLee","display_url":"facebook.com\/MarilynsCookie\u2026"}]},"description":{"urls":[]}},"followers_count":772,"profile_sidebar_border_color":"C0DEED","id_str":"2350316353","profile_background_color":"C0DEED","listed_count":16,"is_translation_enabled":false,"utc_offset":null,"statuses_count":10577,"description":"WSU Murrow alum, Seattle sports fan, insurance analyst, actress, direct sales babe, \u0391\u0394\u03a0,half Italian, with just a pinch of sarcasm and a dash of neuroses.","friends_count":1287,"location":"Walla Walla","profile_link_color":"0084B4","profile_image_url":"http:\/\/pbs.twimg.com\/profile_images\/586383529073704960\/t3Gg1gM4_normal.jpg","following":false,"geo_enabled":true,"profile_banner_url":"https:\/\/pbs.twimg.com\/profile_banners\/2350316353\/1418333332","profile_background_image_url":"http:\/\/abs.twimg.com\/images\/themes\/theme1\/bg.png","name":"Marilyn Washabaugh","lang":"en","profile_background_tile":false,"favourites_count":34833,"screen_name":"WazzuCoug94","notifications":false,"url":"http:\/\/t.co\/G0ELQhafXn","created_at":"Tue Feb 18 15:50:29 +0000 2014","contributors_enabled":false,"time_zone":null,"protected":false,"default_profile":true,"is_translator":false},"geo":{"type":"Point","coordinates":[46.05729255,-118.3018797]},"in_reply_to_user_id_str":"1652541","possibly_sensitive":false,"lang":"en","created_at":"Mon Dec 15 00:17:42 +0000 2014","in_reply_to_status_id_str":"544282449388519424","place":{"full_name":"Walla Walla, WA","url":"https:\/\/api.twitter.com\/1.1\/geo\/id\/3f449e4a20757d86.json","country":"United States","place_type":"city","bounding_box":{"type":"Polygon","coordinates":[[[-118.3790859,46.0228571],[-118.263051,46.0228571],[-118.263051,46.106424],[-118.3790859,46.106424]]]},"contained_within":[],"country_code":"US","attributes":{},"id":"3f449e4a20757d86","name":"Walla Walla"}}