{"contributors": null, "truncated": false, "text": "@Reuters @JonVancil   Not the best day to be an Aussie. Hoping we respond strongly \ud83d\udcaa", "in_reply_to_status_id": 544282449388519424, "id": 544288771458338816, "favorite_count": 1, "source": "<a href=\"http://twitter.com/download/iphone\" rel=\"nofollow\">Twitter for iPhone</a>", "retweeted": false, "coordinates": null, "entities": {"symbols": [], "user_mentions": [{"id": 1652541, "indices": [0, 8], "id_str": "1652541", "screen_name": "Reuters", "name": "Reuters Top News"}, {"id": 2925122185, "indices": [9, 19], "id_str": "2925122185", "screen_name": "JonVancil", "name": "Jon Vancil"}], "hashtags": [], "urls": []}, "in_reply_to_screen_name": "Reuters", "id_str": "544288771458338816", "retweet_count": 0, "in_reply_to_user_id": 1652541, "favorited": false, "user": {"follow_request_sent": false, "profile_use_background_image": true, "profile_text_color": "333333", "default_profile_image": false, "id": 384001769, "profile_background_image_url_https": "https://pbs.twimg.com/profile_background_images/417273140/built-ford-tough_250.gif", "verified": false, "profile_location": null, "profile_image_url_https": "https://pbs.twimg.com/profile_images/496558442375413760/Gil6urtu_normal.jpeg", "profile_sidebar_fill_color": "DDEEF6", "entities": {"url": {"urls": [{"url": "http://t.co/uFGH5aB0tp", "indices": [0, 22], "expanded_url": "http://twitter.com/BHaberbusch", "display_url": "twitter.com/BHaberbusch"}]}, "description": {"urls": []}}, "followers_count": 44, "profile_sidebar_border_color": "C0DEED", "id_str": "384001769", "profile_background_color": "C0DEED", "listed_count": 1, "is_translation_enabled": false, "utc_offset": 39600, "statuses_count": 1769, "description": "Motor sport mad, gear head, petrol head, blue blooded Ford fan and general car nut! May also love history and politics. Stop by and say hello!", "friends_count": 194, "location": "NSW, Australia", "profile_link_color": "0084B4", "profile_image_url": "http://pbs.twimg.com/profile_images/496558442375413760/Gil6urtu_normal.jpeg", "following": false, "geo_enabled": true, "profile_banner_url": "https://pbs.twimg.com/profile_banners/384001769/1407222412", "profile_background_image_url": "http://pbs.twimg.com/profile_background_images/417273140/built-ford-tough_250.gif", "name": "Bennett Haberbusch", "lang": "en", "profile_background_tile": true, "favourites_count": 1752, "screen_name": "BHaberbusch", "notifications": false, "url": "http://t.co/uFGH5aB0tp", "created_at": "Sun Oct 02 22:05:14 +0000 2011", "contributors_enabled": false, "time_zone": "Sydney", "protected": false, "default_profile": false, "is_translator": false}, "geo": null, "in_reply_to_user_id_str": "1652541", "lang": "en", "created_at": "Mon Dec 15 00:32:10 +0000 2014", "in_reply_to_status_id_str": "544282449388519424", "place": null}
