{"contributors": null, "truncated": false, "text": "@Reuters hey, let's all invite more Muslims to our nations! What FUN!", "in_reply_to_status_id": 544282449388519424, "id": 544288415257096192, "favorite_count": 0, "source": "<a href=\"http://twitter.com\" rel=\"nofollow\">Twitter Web Client</a>", "retweeted": false, "coordinates": null, "entities": {"symbols": [], "user_mentions": [{"id": 1652541, "indices": [0, 8], "id_str": "1652541", "screen_name": "Reuters", "name": "Reuters Top News"}], "hashtags": [], "urls": []}, "in_reply_to_screen_name": "Reuters", "id_str": "544288415257096192", "retweet_count": 0, "in_reply_to_user_id": 1652541, "favorited": false, "user": {"follow_request_sent": false, "profile_use_background_image": true, "profile_text_color": "333333", "default_profile_image": false, "id": 197499997, "profile_background_image_url_https": "https://pbs.twimg.com/profile_background_images/378800000114889706/130b0f1840b3be93e923225c145c4b0b.jpeg", "verified": false, "profile_location": null, "profile_image_url_https": "https://pbs.twimg.com/profile_images/1459449364/VINDICATOR_OF_YAH_FLAG_-_NO_GOLD_BACKGROUND_normal.jpg", "profile_sidebar_fill_color": "F6FFD1", "entities": {"url": {"urls": [{"url": "http://t.co/3yFNk4LkAw", "indices": [0, 22], "expanded_url": "http://TrustChristORGoToHell.org", "display_url": "TrustChristORGoToHell.org"}]}, "description": {"urls": []}}, "followers_count": 3901, "profile_sidebar_border_color": "FFFFFF", "id_str": "197499997", "profile_background_color": "050845", "listed_count": 47, "is_translation_enabled": false, "utc_offset": -28800, "statuses_count": 34462, "description": "They compassed me about like bees; they are quenched as the fire of thorns: 4 in the name of Yah I will destroy them. #Masculist #ProLife #CCOT #BLOCKZionists!!", "friends_count": 3895, "location": "JUDGMENT", "profile_link_color": "0099CC", "profile_image_url": "http://pbs.twimg.com/profile_images/1459449364/VINDICATOR_OF_YAH_FLAG_-_NO_GOLD_BACKGROUND_normal.jpg", "following": false, "geo_enabled": false, "profile_banner_url": "https://pbs.twimg.com/profile_banners/197499997/1414786755", "profile_background_image_url": "http://pbs.twimg.com/profile_background_images/378800000114889706/130b0f1840b3be93e923225c145c4b0b.jpeg", "name": "Vin DiCator", "lang": "en", "profile_background_tile": true, "favourites_count": 42256, "screen_name": "VINDICATORofYah", "notifications": false, "url": "http://t.co/3yFNk4LkAw", "created_at": "Fri Oct 01 17:25:36 +0000 2010", "contributors_enabled": false, "time_zone": "Pacific Time (US & Canada)", "protected": false, "default_profile": false, "is_translator": false}, "geo": null, "in_reply_to_user_id_str": "1652541", "lang": "en", "created_at": "Mon Dec 15 00:30:45 +0000 2014", "in_reply_to_status_id_str": "544282449388519424", "place": null}
