{"contributors": null, "truncated": false, "text": "\u201c@Reuters: Hostages held in Sydney cafe, Islamic flag seen in window: local TV http://t.co/KPRKLI1kNv\u201d#", "in_reply_to_status_id": 544282449388519424, "id": 544287486927978496, "favorite_count": 0, "source": "<a href=\"http://twitter.com/download/iphone\" rel=\"nofollow\">Twitter for iPhone</a>", "retweeted": false, "coordinates": null, "entities": {"symbols": [], "user_mentions": [{"id": 1652541, "indices": [1, 9], "id_str": "1652541", "screen_name": "Reuters", "name": "Reuters Top News"}], "hashtags": [], "urls": [{"url": "http://t.co/KPRKLI1kNv", "indices": [79, 101], "expanded_url": "http://reut.rs/1xiOVNc", "display_url": "reut.rs/1xiOVNc"}]}, "in_reply_to_screen_name": "Reuters", "id_str": "544287486927978496", "retweet_count": 0, "in_reply_to_user_id": 1652541, "favorited": false, "user": {"follow_request_sent": false, "profile_use_background_image": true, "profile_text_color": "333333", "default_profile_image": true, "id": 1129438412, "profile_background_image_url_https": "https://abs.twimg.com/images/themes/theme1/bg.png", "verified": false, "profile_location": null, "profile_image_url_https": "https://abs.twimg.com/sticky/default_profile_images/default_profile_4_normal.png", "profile_sidebar_fill_color": "DDEEF6", "entities": {"description": {"urls": []}}, "followers_count": 2, "profile_sidebar_border_color": "C0DEED", "id_str": "1129438412", "profile_background_color": "C0DEED", "listed_count": 0, "is_translation_enabled": false, "utc_offset": null, "statuses_count": 9, "description": "", "friends_count": 79, "location": "", "profile_link_color": "0084B4", "profile_image_url": "http://abs.twimg.com/sticky/default_profile_images/default_profile_4_normal.png", "following": false, "geo_enabled": false, "profile_background_image_url": "http://abs.twimg.com/images/themes/theme1/bg.png", "name": "Fatma fetaih", "lang": "en", "profile_background_tile": false, "favourites_count": 1, "screen_name": "fatma_fetaih", "notifications": false, "url": null, "created_at": "Mon Jan 28 22:53:42 +0000 2013", "contributors_enabled": false, "time_zone": null, "protected": false, "default_profile": true, "is_translator": false}, "geo": null, "in_reply_to_user_id_str": "1652541", "possibly_sensitive": false, "lang": "en", "created_at": "Mon Dec 15 00:27:03 +0000 2014", "in_reply_to_status_id_str": "544282449388519424", "place": null}
