{"contributors": null, "truncated": false, "text": "@SimpleUserID @Reuters My dear \"Kafir\" friend with all the conclusions u have, u don't need an answer. U need restart how u look at things", "in_reply_to_status_id": 544328993915539458, "id": 544332018339692545, "favorite_count": 0, "source": "<a href=\"http://twitter.com\" rel=\"nofollow\">Twitter Web Client</a>", "retweeted": false, "coordinates": null, "entities": {"symbols": [], "user_mentions": [{"id": 131017910, "indices": [0, 13], "id_str": "131017910", "screen_name": "SimpleUserID", "name": "Juan"}, {"id": 1652541, "indices": [14, 22], "id_str": "1652541", "screen_name": "Reuters", "name": "Reuters Top News"}], "hashtags": [], "urls": []}, "in_reply_to_screen_name": "SimpleUserID", "id_str": "544332018339692545", "retweet_count": 0, "in_reply_to_user_id": 131017910, "favorited": false, "user": {"follow_request_sent": false, "profile_use_background_image": true, "profile_text_color": "333333", "default_profile_image": false, "id": 439052086, "profile_background_image_url_https": "https://abs.twimg.com/images/themes/theme1/bg.png", "verified": false, "profile_location": null, "profile_image_url_https": "https://pbs.twimg.com/profile_images/502372101450264577/Y3tlVPAD_normal.jpeg", "profile_sidebar_fill_color": "DDEEF6", "entities": {"description": {"urls": []}}, "followers_count": 19, "profile_sidebar_border_color": "C0DEED", "id_str": "439052086", "profile_background_color": "C0DEED", "listed_count": 0, "is_translation_enabled": false, "utc_offset": null, "statuses_count": 574, "description": "", "friends_count": 59, "location": "", "profile_link_color": "0084B4", "profile_image_url": "http://pbs.twimg.com/profile_images/502372101450264577/Y3tlVPAD_normal.jpeg", "following": false, "geo_enabled": false, "profile_background_image_url": "http://abs.twimg.com/images/themes/theme1/bg.png", "name": "Ali", "lang": "en", "profile_background_tile": false, "favourites_count": 59, "screen_name": "smrizali", "notifications": false, "url": null, "created_at": "Sat Dec 17 09:28:11 +0000 2011", "contributors_enabled": false, "time_zone": null, "protected": false, "default_profile": true, "is_translator": false}, "geo": null, "in_reply_to_user_id_str": "131017910", "lang": "en", "created_at": "Mon Dec 15 03:24:01 +0000 2014", "in_reply_to_status_id_str": "544328993915539458", "place": null}
