{"contributors": null, "truncated": false, "text": "@smrizali Yes, of course. It's \"Islamophobia\" (stupid made up word), \"zionists\", and the evil West's fault. @Reuters", "in_reply_to_status_id": 544304894920757249, "id": 544305572934586368, "favorite_count": 0, "source": "<a href=\"http://twitter.com/download/android\" rel=\"nofollow\">Twitter for Android</a>", "retweeted": false, "coordinates": null, "entities": {"symbols": [], "user_mentions": [{"id": 439052086, "indices": [0, 9], "id_str": "439052086", "screen_name": "smrizali", "name": "Ali"}, {"id": 1652541, "indices": [108, 116], "id_str": "1652541", "screen_name": "Reuters", "name": "Reuters Top News"}], "hashtags": [], "urls": []}, "in_reply_to_screen_name": "smrizali", "id_str": "544305572934586368", "retweet_count": 0, "in_reply_to_user_id": 439052086, "favorited": false, "user": {"follow_request_sent": false, "profile_use_background_image": true, "profile_text_color": "333333", "default_profile_image": false, "id": 131017910, "profile_background_image_url_https": "https://abs.twimg.com/images/themes/theme1/bg.png", "verified": false, "profile_location": null, "profile_image_url_https": "https://pbs.twimg.com/profile_images/419286286063513601/MqaIJJLH_normal.jpeg", "profile_sidebar_fill_color": "DDEEF6", "entities": {"description": {"urls": []}}, "followers_count": 540, "profile_sidebar_border_color": "C0DEED", "id_str": "131017910", "profile_background_color": "C0DEED", "listed_count": 26, "is_translation_enabled": false, "utc_offset": -21600, "statuses_count": 9884, "description": "Computer programmer. Skeptic. Atheist. Indie/classic films enthusiast and craft beer lover.", "friends_count": 556, "location": "Illinois", "profile_link_color": "0084B4", "profile_image_url": "http://pbs.twimg.com/profile_images/419286286063513601/MqaIJJLH_normal.jpeg", "following": false, "geo_enabled": true, "profile_banner_url": "https://pbs.twimg.com/profile_banners/131017910/1381115106", "profile_background_image_url": "http://abs.twimg.com/images/themes/theme1/bg.png", "name": "Juan", "lang": "en", "profile_background_tile": false, "favourites_count": 8711, "screen_name": "SimpleUserID", "notifications": false, "url": null, "created_at": "Fri Apr 09 01:18:55 +0000 2010", "contributors_enabled": false, "time_zone": "Central Time (US & Canada)", "protected": false, "default_profile": true, "is_translator": false}, "geo": null, "in_reply_to_user_id_str": "439052086", "lang": "en", "created_at": "Mon Dec 15 01:38:55 +0000 2014", "in_reply_to_status_id_str": "544304894920757249", "place": null}
