{"contributors":null,"truncated":false,"text":"MORE: Operation to detain massacre suspects unfolding in Dammartin-en-Goele, about 25 miles northeast of Paris: http:\/\/t.co\/H1bHg5T7Ec","in_reply_to_status_id":null,"id":553475269873643520,"favorite_count":31,"source":"<a href=\"http:\/\/www.socialflow.com\" rel=\"nofollow\">SocialFlow<\/a>","retweeted":false,"coordinates":null,"entities":{"symbols":[],"user_mentions":[],"hashtags":[],"urls":[{"url":"http:\/\/t.co\/H1bHg5T7Ec","indices":[112,134],"expanded_url":"http:\/\/apne.ws\/1wBegx5","display_url":"apne.ws\/1wBegx5"}]},"in_reply_to_screen_name":null,"id_str":"553475269873643520","retweet_count":144,"in_reply_to_user_id":null,"favorited":false,"user":{"follow_request_sent":false,"profile_use_background_image":true,"profile_text_color":"333333","default_profile_image":false,"id":51241574,"profile_background_image_url_https":"https:\/\/pbs.twimg.com\/profile_background_images\/734506342\/b3be603514207db70cb0a991c26f2718.jpeg","verified":true,"profile_location":null,"profile_image_url_https":"https:\/\/pbs.twimg.com\/profile_images\/461964160838803457\/8z9FImcv_normal.png","profile_sidebar_fill_color":"CCCCCC","entities":{"url":{"urls":[{"url":"http:\/\/t.co\/fp59ZdYmr1","indices":[0,22],"expanded_url":"http:\/\/www.ap.org","display_url":"ap.org"}]},"description":{"urls":[{"url":"http:\/\/t.co\/qej5Fpwahh","indices":[127,149],"expanded_url":"http:\/\/apne.ws\/J2EPJ5","display_url":"apne.ws\/J2EPJ5"}]}},"followers_count":4553198,"profile_sidebar_border_color":"FFFFFF","id_str":"51241574","profile_background_color":"333333","listed_count":65566,"is_translation_enabled":true,"utc_offset":-18000,"statuses_count":97586,"description":"News, discussion and behind-the-scenes insight from The Associated Press. Managed 24\/7 by a team of editors based in New York: http:\/\/t.co\/qej5Fpwahh","friends_count":7352,"location":"Global","profile_link_color":"CC3300","profile_image_url":"http:\/\/pbs.twimg.com\/profile_images\/461964160838803457\/8z9FImcv_normal.png","following":false,"geo_enabled":false,"profile_banner_url":"https:\/\/pbs.twimg.com\/profile_banners\/51241574\/1399215324","profile_background_image_url":"http:\/\/pbs.twimg.com\/profile_background_images\/734506342\/b3be603514207db70cb0a991c26f2718.jpeg","name":"The Associated Press","lang":"en","profile_background_tile":false,"favourites_count":2,"screen_name":"AP","notifications":false,"url":"http:\/\/t.co\/fp59ZdYmr1","created_at":"Fri Jun 26 21:48:52 +0000 2009","contributors_enabled":false,"time_zone":"Eastern Time (US & Canada)","protected":false,"default_profile":false,"is_translator":false},"geo":null,"in_reply_to_user_id_str":null,"possibly_sensitive":false,"lang":"en","created_at":"Fri Jan 09 08:56:02 +0000 2015","in_reply_to_status_id_str":null,"place":null}