{"contributors":null,"truncated":false,"text":"@SFUO_FEUO exactly! We tested the emergency alert system yesterday! Why haven't we got a notification?","in_reply_to_status_id":524932327907270656,"id":524934421074673664,"favorite_count":0,"source":"<a href=\"http:\/\/twitter.com\/download\/iphone\" rel=\"nofollow\">Twitter for iPhone<\/a>","retweeted":false,"coordinates":null,"entities":{"symbols":[],"user_mentions":[{"id":18277355,"indices":[0,10],"id_str":"18277355","screen_name":"SFUO_FEUO","name":"SFUO F\u00c9UO"}],"hashtags":[],"urls":[]},"in_reply_to_screen_name":"SFUO_FEUO","id_str":"524934421074673664","retweet_count":0,"in_reply_to_user_id":18277355,"favorited":false,"user":{"follow_request_sent":false,"profile_use_background_image":true,"default_profile_image":false,"id":241554041,"profile_background_image_url_https":"https:\/\/abs.twimg.com\/images\/themes\/theme1\/bg.png","verified":false,"profile_text_color":"333333","profile_image_url_https":"https:\/\/pbs.twimg.com\/profile_images\/579091010963165184\/LfoPPgKR_normal.jpg","profile_sidebar_fill_color":"DDEEF6","entities":{"description":{"urls":[]}},"followers_count":129,"profile_sidebar_border_color":"C0DEED","id_str":"241554041","profile_background_color":"C0DEED","listed_count":2,"is_translation_enabled":false,"utc_offset":null,"statuses_count":1413,"description":"","friends_count":489,"location":"","profile_link_color":"0084B4","profile_image_url":"http:\/\/pbs.twimg.com\/profile_images\/579091010963165184\/LfoPPgKR_normal.jpg","following":false,"geo_enabled":false,"profile_banner_url":"https:\/\/pbs.twimg.com\/profile_banners\/241554041\/1365822827","profile_background_image_url":"http:\/\/abs.twimg.com\/images\/themes\/theme1\/bg.png","screen_name":"lauren_616","lang":"en","profile_background_tile":false,"favourites_count":442,"name":"lauren","notifications":false,"url":null,"created_at":"Sat Jan 22 15:07:49 +0000 2011","contributors_enabled":false,"time_zone":null,"protected":false,"default_profile":true,"is_translator":false},"geo":null,"in_reply_to_user_id_str":"18277355","lang":"en","created_at":"Wed Oct 22 14:44:53 +0000 2014","in_reply_to_status_id_str":"524932327907270656","place":null}