{"contributors": null, "truncated": false, "text": "@lauren_616 We are monitoring all #uOttawa twitter feeds and will pass on information as we get it. You can follow @uOttawaAlert as well", "in_reply_to_status_id": 524934421074673664, "id": 524935458695155712, "favorite_count": 0, "source": "<a href=\"http://twitter.com\" rel=\"nofollow\">Twitter Web Client</a>", "retweeted": false, "coordinates": null, "entities": {"symbols": [], "user_mentions": [{"id": 241554041, "indices": [0, 11], "id_str": "241554041", "screen_name": "lauren_616", "name": "lauren"}, {"id": 472058050, "indices": [115, 128], "id_str": "472058050", "screen_name": "uOttawaAlert", "name": "Alerte uOttawa"}], "hashtags": [{"indices": [34, 42], "text": "uOttawa"}], "urls": []}, "in_reply_to_screen_name": "lauren_616", "id_str": "524935458695155712", "retweet_count": 0, "in_reply_to_user_id": 241554041, "favorited": false, "user": {"follow_request_sent": false, "profile_use_background_image": true, "default_profile_image": false, "id": 18277355, "profile_background_image_url_https": "https://abs.twimg.com/images/themes/theme14/bg.gif", "verified": false, "profile_text_color": "333333", "profile_image_url_https": "https://pbs.twimg.com/profile_images/1865086597/SFUO_in_the_red_normal.gif", "profile_sidebar_fill_color": "EFEFEF", "entities": {"url": {"urls": [{"url": "http://t.co/mSP5fGq5MN", "indices": [0, 22], "expanded_url": "http://sfuo.ca", "display_url": "sfuo.ca"}]}, "description": {"urls": []}}, "followers_count": 3613, "profile_sidebar_border_color": "EEEEEE", "id_str": "18277355", "profile_background_color": "131516", "listed_count": 84, "is_translation_enabled": false, "utc_offset": -14400, "statuses_count": 1871, "description": "La F\u00e9d\u00e9ration \u00c9tudiante de l'Universit\u00e9 d'Ottawa!\r\n\r\nThe Student Federation of the University of Ottawa!", "friends_count": 1895, "location": "Ottawa, Canada", "profile_link_color": "009999", "profile_image_url": "http://pbs.twimg.com/profile_images/1865086597/SFUO_in_the_red_normal.gif", "following": false, "geo_enabled": false, "profile_banner_url": "https://pbs.twimg.com/profile_banners/18277355/1402668172", "profile_background_image_url": "http://abs.twimg.com/images/themes/theme14/bg.gif", "screen_name": "SFUO_FEUO", "lang": "en", "profile_background_tile": true, "favourites_count": 60, "name": "SFUO F\u00c9UO", "notifications": false, "url": "http://t.co/mSP5fGq5MN", "created_at": "Sun Dec 21 02:27:36 +0000 2008", "contributors_enabled": false, "time_zone": "Eastern Time (US & Canada)", "protected": false, "default_profile": false, "is_translator": false}, "geo": null, "in_reply_to_user_id_str": "241554041", "lang": "en", "created_at": "Wed Oct 22 14:49:00 +0000 2014", "in_reply_to_status_id_str": "524934421074673664", "place": null}
