{"contributors": null, "truncated": false, "text": "@a_shaily Avoid Rideau Center and surroundings, @uOttawa Protection monitoring ~AJ", "in_reply_to_status_id": 524933858236854273, "id": 524935829782007808, "favorite_count": 0, "source": "<a href=\"http://www.hootsuite.com\" rel=\"nofollow\">Hootsuite</a>", "retweeted": false, "coordinates": null, "entities": {"symbols": [], "user_mentions": [{"id": 710347763, "indices": [0, 9], "id_str": "710347763", "screen_name": "a_shaily", "name": "Shaily Allison"}, {"id": 352311644, "indices": [48, 56], "id_str": "352311644", "screen_name": "uOttawa", "name": "uOttawa"}], "hashtags": [], "urls": []}, "in_reply_to_screen_name": "a_shaily", "id_str": "524935829782007808", "retweet_count": 0, "in_reply_to_user_id": 710347763, "favorited": false, "user": {"follow_request_sent": false, "profile_use_background_image": true, "default_profile_image": false, "id": 70424993, "profile_background_image_url_https": "https://pbs.twimg.com/profile_background_images/813014607/61d12f2f2258d3386c0666f56aed08c5.jpeg", "verified": false, "profile_text_color": "000000", "profile_image_url_https": "https://pbs.twimg.com/profile_images/519901466174042114/U-SkrStS_normal.jpeg", "profile_sidebar_fill_color": "FFFFFF", "entities": {"url": {"urls": [{"url": "http://t.co/OoengtO5", "indices": [0, 20], "expanded_url": "http://www.uottawa.ca/social-media/", "display_url": "uottawa.ca/social-media/"}]}, "description": {"urls": []}}, "followers_count": 9667, "profile_sidebar_border_color": "000000", "id_str": "70424993", "profile_background_color": "FFFFFF", "listed_count": 249, "is_translation_enabled": false, "utc_offset": -14400, "statuses_count": 8411, "description": "Service de vie communautaire | Community Life Service (AB) | #uOttawa tweets + retweets. (ND + AJ)", "friends_count": 3398, "location": "Ottawa, Ontario, Canada", "profile_link_color": "8F001A", "profile_image_url": "http://pbs.twimg.com/profile_images/519901466174042114/U-SkrStS_normal.jpeg", "following": false, "geo_enabled": false, "profile_banner_url": "https://pbs.twimg.com/profile_banners/70424993/1411066479", "profile_background_image_url": "http://pbs.twimg.com/profile_background_images/813014607/61d12f2f2258d3386c0666f56aed08c5.jpeg", "screen_name": "uOttawaDirect", "lang": "en", "profile_background_tile": false, "favourites_count": 6996, "name": "uOttawa Direct", "notifications": false, "url": "http://t.co/OoengtO5", "created_at": "Mon Aug 31 15:53:42 +0000 2009", "contributors_enabled": false, "time_zone": "Eastern Time (US & Canada)", "protected": false, "default_profile": false, "is_translator": false}, "geo": null, "in_reply_to_user_id_str": "710347763", "lang": "en", "created_at": "Wed Oct 22 14:50:29 +0000 2014", "in_reply_to_status_id_str": "524933858236854273", "place": null}
