{"contributors":null,"truncated":false,"text":"@SFUO_FEUO @uOttawa why hasn't the university sent an emergency notification? Should have a while ago. #Ottawa #safety","in_reply_to_status_id":524932327907270656,"id":524933858236854273,"favorite_count":0,"source":"<a href=\"http:\/\/twitter.com\/download\/iphone\" rel=\"nofollow\">Twitter for iPhone<\/a>","retweeted":false,"coordinates":null,"entities":{"symbols":[],"user_mentions":[{"id":18277355,"indices":[0,10],"id_str":"18277355","screen_name":"SFUO_FEUO","name":"SFUO F\u00c9UO"},{"id":352311644,"indices":[11,19],"id_str":"352311644","screen_name":"uOttawa","name":"uOttawa"}],"hashtags":[{"indices":[103,110],"text":"Ottawa"},{"indices":[111,118],"text":"safety"}],"urls":[]},"in_reply_to_screen_name":"SFUO_FEUO","id_str":"524933858236854273","retweet_count":4,"in_reply_to_user_id":18277355,"favorited":false,"user":{"follow_request_sent":false,"profile_use_background_image":true,"default_profile_image":false,"id":710347763,"profile_background_image_url_https":"https:\/\/abs.twimg.com\/images\/themes\/theme18\/bg.gif","verified":false,"profile_text_color":"333333","profile_image_url_https":"https:\/\/pbs.twimg.com\/profile_images\/588867728787640321\/SvzttfH5_normal.jpg","profile_sidebar_fill_color":"DDEEF6","entities":{"description":{"urls":[]}},"followers_count":61,"profile_sidebar_border_color":"000000","id_str":"710347763","profile_background_color":"ACDED6","listed_count":0,"is_translation_enabled":false,"utc_offset":null,"statuses_count":299,"description":"Lover of music, food and sleep. Unsure of my future, certain of my uncertainty. Sociology student at uOttawa.","friends_count":201,"location":"","profile_link_color":"DE50A1","profile_image_url":"http:\/\/pbs.twimg.com\/profile_images\/588867728787640321\/SvzttfH5_normal.jpg","following":false,"geo_enabled":false,"profile_banner_url":"https:\/\/pbs.twimg.com\/profile_banners\/710347763\/1400559724","profile_background_image_url":"http:\/\/abs.twimg.com\/images\/themes\/theme18\/bg.gif","screen_name":"a_shaily","lang":"en","profile_background_tile":false,"favourites_count":63,"name":"Shaily Allison","notifications":false,"url":null,"created_at":"Sat Oct 12 04:23:15 +0000 2013","contributors_enabled":false,"time_zone":null,"protected":false,"default_profile":false,"is_translator":false},"geo":null,"in_reply_to_user_id_str":"18277355","lang":"en","created_at":"Wed Oct 22 14:42:39 +0000 2014","in_reply_to_status_id_str":"524932327907270656","place":null}