{"contributors": null, "truncated": false, "text": "\u201c@AP: MORE: Operation to detain massacre suspects unfolding in Dammartin-en-Goele, about 25 miles northeast of Paris: http://t.co/abaN8lK2qN", "in_reply_to_status_id": 553475269873643520, "id": 553475614640836608, "favorite_count": 1, "source": "<a href=\"http://twitter.com/download/iphone\" rel=\"nofollow\">Twitter for iPhone</a>", "retweeted": false, "coordinates": {"type": "Point", "coordinates": [35.27747929, 32.99848823]}, "entities": {"symbols": [], "user_mentions": [{"id": 51241574, "indices": [1, 4], "id_str": "51241574", "screen_name": "AP", "name": "The Associated Press"}], "hashtags": [], "urls": [{"url": "http://t.co/abaN8lK2qN", "indices": [118, 140], "expanded_url": "http://apne.ws/1wBegx5", "display_url": "apne.ws/1wBegx5"}]}, "in_reply_to_screen_name": "AP", "id_str": "553475614640836608", "retweet_count": 1, "in_reply_to_user_id": 51241574, "favorited": false, "user": {"follow_request_sent": false, "profile_use_background_image": true, "profile_text_color": "333333", "default_profile_image": false, "id": 281679641, "profile_background_image_url_https": "https://abs.twimg.com/images/themes/theme1/bg.png", "verified": false, "profile_location": null, "profile_image_url_https": "https://pbs.twimg.com/profile_images/554523219353284608/n7tlLJO7_normal.jpeg", "profile_sidebar_fill_color": "DDEEF6", "entities": {"url": {"urls": [{"url": "http://t.co/UK063rmWRN", "indices": [0, 22], "expanded_url": "http://facebook.com/Spirit", "display_url": "facebook.com/Spirit"}]}, "description": {"urls": []}}, "followers_count": 78002, "profile_sidebar_border_color": "C0DEED", "id_str": "281679641", "profile_background_color": "C0DEED", "listed_count": 368, "is_translation_enabled": false, "utc_offset": null, "statuses_count": 100625, "description": "A Spirit doing her best to cope with this human exprience #Jew by Birth An #Israel by #God Grace Friend of BillW #Spiritual #Music #SpiritFollowTrain #TeamPeace", "friends_count": 56466, "location": "#TeamSpirit #ISRAEL", "profile_link_color": "0084B4", "profile_image_url": "http://pbs.twimg.com/profile_images/554523219353284608/n7tlLJO7_normal.jpeg", "following": false, "geo_enabled": true, "profile_banner_url": "https://pbs.twimg.com/profile_banners/281679641/1376126297", "profile_background_image_url": "http://abs.twimg.com/images/themes/theme1/bg.png", "name": "SpiritRider GAIN :o)", "lang": "en", "profile_background_tile": false, "favourites_count": 27923, "screen_name": "SpiritRider1", "notifications": false, "url": "http://t.co/UK063rmWRN", "created_at": "Wed Apr 13 19:11:45 +0000 2011", "contributors_enabled": false, "time_zone": null, "protected": false, "default_profile": true, "is_translator": false}, "geo": {"type": "Point", "coordinates": [32.99848823, 35.27747929]}, "in_reply_to_user_id_str": "51241574", "possibly_sensitive": false, "lang": "en", "created_at": "Fri Jan 09 08:57:24 +0000 2015", "in_reply_to_status_id_str": "553475269873643520", "place": {"full_name": "Israel", "url": "https://api.twitter.com/1.1/geo/id/2edb6e240797c549.json", "country": "\u05d9\u05e9\u05e8\u05d0\u05dc", "place_type": "country", "bounding_box": {"type": "Polygon", "coordinates": [[[34.2677443440349, 29.4975360001918], [35.8919799999187, 29.4975360001918], [35.8919799999187, 33.3333579998082], [34.2677443440349, 33.3333579998082]]]}, "contained_within": [], "country_code": "IL", "attributes": {}, "id": "2edb6e240797c549", "name": "Israel"}}
