{"contributors": null, "truncated": false, "text": "@AP \n\n\u0644\u0648\u0679 \u0627\u062a\u06cc \u06c1\u06d2 \u0645\u06cc\u0631\u06cc \u0634\u067e \u06a9\u06cc \u0639\u0628\u0627\u062f\u062a \u062d\u0627\u0644\u06cc\n\u062c\u0627\u0646\u06d2 \u06a9\u0633 \u0639\u0631\u0634 \u067e\u06c1 \u0631\u06c1\u062a\u0627 \u06c1\u06d2 \u062e\u062f\u0627 \u0634\u0627\u0645 \u06a9\u06d2 \u0628\u0639\u062f", "in_reply_to_status_id": 553475269873643520, "id": 553477251698675713, "favorite_count": 0, "source": "<a href=\"http://twitter.com\" rel=\"nofollow\">Twitter Web Client</a>", "retweeted": false, "coordinates": null, "entities": {"symbols": [], "user_mentions": [{"id": 51241574, "indices": [0, 3], "id_str": "51241574", "screen_name": "AP", "name": "The Associated Press"}], "hashtags": [], "urls": []}, "in_reply_to_screen_name": "AP", "id_str": "553477251698675713", "retweet_count": 0, "in_reply_to_user_id": 51241574, "favorited": false, "user": {"follow_request_sent": false, "profile_use_background_image": false, "profile_text_color": "000000", "default_profile_image": false, "id": 1637236532, "profile_background_image_url_https": "https://abs.twimg.com/images/themes/theme1/bg.png", "verified": false, "profile_location": null, "profile_image_url_https": "https://pbs.twimg.com/profile_images/537632147985547264/Q3Qw1AJF_normal.jpeg", "profile_sidebar_fill_color": "000000", "entities": {"description": {"urls": []}}, "followers_count": 195, "profile_sidebar_border_color": "000000", "id_str": "1637236532", "profile_background_color": "000000", "listed_count": 3, "is_translation_enabled": false, "utc_offset": -25200, "statuses_count": 4877, "description": "I AM DEPUTY DIRECTOR EDUCATION IN INDIA PUNJAB  AND  LOVE WITH POETRY AND CURRENT AFFAIRS", "friends_count": 192, "location": " FEROZPUR INDIA", "profile_link_color": "DD2E44", "profile_image_url": "http://pbs.twimg.com/profile_images/537632147985547264/Q3Qw1AJF_normal.jpeg", "following": false, "geo_enabled": false, "profile_banner_url": "https://pbs.twimg.com/profile_banners/1637236532/1418212863", "profile_background_image_url": "http://abs.twimg.com/images/themes/theme1/bg.png", "name": "nadeem hashmi", "lang": "en", "profile_background_tile": true, "favourites_count": 1483, "screen_name": "NadeemAhsaan", "notifications": false, "url": null, "created_at": "Thu Aug 01 05:46:05 +0000 2013", "contributors_enabled": false, "time_zone": "Arizona", "protected": false, "default_profile": false, "is_translator": false}, "geo": null, "in_reply_to_user_id_str": "51241574", "lang": "ur", "created_at": "Fri Jan 09 09:03:54 +0000 2015", "in_reply_to_status_id_str": "553475269873643520", "place": null}
