{"contributors": null, "truncated": false, "text": "RT @AP: \"MORE: Operation to detain massacre suspects unfolding in Dammartin-en-Goele, 25 miles northeast of Paris: http://t.co/91wknjYIlR\"", "in_reply_to_status_id": 553475269873643520, "id": 553483926455345152, "favorite_count": 1, "source": "<a href=\"http://twitter.com/download/iphone\" rel=\"nofollow\">Twitter for iPhone</a>", "retweeted": false, "coordinates": null, "entities": {"symbols": [], "user_mentions": [{"id": 51241574, "indices": [3, 6], "id_str": "51241574", "screen_name": "AP", "name": "The Associated Press"}], "hashtags": [], "urls": [{"url": "http://t.co/91wknjYIlR", "indices": [115, 137], "expanded_url": "http://apne.ws/1wBegx5", "display_url": "apne.ws/1wBegx5"}]}, "in_reply_to_screen_name": "AP", "id_str": "553483926455345152", "retweet_count": 0, "in_reply_to_user_id": 51241574, "favorited": false, "user": {"follow_request_sent": false, "profile_use_background_image": true, "profile_text_color": "333333", "default_profile_image": false, "id": 298974112, "profile_background_image_url_https": "https://abs.twimg.com/images/themes/theme1/bg.png", "verified": false, "profile_location": null, "profile_image_url_https": "https://pbs.twimg.com/profile_images/537475892755193856/nc6GRnEP_normal.jpeg", "profile_sidebar_fill_color": "DDEEF6", "entities": {"description": {"urls": []}}, "followers_count": 195, "profile_sidebar_border_color": "C0DEED", "id_str": "298974112", "profile_background_color": "C0DEED", "listed_count": 1, "is_translation_enabled": false, "utc_offset": -21600, "statuses_count": 4527, "description": "", "friends_count": 626, "location": "", "profile_link_color": "0084B4", "profile_image_url": "http://pbs.twimg.com/profile_images/537475892755193856/nc6GRnEP_normal.jpeg", "following": false, "geo_enabled": true, "profile_background_image_url": "http://abs.twimg.com/images/themes/theme1/bg.png", "name": "Neo", "lang": "en", "profile_background_tile": false, "favourites_count": 183, "screen_name": "NrePace", "notifications": false, "url": null, "created_at": "Sun May 15 08:39:13 +0000 2011", "contributors_enabled": false, "time_zone": "Central Time (US & Canada)", "protected": false, "default_profile": true, "is_translator": false}, "geo": null, "in_reply_to_user_id_str": "51241574", "possibly_sensitive": false, "lang": "en", "created_at": "Fri Jan 09 09:30:25 +0000 2015", "in_reply_to_status_id_str": "553475269873643520", "place": null}
