{"contributors":null,"truncated":false,"text":"@AP Please kill them.","in_reply_to_status_id":553475269873643520,"id":553480064977731584,"favorite_count":1,"source":"<a href=\"http:\/\/twitter.com\/download\/android\" rel=\"nofollow\">Twitter for Android<\/a>","retweeted":false,"coordinates":null,"entities":{"symbols":[],"user_mentions":[{"id":51241574,"indices":[0,3],"id_str":"51241574","screen_name":"AP","name":"The Associated Press"}],"hashtags":[],"urls":[]},"in_reply_to_screen_name":"AP","id_str":"553480064977731584","retweet_count":0,"in_reply_to_user_id":51241574,"favorited":false,"user":{"follow_request_sent":false,"profile_use_background_image":false,"profile_text_color":"000000","default_profile_image":false,"id":230348811,"profile_background_image_url_https":"https:\/\/abs.twimg.com\/images\/themes\/theme14\/bg.gif","verified":false,"profile_location":null,"profile_image_url_https":"https:\/\/pbs.twimg.com\/profile_images\/566015588942626816\/G9hc5KoP_normal.png","profile_sidebar_fill_color":"000000","entities":{"description":{"urls":[]}},"followers_count":734,"profile_sidebar_border_color":"000000","id_str":"230348811","profile_background_color":"000000","listed_count":9,"is_translation_enabled":false,"utc_offset":-21600,"statuses_count":10059,"description":"Writer\/Blogger. Progressive Liberal Pundit. Radio Personality. Religious critic.","friends_count":1712,"location":"Minnesota","profile_link_color":"2ABABF","profile_image_url":"http:\/\/pbs.twimg.com\/profile_images\/566015588942626816\/G9hc5KoP_normal.png","following":false,"geo_enabled":false,"profile_banner_url":"https:\/\/pbs.twimg.com\/profile_banners\/230348811\/1420969002","profile_background_image_url":"http:\/\/abs.twimg.com\/images\/themes\/theme14\/bg.gif","name":"Tom Kardon","lang":"en","profile_background_tile":false,"favourites_count":1414,"screen_name":"tomkardon","notifications":false,"url":null,"created_at":"Sat Dec 25 04:24:29 +0000 2010","contributors_enabled":false,"time_zone":"Central Time (US & Canada)","protected":false,"default_profile":false,"is_translator":false},"geo":null,"in_reply_to_user_id_str":"51241574","lang":"en","created_at":"Fri Jan 09 09:15:05 +0000 2015","in_reply_to_status_id_str":"553475269873643520","place":null}