{"contributors": null, "truncated": false, "text": "@AP shame on your family you dirty muslim bastards", "in_reply_to_status_id": 553475269873643520, "id": 553607136312582144, "favorite_count": 0, "source": "<a href=\"http://twitter.com\" rel=\"nofollow\">Twitter Web Client</a>", "retweeted": false, "coordinates": null, "entities": {"symbols": [], "user_mentions": [{"id": 51241574, "indices": [0, 3], "id_str": "51241574", "screen_name": "AP", "name": "The Associated Press"}], "hashtags": [], "urls": []}, "in_reply_to_screen_name": "AP", "id_str": "553607136312582144", "retweet_count": 0, "in_reply_to_user_id": 51241574, "favorited": false, "user": {"follow_request_sent": false, "profile_use_background_image": true, "profile_text_color": "333333", "default_profile_image": false, "id": 53396652, "profile_background_image_url_https": "https://pbs.twimg.com/profile_background_images/360630554/klavier_lets_swing_tonight.jpg", "verified": false, "profile_location": null, "profile_image_url_https": "https://pbs.twimg.com/profile_images/440496590281662464/BGswxfNk_normal.jpeg", "profile_sidebar_fill_color": "F6F6F6", "entities": {"url": {"urls": [{"url": "http://t.co/LKklH833EB", "indices": [0, 22], "expanded_url": "http://andygrey-events.de", "display_url": "andygrey-events.de"}]}, "description": {"urls": []}}, "followers_count": 5, "profile_sidebar_border_color": "EEEEEE", "id_str": "53396652", "profile_background_color": "ACDED6", "listed_count": 0, "is_translation_enabled": false, "utc_offset": 3600, "statuses_count": 478, "description": "Kreuzfahrtleiter\r\nProfi S\u00e4nger und Entertainer\r\nbekannt aus Radio und TV/well known from TV", "friends_count": 31, "location": "Germany NRW", "profile_link_color": "038543", "profile_image_url": "http://pbs.twimg.com/profile_images/440496590281662464/BGswxfNk_normal.jpeg", "following": false, "geo_enabled": false, "profile_background_image_url": "http://pbs.twimg.com/profile_background_images/360630554/klavier_lets_swing_tonight.jpg", "name": "ulrich klingelhoefer", "lang": "en", "profile_background_tile": false, "favourites_count": 1, "screen_name": "cruisingprofi", "notifications": false, "url": "http://t.co/LKklH833EB", "created_at": "Fri Jul 03 14:21:17 +0000 2009", "contributors_enabled": false, "time_zone": "Berlin", "protected": false, "default_profile": false, "is_translator": false}, "geo": null, "in_reply_to_user_id_str": "51241574", "lang": "en", "created_at": "Fri Jan 09 17:40:01 +0000 2015", "in_reply_to_status_id_str": "553475269873643520", "place": null}
