{"contributors": null, "truncated": false, "text": "@hamishNews http://t.co/k8iIY6bEzL", "in_reply_to_status_id": 581063957684850688, "id": 581064191676715008, "favorite_count": 0, "source": "<a href=\"https://about.twitter.com/products/tweetdeck\" rel=\"nofollow\">TweetDeck</a>", "retweeted": false, "coordinates": null, "entities": {"symbols": [], "user_mentions": [{"id": 26738483, "indices": [0, 11], "id_str": "26738483", "screen_name": "hamishNews", "name": "Hamish Macdonald"}], "hashtags": [], "urls": [{"url": "http://t.co/k8iIY6bEzL", "indices": [12, 34], "expanded_url": "http://aviation-business-gazette.com/A44/B58/Pilot-Andreas-Guenter-Lubitz-Rheinland-Pfalz-.html", "display_url": "aviation-business-gazette.com/A44/B58/Pilot-\u2026"}]}, "in_reply_to_screen_name": "hamishNews", "id_str": "581064191676715008", "retweet_count": 0, "in_reply_to_user_id": 26738483, "favorited": false, "user": {"follow_request_sent": false, "profile_use_background_image": true, "profile_text_color": "333333", "default_profile_image": false, "id": 1934460830, "profile_background_image_url_https": "https://abs.twimg.com/images/themes/theme1/bg.png", "verified": true, "profile_location": null, "profile_image_url_https": "https://pbs.twimg.com/profile_images/542783965325582336/MScdsSTO_normal.jpeg", "profile_sidebar_fill_color": "DDEEF6", "entities": {"url": {"urls": [{"url": "http://t.co/eyEkbdtK8Y", "indices": [0, 22], "expanded_url": "http://www.wboy.com/weather", "display_url": "wboy.com/weather"}]}, "description": {"urls": []}}, "followers_count": 1916, "profile_sidebar_border_color": "C0DEED", "id_str": "1934460830", "profile_background_color": "C0DEED", "listed_count": 55, "is_translation_enabled": false, "utc_offset": -10800, "statuses_count": 10503, "description": "Stormtracker12 meteorologist. ABC NBC", "friends_count": 2235, "location": "North-central West Virginia", "profile_link_color": "1C5266", "profile_image_url": "http://pbs.twimg.com/profile_images/542783965325582336/MScdsSTO_normal.jpeg", "following": false, "geo_enabled": true, "profile_banner_url": "https://pbs.twimg.com/profile_banners/1934460830/1422877830", "profile_background_image_url": "http://abs.twimg.com/images/themes/theme1/bg.png", "name": "Kristian Claus", "lang": "en", "profile_background_tile": false, "favourites_count": 3906, "screen_name": "KClausWBOY", "notifications": false, "url": "http://t.co/eyEkbdtK8Y", "created_at": "Fri Oct 04 14:37:40 +0000 2013", "contributors_enabled": false, "time_zone": "Atlantic Time (Canada)", "protected": false, "default_profile": false, "is_translator": false}, "geo": null, "in_reply_to_user_id_str": "26738483", "possibly_sensitive": false, "possibly_sensitive_appealable": false, "lang": "und", "created_at": "Thu Mar 26 12:04:33 +0000 2015", "in_reply_to_status_id_str": "581063957684850688", "place": null}
