{"contributors":null,"truncated":false,"text":"\u201c@CBCOttawa: Parliament was stormed by at least one gunman who shot a soldier standing guard at Canada's war memorial. #cbcOTT #OTTnews\u201d","in_reply_to_status_id":524932574909857792,"id":524934728508792835,"favorite_count":1,"source":"<a href=\"http:\/\/twitter.com\/download\/iphone\" rel=\"nofollow\">Twitter for iPhone<\/a>","retweeted":false,"coordinates":null,"entities":{"symbols":[],"user_mentions":[{"id":18999969,"indices":[1,11],"id_str":"18999969","screen_name":"CBCOttawa","name":"CBC Ottawa"}],"hashtags":[{"indices":[119,126],"text":"cbcOTT"},{"indices":[127,135],"text":"OTTnews"}],"urls":[]},"in_reply_to_screen_name":"CBCOttawa","id_str":"524934728508792835","retweet_count":1,"in_reply_to_user_id":18999969,"favorited":false,"user":{"follow_request_sent":false,"profile_use_background_image":false,"default_profile_image":false,"id":1243880023,"profile_background_image_url_https":"https:\/\/pbs.twimg.com\/profile_background_images\/378800000124409198\/b532527f3642c3871a05936caadfc822.jpeg","verified":false,"profile_text_color":"333333","profile_image_url_https":"https:\/\/pbs.twimg.com\/profile_images\/590142298178072576\/rjf-WYyW_normal.jpg","profile_sidebar_fill_color":"DDEEF6","entities":{"description":{"urls":[]}},"followers_count":596,"profile_sidebar_border_color":"FFFFFF","id_str":"1243880023","profile_background_color":"DBE9ED","listed_count":2,"is_translation_enabled":false,"utc_offset":-10800,"statuses_count":14364,"description":"613| Lander","friends_count":433,"location":"","profile_link_color":"A3979A","profile_image_url":"http:\/\/pbs.twimg.com\/profile_images\/590142298178072576\/rjf-WYyW_normal.jpg","following":false,"geo_enabled":true,"profile_banner_url":"https:\/\/pbs.twimg.com\/profile_banners\/1243880023\/1413181093","profile_background_image_url":"http:\/\/pbs.twimg.com\/profile_background_images\/378800000124409198\/b532527f3642c3871a05936caadfc822.jpeg","screen_name":"HibaqJaamac","lang":"en","profile_background_tile":true,"favourites_count":6883,"name":"H.","notifications":false,"url":null,"created_at":"Tue Mar 05 14:29:35 +0000 2013","contributors_enabled":false,"time_zone":"Atlantic Time (Canada)","protected":false,"default_profile":false,"is_translator":false},"geo":null,"in_reply_to_user_id_str":"18999969","lang":"en","created_at":"Wed Oct 22 14:46:06 +0000 2014","in_reply_to_status_id_str":"524932574909857792","place":null}