{"contributors":null,"truncated":false,"text":"@CBCOttawa \nMadness! I am so sorry dear neighbors...","in_reply_to_status_id":524932574909857792,"id":524941793453154305,"favorite_count":0,"source":"<a href=\"http:\/\/twitter.com\/download\/android\" rel=\"nofollow\">Twitter for Android<\/a>","retweeted":false,"coordinates":null,"entities":{"symbols":[],"user_mentions":[{"id":18999969,"indices":[0,10],"id_str":"18999969","screen_name":"CBCOttawa","name":"CBC Ottawa"}],"hashtags":[],"urls":[]},"in_reply_to_screen_name":"CBCOttawa","id_str":"524941793453154305","retweet_count":0,"in_reply_to_user_id":18999969,"favorited":false,"user":{"follow_request_sent":false,"profile_use_background_image":true,"default_profile_image":false,"id":743456575,"profile_background_image_url_https":"https:\/\/abs.twimg.com\/images\/themes\/theme10\/bg.gif","verified":false,"profile_text_color":"3D1957","profile_image_url_https":"https:\/\/pbs.twimg.com\/profile_images\/538058814223036416\/WWFy1Q_5_normal.jpeg","profile_sidebar_fill_color":"7AC3EE","entities":{"description":{"urls":[]}},"followers_count":3192,"profile_sidebar_border_color":"65B0DA","id_str":"743456575","profile_background_color":"642D8B","listed_count":23,"is_translation_enabled":false,"utc_offset":null,"statuses_count":20130,"description":"A person who has seen hell yet believes in Hope. I respect every living thing for its place in our universe. My dogs are kind to Love me.","friends_count":3250,"location":"","profile_link_color":"FF0000","profile_image_url":"http:\/\/pbs.twimg.com\/profile_images\/538058814223036416\/WWFy1Q_5_normal.jpeg","following":false,"geo_enabled":true,"profile_banner_url":"https:\/\/pbs.twimg.com\/profile_banners\/743456575\/1413897128","profile_background_image_url":"http:\/\/abs.twimg.com\/images\/themes\/theme10\/bg.gif","screen_name":"Justa_Len","lang":"en","profile_background_tile":true,"favourites_count":15834,"name":"Just_Len","notifications":false,"url":null,"created_at":"Tue Aug 07 18:26:11 +0000 2012","contributors_enabled":false,"time_zone":null,"protected":false,"default_profile":false,"is_translator":false},"geo":null,"in_reply_to_user_id_str":"18999969","lang":"en","created_at":"Wed Oct 22 15:14:11 +0000 2014","in_reply_to_status_id_str":"524932574909857792","place":null}