{"contributors":null,"truncated":false,"text":"\u201c@CBCOttawa: Parliament was stormed by at least one gunman who shot a soldier standing guard at Canada's war memorial.\"","in_reply_to_status_id":524932574909857792,"id":524935269779525632,"favorite_count":0,"source":"<a href=\"http:\/\/twitter.com\/download\/iphone\" rel=\"nofollow\">Twitter for iPhone<\/a>","retweeted":false,"coordinates":null,"entities":{"symbols":[],"user_mentions":[{"id":18999969,"indices":[1,11],"id_str":"18999969","screen_name":"CBCOttawa","name":"CBC Ottawa"}],"hashtags":[],"urls":[]},"in_reply_to_screen_name":"CBCOttawa","id_str":"524935269779525632","retweet_count":0,"in_reply_to_user_id":18999969,"favorited":false,"user":{"follow_request_sent":false,"profile_use_background_image":true,"default_profile_image":false,"id":196028294,"profile_background_image_url_https":"https:\/\/pbs.twimg.com\/profile_background_images\/378800000182464212\/MHllKNam.jpeg","verified":false,"profile_text_color":"3C3940","profile_image_url_https":"https:\/\/pbs.twimg.com\/profile_images\/560983475591725056\/VHMPSFz6_normal.jpeg","profile_sidebar_fill_color":"95E8EC","entities":{"description":{"urls":[]}},"followers_count":374,"profile_sidebar_border_color":"FFFFFF","id_str":"196028294","profile_background_color":"0099B9","listed_count":9,"is_translation_enabled":false,"utc_offset":-18000,"statuses_count":7114,"description":"#ACPR Grad. Comms student by night. Business Assistant to @carmeljoybaird of CMT Canada's @momsamedium","friends_count":274,"location":"Edmonton, Alberta","profile_link_color":"0099B9","profile_image_url":"http:\/\/pbs.twimg.com\/profile_images\/560983475591725056\/VHMPSFz6_normal.jpeg","following":false,"geo_enabled":true,"profile_banner_url":"https:\/\/pbs.twimg.com\/profile_banners\/196028294\/1412112859","profile_background_image_url":"http:\/\/pbs.twimg.com\/profile_background_images\/378800000182464212\/MHllKNam.jpeg","screen_name":"rileeygrace","lang":"en","profile_background_tile":true,"favourites_count":513,"name":"Riley Grace","notifications":false,"url":null,"created_at":"Tue Sep 28 04:09:07 +0000 2010","contributors_enabled":false,"time_zone":"Central Time (US & Canada)","protected":false,"default_profile":false,"is_translator":false},"geo":null,"in_reply_to_user_id_str":"18999969","lang":"en","created_at":"Wed Oct 22 14:48:15 +0000 2014","in_reply_to_status_id_str":"524932574909857792","place":null}