{"contributors": null, "truncated": false, "text": "@CBCOttawa Most/all NCR federal buildings locked down. Told to stay inside. Need pass card to enter. @GiacomoPanico", "in_reply_to_status_id": 524932574909857792, "id": 524933682759753728, "favorite_count": 0, "source": "<a href=\"http://tapbots.com/tweetbot\" rel=\"nofollow\">Tweetbot for i\u039fS</a>", "retweeted": false, "coordinates": null, "entities": {"symbols": [], "user_mentions": [{"id": 18999969, "indices": [0, 10], "id_str": "18999969", "screen_name": "CBCOttawa", "name": "CBC Ottawa"}, {"id": 73403796, "indices": [101, 115], "id_str": "73403796", "screen_name": "GiacomoPanico", "name": "Giacomo Panico"}], "hashtags": [], "urls": []}, "in_reply_to_screen_name": "CBCOttawa", "id_str": "524933682759753728", "retweet_count": 0, "in_reply_to_user_id": 18999969, "favorited": false, "user": {"follow_request_sent": false, "profile_use_background_image": true, "default_profile_image": false, "id": 431275191, "profile_background_image_url_https": "https://abs.twimg.com/images/themes/theme1/bg.png", "verified": false, "profile_text_color": "333333", "profile_image_url_https": "https://pbs.twimg.com/profile_images/1905284468/afdegjdh_normal.jpg", "profile_sidebar_fill_color": "DDEEF6", "entities": {"description": {"urls": []}}, "followers_count": 131, "profile_sidebar_border_color": "C0DEED", "id_str": "431275191", "profile_background_color": "C0DEED", "listed_count": 5, "is_translation_enabled": false, "utc_offset": -14400, "statuses_count": 4034, "description": "Occasional pundit; husband, father, grandfather, nature lover, tech and transit geek. Now semi-retired. Believer in fact-based decision making.", "friends_count": 187, "location": "Ottawa, usually", "profile_link_color": "0084B4", "profile_image_url": "http://pbs.twimg.com/profile_images/1905284468/afdegjdh_normal.jpg", "following": false, "geo_enabled": true, "profile_background_image_url": "http://abs.twimg.com/images/themes/theme1/bg.png", "screen_name": "CounterClick", "lang": "en", "profile_background_tile": false, "favourites_count": 226, "name": "Bernie Geiger", "notifications": false, "url": null, "created_at": "Thu Dec 08 03:25:37 +0000 2011", "contributors_enabled": false, "time_zone": "Eastern Time (US & Canada)", "protected": false, "default_profile": true, "is_translator": false}, "geo": null, "in_reply_to_user_id_str": "18999969", "lang": "en", "created_at": "Wed Oct 22 14:41:57 +0000 2014", "in_reply_to_status_id_str": "524932574909857792", "place": null}
