{"contributors":null,"truncated":false,"text":"@CBCOttawa if I were to guess there's more than one of these bastards on the loose","in_reply_to_status_id":524932574909857792,"id":525018739763187716,"favorite_count":0,"source":"<a href=\"http:\/\/twitter.com\/download\/iphone\" rel=\"nofollow\">Twitter for iPhone<\/a>","retweeted":false,"coordinates":null,"entities":{"symbols":[],"user_mentions":[{"id":18999969,"indices":[0,10],"id_str":"18999969","screen_name":"CBCOttawa","name":"CBC Ottawa"}],"hashtags":[],"urls":[]},"in_reply_to_screen_name":"CBCOttawa","id_str":"525018739763187716","retweet_count":0,"in_reply_to_user_id":18999969,"favorited":false,"user":{"follow_request_sent":false,"profile_use_background_image":true,"default_profile_image":false,"id":2767058804,"profile_background_image_url_https":"https:\/\/abs.twimg.com\/images\/themes\/theme1\/bg.png","verified":false,"profile_text_color":"333333","profile_image_url_https":"https:\/\/pbs.twimg.com\/profile_images\/574272134110932992\/PZgiwWHj_normal.jpeg","profile_sidebar_fill_color":"DDEEF6","entities":{"description":{"urls":[]}},"followers_count":12,"profile_sidebar_border_color":"C0DEED","id_str":"2767058804","profile_background_color":"C0DEED","listed_count":1,"is_translation_enabled":false,"utc_offset":null,"statuses_count":264,"description":"Nascar Fan and Master of Vintage Audio Restoration- welcome to my world of loud v8's , tubes and solid state goodness.","friends_count":36,"location":"Lanark County, Ontario","profile_link_color":"0084B4","profile_image_url":"http:\/\/pbs.twimg.com\/profile_images\/574272134110932992\/PZgiwWHj_normal.jpeg","following":false,"geo_enabled":false,"profile_banner_url":"https:\/\/pbs.twimg.com\/profile_banners\/2767058804\/1408986926","profile_background_image_url":"http:\/\/abs.twimg.com\/images\/themes\/theme1\/bg.png","screen_name":"CPbkfan","lang":"en","profile_background_tile":false,"favourites_count":8,"name":"BKFAN","notifications":false,"url":null,"created_at":"Mon Aug 25 17:08:43 +0000 2014","contributors_enabled":false,"time_zone":null,"protected":false,"default_profile":true,"is_translator":false},"geo":null,"in_reply_to_user_id_str":"18999969","lang":"en","created_at":"Wed Oct 22 20:19:56 +0000 2014","in_reply_to_status_id_str":"524932574909857792","place":null}