{"contributors": null, "truncated": false, "text": "@nytimes \n'Islamist' #Turkey AKP lawmaker claims #CharlieHebdo killings were staged like a movie script to shift the blame unto Muslims", "in_reply_to_status_id": 553479222434729984, "id": 553479585979826176, "favorite_count": 0, "source": "<a href=\"http://twitter.com\" rel=\"nofollow\">Twitter Web Client</a>", "retweeted": false, "coordinates": null, "entities": {"symbols": [], "user_mentions": [{"id": 807095, "indices": [0, 8], "id_str": "807095", "screen_name": "nytimes", "name": "The New York Times"}], "hashtags": [{"indices": [21, 28], "text": "Turkey"}, {"indices": [49, 62], "text": "CharlieHebdo"}], "urls": []}, "in_reply_to_screen_name": "nytimes", "id_str": "553479585979826176", "retweet_count": 0, "in_reply_to_user_id": 807095, "favorited": false, "user": {"follow_request_sent": false, "profile_use_background_image": true, "profile_text_color": "333333", "default_profile_image": false, "id": 31694460, "profile_background_image_url_https": "https://abs.twimg.com/images/themes/theme1/bg.png", "verified": false, "profile_location": null, "profile_image_url_https": "https://pbs.twimg.com/profile_images/533931858656899072/huEf1ceS_normal.png", "profile_sidebar_fill_color": "DDEEF6", "entities": {"description": {"urls": []}}, "followers_count": 2799, "profile_sidebar_border_color": "C0DEED", "id_str": "31694460", "profile_background_color": "C0DEED", "listed_count": 142, "is_translation_enabled": false, "utc_offset": null, "statuses_count": 134564, "description": "", "friends_count": 1350, "location": "", "profile_link_color": "0084B4", "profile_image_url": "http://pbs.twimg.com/profile_images/533931858656899072/huEf1ceS_normal.png", "following": false, "geo_enabled": false, "profile_background_image_url": "http://abs.twimg.com/images/themes/theme1/bg.png", "name": "Eli Tabori", "lang": "en", "profile_background_tile": false, "favourites_count": 10400, "screen_name": "etabori", "notifications": false, "url": null, "created_at": "Thu Apr 16 08:30:38 +0000 2009", "contributors_enabled": false, "time_zone": null, "protected": false, "default_profile": true, "is_translator": false}, "geo": null, "in_reply_to_user_id_str": "807095", "lang": "en", "created_at": "Fri Jan 09 09:13:11 +0000 2015", "in_reply_to_status_id_str": "553479222434729984", "place": null}
