{"contributors": null, "truncated": false, "text": "\u201c@nytimes: Charlie Hebdo Suspects and Police Are Said to Exchange Fire Northeast of Paris http://t.co/MpV4Y8vJZi\u201d", "in_reply_to_status_id": 553479222434729984, "id": 553479610433036288, "favorite_count": 0, "source": "<a href=\"http://twitter.com/download/iphone\" rel=\"nofollow\">Twitter for iPhone</a>", "retweeted": false, "coordinates": null, "entities": {"symbols": [], "user_mentions": [{"id": 807095, "indices": [1, 9], "id_str": "807095", "screen_name": "nytimes", "name": "The New York Times"}], "hashtags": [], "urls": [{"url": "http://t.co/MpV4Y8vJZi", "indices": [90, 112], "expanded_url": "http://nyti.ms/1BHpYLP", "display_url": "nyti.ms/1BHpYLP"}]}, "in_reply_to_screen_name": "nytimes", "id_str": "553479610433036288", "retweet_count": 0, "in_reply_to_user_id": 807095, "favorited": false, "user": {"follow_request_sent": false, "profile_use_background_image": true, "profile_text_color": "333333", "default_profile_image": false, "id": 433488471, "profile_background_image_url_https": "https://abs.twimg.com/images/themes/theme1/bg.png", "verified": false, "profile_location": null, "profile_image_url_https": "https://pbs.twimg.com/profile_images/1700964425/image_normal.jpg", "profile_sidebar_fill_color": "DDEEF6", "entities": {"description": {"urls": []}}, "followers_count": 252, "profile_sidebar_border_color": "C0DEED", "id_str": "433488471", "profile_background_color": "C0DEED", "listed_count": 2, "is_translation_enabled": false, "utc_offset": null, "statuses_count": 142, "description": "Working in the charity sector loves the UK country side and coast line. photography and the motor home are my hobbies", "friends_count": 363, "location": "", "profile_link_color": "0084B4", "profile_image_url": "http://pbs.twimg.com/profile_images/1700964425/image_normal.jpg", "following": false, "geo_enabled": false, "profile_background_image_url": "http://abs.twimg.com/images/themes/theme1/bg.png", "name": "Nick Harper", "lang": "en", "profile_background_tile": false, "favourites_count": 3, "screen_name": "NgHarper", "notifications": false, "url": null, "created_at": "Sat Dec 10 16:45:06 +0000 2011", "contributors_enabled": false, "time_zone": null, "protected": false, "default_profile": true, "is_translator": false}, "geo": null, "in_reply_to_user_id_str": "807095", "possibly_sensitive": false, "lang": "en", "created_at": "Fri Jan 09 09:13:16 +0000 2015", "in_reply_to_status_id_str": "553479222434729984", "place": null}
