{"contributors": null, "truncated": false, "text": "@nytimes \nWe should be expecting Donald Trump .\nTo be in the White House 2016 .", "in_reply_to_status_id": 553479222434729984, "id": 553497614620971011, "favorite_count": 0, "source": "<a href=\"http://twitter.com/download/android\" rel=\"nofollow\">Twitter for Android</a>", "retweeted": false, "coordinates": null, "entities": {"symbols": [], "user_mentions": [{"id": 807095, "indices": [0, 8], "id_str": "807095", "screen_name": "nytimes", "name": "The New York Times"}], "hashtags": [], "urls": []}, "in_reply_to_screen_name": "nytimes", "id_str": "553497614620971011", "retweet_count": 0, "in_reply_to_user_id": 807095, "favorited": false, "user": {"follow_request_sent": false, "profile_use_background_image": true, "profile_text_color": "333333", "default_profile_image": false, "id": 2579863970, "profile_background_image_url_https": "https://abs.twimg.com/images/themes/theme1/bg.png", "verified": false, "profile_location": null, "profile_image_url_https": "https://pbs.twimg.com/profile_images/484447615158083585/PuMvxuD7_normal.jpeg", "profile_sidebar_fill_color": "DDEEF6", "entities": {"description": {"urls": []}}, "followers_count": 10, "profile_sidebar_border_color": "C0DEED", "id_str": "2579863970", "profile_background_color": "C0DEED", "listed_count": 0, "is_translation_enabled": false, "utc_offset": null, "statuses_count": 789, "description": "", "friends_count": 45, "location": "", "profile_link_color": "0084B4", "profile_image_url": "http://pbs.twimg.com/profile_images/484447615158083585/PuMvxuD7_normal.jpeg", "following": false, "geo_enabled": true, "profile_background_image_url": "http://abs.twimg.com/images/themes/theme1/bg.png", "name": "Sintianie Jean-Miche", "lang": "en", "profile_background_tile": false, "favourites_count": 15, "screen_name": "sintianiej", "notifications": false, "url": null, "created_at": "Sat Jun 21 05:19:40 +0000 2014", "contributors_enabled": false, "time_zone": null, "protected": false, "default_profile": true, "is_translator": false}, "geo": null, "in_reply_to_user_id_str": "807095", "lang": "en", "created_at": "Fri Jan 09 10:24:49 +0000 2015", "in_reply_to_status_id_str": "553479222434729984", "place": null}
