{"contributors":null,"truncated":false,"text":"@nytimes Now they saying one dead, several injured?","in_reply_to_status_id":553479222434729984,"id":553479735582658561,"favorite_count":0,"source":"<a href=\"https:\/\/about.twitter.com\/products\/tweetdeck\" rel=\"nofollow\">TweetDeck<\/a>","retweeted":false,"coordinates":null,"entities":{"symbols":[],"user_mentions":[{"id":807095,"indices":[0,8],"id_str":"807095","screen_name":"nytimes","name":"The New York Times"}],"hashtags":[],"urls":[]},"in_reply_to_screen_name":"nytimes","id_str":"553479735582658561","retweet_count":0,"in_reply_to_user_id":807095,"favorited":false,"user":{"follow_request_sent":false,"profile_use_background_image":true,"profile_text_color":"333333","default_profile_image":false,"id":20529676,"profile_background_image_url_https":"https:\/\/pbs.twimg.com\/profile_background_images\/378800000180570608\/61Ek7aaO.jpeg","verified":false,"profile_location":null,"profile_image_url_https":"https:\/\/pbs.twimg.com\/profile_images\/576637141733806080\/QyYr87vG_normal.jpeg","profile_sidebar_fill_color":"EFEFEF","entities":{"description":{"urls":[]}},"followers_count":366,"profile_sidebar_border_color":"FFFFFF","id_str":"20529676","profile_background_color":"9AE4E8","listed_count":4,"is_translation_enabled":false,"utc_offset":-10800,"statuses_count":5783,"description":"Loving life. Media & Entertainment junkie. Performer at heart. Passionate Christian. Love to travel. Creative with a touch of weird. Instagram: @jacoklynsmith","friends_count":318,"location":"Windhoek, Namibia","profile_link_color":"0084B4","profile_image_url":"http:\/\/pbs.twimg.com\/profile_images\/576637141733806080\/QyYr87vG_normal.jpeg","following":false,"geo_enabled":true,"profile_banner_url":"https:\/\/pbs.twimg.com\/profile_banners\/20529676\/1355393859","profile_background_image_url":"http:\/\/pbs.twimg.com\/profile_background_images\/378800000180570608\/61Ek7aaO.jpeg","name":"Jaco Klynsmith ","lang":"en","profile_background_tile":true,"favourites_count":888,"screen_name":"jacoklynsmith","notifications":false,"url":null,"created_at":"Tue Feb 10 17:48:14 +0000 2009","contributors_enabled":false,"time_zone":"Greenland","protected":false,"default_profile":false,"is_translator":false},"geo":null,"in_reply_to_user_id_str":"807095","lang":"en","created_at":"Fri Jan 09 09:13:46 +0000 2015","in_reply_to_status_id_str":"553479222434729984","place":null}