{"contributors": null, "truncated": false, "text": "@nytimes So please!If you see MrJohn KERRY,say him \"thank you SO much\"Im very moved by his speech,God bless you\ud83c\uddfa\ud83c\uddf8\ud83c\uddeb\ud83c\uddf7\u2764\ufe0f http://t.co/FXyGdNEhvf", "in_reply_to_status_id": 553479222434729984, "id": 553481979740831744, "favorite_count": 0, "source": "<a href=\"http://twitter.com/download/iphone\" rel=\"nofollow\">Twitter for iPhone</a>", "retweeted": false, "coordinates": null, "entities": {"symbols": [], "user_mentions": [{"id": 807095, "indices": [0, 8], "id_str": "807095", "screen_name": "nytimes", "name": "The New York Times"}], "hashtags": [], "urls": [], "media": [{"expanded_url": "http://twitter.com/JpDufros/status/553481979740831744/photo/1", "display_url": "pic.twitter.com/FXyGdNEhvf", "url": "http://t.co/FXyGdNEhvf", "media_url_https": "https://pbs.twimg.com/media/B65c5t5CYAAADMG.jpg", "id_str": "553481950854275072", "sizes": {"small": {"h": 453, "resize": "fit", "w": 340}, "large": {"h": 1024, "resize": "fit", "w": 768}, "medium": {"h": 800, "resize": "fit", "w": 600}, "thumb": {"h": 150, "resize": "crop", "w": 150}}, "indices": [118, 140], "type": "photo", "id": 553481950854275072, "media_url": "http://pbs.twimg.com/media/B65c5t5CYAAADMG.jpg"}]}, "in_reply_to_screen_name": "nytimes", "id_str": "553481979740831744", "retweet_count": 0, "in_reply_to_user_id": 807095, "favorited": false, "user": {"follow_request_sent": false, "profile_use_background_image": true, "profile_text_color": "333333", "default_profile_image": false, "id": 2775130295, "profile_background_image_url_https": "https://abs.twimg.com/images/themes/theme1/bg.png", "verified": false, "profile_location": null, "profile_image_url_https": "https://pbs.twimg.com/profile_images/557122672388476928/IV8rY0Jl_normal.jpeg", "profile_sidebar_fill_color": "DDEEF6", "entities": {"description": {"urls": []}}, "followers_count": 21, "profile_sidebar_border_color": "C0DEED", "id_str": "2775130295", "profile_background_color": "C0DEED", "listed_count": 0, "is_translation_enabled": false, "utc_offset": null, "statuses_count": 234, "description": "", "friends_count": 60, "location": "France", "profile_link_color": "0084B4", "profile_image_url": "http://pbs.twimg.com/profile_images/557122672388476928/IV8rY0Jl_normal.jpeg", "following": false, "geo_enabled": false, "profile_banner_url": "https://pbs.twimg.com/profile_banners/2775130295/1421677866", "profile_background_image_url": "http://abs.twimg.com/images/themes/theme1/bg.png", "name": "JP Frenchie", "lang": "fr", "profile_background_tile": false, "favourites_count": 74, "screen_name": "JpDufros", "notifications": false, "url": null, "created_at": "Fri Sep 19 07:52:29 +0000 2014", "contributors_enabled": false, "time_zone": null, "protected": false, "default_profile": true, "is_translator": false}, "geo": null, "in_reply_to_user_id_str": "807095", "possibly_sensitive": false, "lang": "en", "created_at": "Fri Jan 09 09:22:41 +0000 2015", "in_reply_to_status_id_str": "553479222434729984", "place": null, "extended_entities": {"media": [{"expanded_url": "http://twitter.com/JpDufros/status/553481979740831744/photo/1", "display_url": "pic.twitter.com/FXyGdNEhvf", "url": "http://t.co/FXyGdNEhvf", "media_url_https": "https://pbs.twimg.com/media/B65c5t5CYAAADMG.jpg", "id_str": "553481950854275072", "sizes": {"small": {"h": 453, "resize": "fit", "w": 340}, "large": {"h": 1024, "resize": "fit", "w": 768}, "medium": {"h": 800, "resize": "fit", "w": 600}, "thumb": {"h": 150, "resize": "crop", "w": 150}}, "indices": [118, 140], "type": "photo", "id": 553481950854275072, "media_url": "http://pbs.twimg.com/media/B65c5t5CYAAADMG.jpg"}]}}
