{"contributors": null, "truncated": false, "text": "@nytimes kill everybody", "in_reply_to_status_id": 553479222434729984, "id": 553479704263794688, "favorite_count": 0, "source": "<a href=\"http://twitter.com/download/iphone\" rel=\"nofollow\">Twitter for iPhone</a>", "retweeted": false, "coordinates": null, "entities": {"symbols": [], "user_mentions": [{"id": 807095, "indices": [0, 8], "id_str": "807095", "screen_name": "nytimes", "name": "The New York Times"}], "hashtags": [], "urls": []}, "in_reply_to_screen_name": "nytimes", "id_str": "553479704263794688", "retweet_count": 0, "in_reply_to_user_id": 807095, "favorited": false, "user": {"follow_request_sent": false, "profile_use_background_image": false, "profile_text_color": "666666", "default_profile_image": false, "id": 904482176, "profile_background_image_url_https": "https://abs.twimg.com/images/themes/theme14/bg.gif", "verified": false, "profile_location": null, "profile_image_url_https": "https://pbs.twimg.com/profile_images/554355335243509760/a5ZDdl3A_normal.jpeg", "profile_sidebar_fill_color": "252429", "entities": {"description": {"urls": []}}, "followers_count": 335, "profile_sidebar_border_color": "FFFFFF", "id_str": "904482176", "profile_background_color": "F4F2F5", "listed_count": 12, "is_translation_enabled": false, "utc_offset": 3600, "statuses_count": 26185, "description": "pray 4 me, that's all", "friends_count": 18, "location": "lorient 56100", "profile_link_color": "DD2E44", "profile_image_url": "http://pbs.twimg.com/profile_images/554355335243509760/a5ZDdl3A_normal.jpeg", "following": false, "geo_enabled": true, "profile_banner_url": "https://pbs.twimg.com/profile_banners/904482176/1420973080", "profile_background_image_url": "http://abs.twimg.com/images/themes/theme14/bg.gif", "name": "#alka\u00efda", "lang": "fr", "profile_background_tile": false, "favourites_count": 4005, "screen_name": "liliputhoste1", "notifications": false, "url": null, "created_at": "Thu Oct 25 19:05:29 +0000 2012", "contributors_enabled": false, "time_zone": "Paris", "protected": false, "default_profile": false, "is_translator": false}, "geo": null, "in_reply_to_user_id_str": "807095", "lang": "en", "created_at": "Fri Jan 09 09:13:39 +0000 2015", "in_reply_to_status_id_str": "553479222434729984", "place": null}
