{"contributors": null, "truncated": false, "text": "@nytimes", "in_reply_to_status_id": 553479222434729984, "id": 553482099832131584, "favorite_count": 0, "source": "<a href=\"http://twitter.com/download/iphone\" rel=\"nofollow\">Twitter for iPhone</a>", "retweeted": false, "coordinates": null, "entities": {"symbols": [], "user_mentions": [{"id": 807095, "indices": [0, 8], "id_str": "807095", "screen_name": "nytimes", "name": "The New York Times"}], "hashtags": [], "urls": []}, "in_reply_to_screen_name": "nytimes", "id_str": "553482099832131584", "retweet_count": 0, "in_reply_to_user_id": 807095, "favorited": false, "user": {"follow_request_sent": false, "profile_use_background_image": true, "profile_text_color": "333333", "default_profile_image": true, "id": 305035263, "profile_background_image_url_https": "https://abs.twimg.com/images/themes/theme1/bg.png", "verified": false, "profile_location": null, "profile_image_url_https": "https://abs.twimg.com/sticky/default_profile_images/default_profile_1_normal.png", "profile_sidebar_fill_color": "DDEEF6", "entities": {"description": {"urls": []}}, "followers_count": 34, "profile_sidebar_border_color": "C0DEED", "id_str": "305035263", "profile_background_color": "C0DEED", "listed_count": 0, "is_translation_enabled": false, "utc_offset": null, "statuses_count": 367, "description": "", "friends_count": 274, "location": "-10.932283,-37.054035", "profile_link_color": "0084B4", "profile_image_url": "http://abs.twimg.com/sticky/default_profile_images/default_profile_1_normal.png", "following": false, "geo_enabled": false, "profile_background_image_url": "http://abs.twimg.com/images/themes/theme1/bg.png", "name": "Gustavo", "lang": "en", "profile_background_tile": false, "favourites_count": 94, "screen_name": "gm_machado", "notifications": false, "url": null, "created_at": "Wed May 25 14:45:33 +0000 2011", "contributors_enabled": false, "time_zone": null, "protected": false, "default_profile": true, "is_translator": false}, "geo": null, "in_reply_to_user_id_str": "807095", "lang": "und", "created_at": "Fri Jan 09 09:23:10 +0000 2015", "in_reply_to_status_id_str": "553479222434729984", "place": null}
