{"contributors": null, "truncated": false, "text": "@nytimes praying all innocent ppl are safe. #illridewithyou", "in_reply_to_status_id": 553479222434729984, "id": 553479434020605952, "favorite_count": 0, "source": "<a href=\"http://twitter.com/#!/download/ipad\" rel=\"nofollow\">Twitter for iPad</a>", "retweeted": false, "coordinates": null, "entities": {"symbols": [], "user_mentions": [{"id": 807095, "indices": [0, 8], "id_str": "807095", "screen_name": "nytimes", "name": "The New York Times"}], "hashtags": [{"indices": [44, 59], "text": "illridewithyou"}], "urls": []}, "in_reply_to_screen_name": "nytimes", "id_str": "553479434020605952", "retweet_count": 1, "in_reply_to_user_id": 807095, "favorited": false, "user": {"follow_request_sent": false, "profile_use_background_image": true, "profile_text_color": "333333", "default_profile_image": false, "id": 1124144461, "profile_background_image_url_https": "https://abs.twimg.com/images/themes/theme1/bg.png", "verified": false, "profile_location": null, "profile_image_url_https": "https://pbs.twimg.com/profile_images/555179712168071169/wbhQIdHZ_normal.jpeg", "profile_sidebar_fill_color": "DDEEF6", "entities": {"description": {"urls": []}}, "followers_count": 274, "profile_sidebar_border_color": "C0DEED", "id_str": "1124144461", "profile_background_color": "C0DEED", "listed_count": 1, "is_translation_enabled": false, "utc_offset": null, "statuses_count": 450, "description": "Seeker of truth. \nDateline NBC live-tweeter. \nReader of micro-expressions and body language.", "friends_count": 802, "location": "", "profile_link_color": "0084B4", "profile_image_url": "http://pbs.twimg.com/profile_images/555179712168071169/wbhQIdHZ_normal.jpeg", "following": false, "geo_enabled": false, "profile_banner_url": "https://pbs.twimg.com/profile_banners/1124144461/1421200210", "profile_background_image_url": "http://abs.twimg.com/images/themes/theme1/bg.png", "name": "Seeker of Truth", "lang": "en", "profile_background_tile": false, "favourites_count": 1107, "screen_name": "truthbetold2all", "notifications": false, "url": null, "created_at": "Sun Jan 27 06:12:00 +0000 2013", "contributors_enabled": false, "time_zone": null, "protected": false, "default_profile": true, "is_translator": false}, "geo": null, "in_reply_to_user_id_str": "807095", "lang": "en", "created_at": "Fri Jan 09 09:12:34 +0000 2015", "in_reply_to_status_id_str": "553479222434729984", "place": null}
