{"contributors": null, "truncated": false, "text": "@AntonioFrench why isn't Dorian Johnson locked up?", "in_reply_to_status_id": 500292806175236096, "id": 500294563874213888, "favorite_count": 3, "source": "<a href=\"http://twitter.com/download/iphone\" rel=\"nofollow\">Twitter for iPhone</a>", "retweeted": false, "coordinates": null, "entities": {"symbols": [], "user_mentions": [{"id": 14090948, "indices": [0, 14], "id_str": "14090948", "screen_name": "AntonioFrench", "name": "Antonio French"}], "hashtags": [], "urls": []}, "in_reply_to_screen_name": "AntonioFrench", "id_str": "500294563874213888", "retweet_count": 0, "in_reply_to_user_id": 14090948, "favorited": false, "user": {"follow_request_sent": false, "profile_use_background_image": true, "default_profile_image": false, "id": 157450282, "profile_background_image_url_https": "https://abs.twimg.com/images/themes/theme1/bg.png", "verified": false, "profile_text_color": "333333", "profile_image_url_https": "https://pbs.twimg.com/profile_images/497703104801173505/5RDcYR9F_normal.jpeg", "profile_sidebar_fill_color": "DDEEF6", "entities": {"description": {"urls": []}}, "followers_count": 3880, "profile_sidebar_border_color": "C0DEED", "id_str": "157450282", "profile_background_color": "C0DEED", "listed_count": 10, "is_translation_enabled": false, "utc_offset": null, "statuses_count": 42569, "description": "Somewhere wearing a Gucci belt.", "friends_count": 2191, "location": "Cleveland", "profile_link_color": "0084B4", "profile_image_url": "http://pbs.twimg.com/profile_images/497703104801173505/5RDcYR9F_normal.jpeg", "following": false, "geo_enabled": false, "profile_banner_url": "https://pbs.twimg.com/profile_banners/157450282/1410108601", "profile_background_image_url": "http://abs.twimg.com/images/themes/theme1/bg.png", "screen_name": "RichBy26", "lang": "en", "profile_background_tile": false, "favourites_count": 465, "name": "Tom Haverford", "notifications": false, "url": null, "created_at": "Sat Jun 19 21:24:49 +0000 2010", "contributors_enabled": false, "time_zone": null, "protected": false, "default_profile": true, "is_translator": false}, "geo": null, "in_reply_to_user_id_str": "14090948", "lang": "en", "created_at": "Fri Aug 15 14:54:53 +0000 2014", "in_reply_to_status_id_str": "500292806175236096", "place": null}
