{"contributors": null, "truncated": false, "text": "@AntonioFrench The Police #execution #murder #EricGarner #MikeBrown many others, Is this #USA punishment for theft? or #JustUs?", "in_reply_to_status_id": 500292806175236096, "id": 500293921063178240, "favorite_count": 1, "source": "<a href=\"http://twitter.com/#!/download/ipad\" rel=\"nofollow\">Twitter for iPad</a>", "retweeted": false, "coordinates": null, "entities": {"symbols": [], "user_mentions": [{"id": 14090948, "indices": [0, 14], "id_str": "14090948", "screen_name": "AntonioFrench", "name": "Antonio French"}], "hashtags": [{"indices": [26, 36], "text": "execution"}, {"indices": [37, 44], "text": "murder"}, {"indices": [45, 56], "text": "EricGarner"}, {"indices": [57, 67], "text": "MikeBrown"}, {"indices": [89, 93], "text": "USA"}, {"indices": [119, 126], "text": "JustUs"}], "urls": []}, "in_reply_to_screen_name": "AntonioFrench", "id_str": "500293921063178240", "retweet_count": 0, "in_reply_to_user_id": 14090948, "favorited": false, "user": {"follow_request_sent": false, "profile_use_background_image": true, "default_profile_image": false, "id": 79838661, "profile_background_image_url_https": "https://pbs.twimg.com/profile_background_images/42596181/got_GOD_5.JPG", "verified": false, "profile_text_color": "C47CDE", "profile_image_url_https": "https://pbs.twimg.com/profile_images/458705349411733505/fAujpJf7_normal.jpeg", "profile_sidebar_fill_color": "690A91", "entities": {"url": {"urls": [{"url": "http://t.co/F5iMnf7c56", "indices": [0, 22], "expanded_url": "http://www.cafepress.com/401yshop", "display_url": "cafepress.com/401yshop"}]}, "description": {"urls": [{"url": "http://t.co/CzeElg5sHl", "indices": [0, 22], "expanded_url": "http://www.twitter.com/ugotgod", "display_url": "twitter.com/ugotgod"}, {"url": "http://t.co/F5iMnf7c56", "indices": [25, 47], "expanded_url": "http://www.cafepress.com/401yshop", "display_url": "cafepress.com/401yshop"}]}}, "followers_count": 648, "profile_sidebar_border_color": "FFFFFF", "id_str": "79838661", "profile_background_color": "8F38BD", "listed_count": 5, "is_translation_enabled": false, "utc_offset": -14400, "statuses_count": 90758, "description": "http://t.co/CzeElg5sHl \r\nhttp://t.co/F5iMnf7c56", "friends_count": 121, "location": "EVERYWHERE", "profile_link_color": "311280", "profile_image_url": "http://pbs.twimg.com/profile_images/458705349411733505/fAujpJf7_normal.jpeg", "following": false, "geo_enabled": false, "profile_banner_url": "https://pbs.twimg.com/profile_banners/79838661/1404442453", "profile_background_image_url": "http://pbs.twimg.com/profile_background_images/42596181/got_GOD_5.JPG", "screen_name": "ugotGod", "lang": "en", "profile_background_tile": true, "favourites_count": 59253, "name": "Original got God?\u00ae", "notifications": false, "url": "http://t.co/F5iMnf7c56", "created_at": "Sun Oct 04 21:50:04 +0000 2009", "contributors_enabled": false, "time_zone": "Eastern Time (US & Canada)", "protected": false, "default_profile": false, "is_translator": false}, "geo": null, "in_reply_to_user_id_str": "14090948", "lang": "en", "created_at": "Fri Aug 15 14:52:20 +0000 2014", "in_reply_to_status_id_str": "500292806175236096", "place": null}
