{"contributors":null,"truncated":false,"text":"@AntonioFrench Am I right in remembering the store owner saying his store wasn't robbed?","in_reply_to_status_id":500292806175236096,"id":500293401838116865,"favorite_count":17,"source":"<a href=\"http:\/\/twitter.com\/download\/android\" rel=\"nofollow\">Twitter for Android<\/a>","retweeted":false,"coordinates":null,"entities":{"symbols":[],"user_mentions":[{"id":14090948,"indices":[0,14],"id_str":"14090948","screen_name":"AntonioFrench","name":"Antonio French"}],"hashtags":[],"urls":[]},"in_reply_to_screen_name":"AntonioFrench","id_str":"500293401838116865","retweet_count":8,"in_reply_to_user_id":14090948,"favorited":false,"user":{"follow_request_sent":false,"profile_use_background_image":true,"default_profile_image":false,"id":105961341,"profile_background_image_url_https":"https:\/\/abs.twimg.com\/images\/themes\/theme1\/bg.png","verified":false,"profile_text_color":"333333","profile_image_url_https":"https:\/\/pbs.twimg.com\/profile_images\/549656203022704640\/6XJT7cer_normal.png","profile_sidebar_fill_color":"DDEEF6","entities":{"description":{"urls":[]}},"followers_count":1096,"profile_sidebar_border_color":"C0DEED","id_str":"105961341","profile_background_color":"C0DEED","listed_count":21,"is_translation_enabled":false,"utc_offset":null,"statuses_count":18450,"description":"I started writing fairy tales for myself at the age of 6 and have been writing every and anything that comes to mind ever since.","friends_count":1544,"location":"An island in New York","profile_link_color":"0084B4","profile_image_url":"http:\/\/pbs.twimg.com\/profile_images\/549656203022704640\/6XJT7cer_normal.png","following":false,"geo_enabled":false,"profile_background_image_url":"http:\/\/abs.twimg.com\/images\/themes\/theme1\/bg.png","screen_name":"Writer1113","lang":"en","profile_background_tile":false,"favourites_count":6228,"name":"Robin Robinson","notifications":false,"url":null,"created_at":"Mon Jan 18 02:19:06 +0000 2010","contributors_enabled":false,"time_zone":null,"protected":false,"default_profile":true,"is_translator":false},"geo":null,"in_reply_to_user_id_str":"14090948","lang":"en","created_at":"Fri Aug 15 14:50:16 +0000 2014","in_reply_to_status_id_str":"500292806175236096","place":null}