{"contributors":null,"truncated":false,"text":"@AntonioFrench Suspected theft is NOT CAUSE FOR AN EXECUTION IN THE STREET #HandsUpDontShoot","in_reply_to_status_id":500292806175236096,"id":500293254949380097,"favorite_count":39,"source":"<a href=\"http:\/\/twitter.com\" rel=\"nofollow\">Twitter Web Client<\/a>","retweeted":false,"coordinates":null,"entities":{"symbols":[],"user_mentions":[{"id":14090948,"indices":[0,14],"id_str":"14090948","screen_name":"AntonioFrench","name":"Antonio French"}],"hashtags":[{"indices":[75,92],"text":"HandsUpDontShoot"}],"urls":[]},"in_reply_to_screen_name":"AntonioFrench","id_str":"500293254949380097","retweet_count":27,"in_reply_to_user_id":14090948,"favorited":false,"user":{"follow_request_sent":false,"profile_use_background_image":true,"default_profile_image":false,"id":57075236,"profile_background_image_url_https":"https:\/\/pbs.twimg.com\/profile_background_images\/662592452\/gaqu4oai2cgzk7e7psaw.jpeg","verified":false,"profile_text_color":"3C3940","profile_image_url_https":"https:\/\/pbs.twimg.com\/profile_images\/529320898575089664\/2zdh7ip9_normal.jpeg","profile_sidebar_fill_color":"95E8EC","entities":{"url":{"urls":[{"url":"http:\/\/t.co\/zctziNyvdn","indices":[0,22],"expanded_url":"http:\/\/scholar.google.com\/citations?user=kJPTfhQAAAAJ","display_url":"scholar.google.com\/citations?user\u2026"}]},"description":{"urls":[]}},"followers_count":502,"profile_sidebar_border_color":"FFFFFF","id_str":"57075236","profile_background_color":"140B4D","listed_count":26,"is_translation_enabled":false,"utc_offset":-14400,"statuses_count":2991,"description":"Doctoral candidate, passionate about solar energy, quantum chemistry, running, and family. And coffee. And activism. Opinions my own, will cite when asked.","friends_count":454,"location":"Rochester, NY","profile_link_color":"07677A","profile_image_url":"http:\/\/pbs.twimg.com\/profile_images\/529320898575089664\/2zdh7ip9_normal.jpeg","following":false,"geo_enabled":true,"profile_banner_url":"https:\/\/pbs.twimg.com\/profile_banners\/57075236\/1408323540","profile_background_image_url":"http:\/\/pbs.twimg.com\/profile_background_images\/662592452\/gaqu4oai2cgzk7e7psaw.jpeg","screen_name":"ezekialdantes","lang":"en","profile_background_tile":false,"favourites_count":1221,"name":"Susan Spencer","notifications":false,"url":"http:\/\/t.co\/zctziNyvdn","created_at":"Wed Jul 15 17:18:05 +0000 2009","contributors_enabled":false,"time_zone":"Eastern Time (US & Canada)","protected":false,"default_profile":false,"is_translator":false},"geo":null,"in_reply_to_user_id_str":"14090948","lang":"en","created_at":"Fri Aug 15 14:49:41 +0000 2014","in_reply_to_status_id_str":"500292806175236096","place":null}