{"contributors": null, "truncated": false, "text": "@AntonioFrench notice how quick mainstream media reports this? Who owns the mainstream media.. its all part of a bigger picture.", "in_reply_to_status_id": 500292806175236096, "id": 500293688673976321, "favorite_count": 8, "source": "<a href=\"http://twitter.com/download/android\" rel=\"nofollow\">Twitter for Android</a>", "retweeted": false, "coordinates": null, "entities": {"symbols": [], "user_mentions": [{"id": 14090948, "indices": [0, 14], "id_str": "14090948", "screen_name": "AntonioFrench", "name": "Antonio French"}], "hashtags": [], "urls": []}, "in_reply_to_screen_name": "AntonioFrench", "id_str": "500293688673976321", "retweet_count": 1, "in_reply_to_user_id": 14090948, "favorited": false, "user": {"follow_request_sent": false, "profile_use_background_image": true, "default_profile_image": false, "id": 739129698, "profile_background_image_url_https": "https://abs.twimg.com/images/themes/theme1/bg.png", "verified": false, "profile_text_color": "333333", "profile_image_url_https": "https://pbs.twimg.com/profile_images/499767232634044418/yfpviGek_normal.jpeg", "profile_sidebar_fill_color": "DDEEF6", "entities": {"description": {"urls": []}}, "followers_count": 61, "profile_sidebar_border_color": "C0DEED", "id_str": "739129698", "profile_background_color": "C0DEED", "listed_count": 0, "is_translation_enabled": false, "utc_offset": null, "statuses_count": 1417, "description": "here to make a difference. stop the madness.", "friends_count": 86, "location": "Albuquerque, New Mexico ", "profile_link_color": "0084B4", "profile_image_url": "http://pbs.twimg.com/profile_images/499767232634044418/yfpviGek_normal.jpeg", "following": false, "geo_enabled": false, "profile_banner_url": "https://pbs.twimg.com/profile_banners/739129698/1355965939", "profile_background_image_url": "http://abs.twimg.com/images/themes/theme1/bg.png", "screen_name": "phillymac91", "lang": "en", "profile_background_tile": false, "favourites_count": 945, "name": "Star Child", "notifications": false, "url": null, "created_at": "Sun Aug 05 19:48:51 +0000 2012", "contributors_enabled": false, "time_zone": null, "protected": false, "default_profile": true, "is_translator": false}, "geo": null, "in_reply_to_user_id_str": "14090948", "lang": "en", "created_at": "Fri Aug 15 14:51:25 +0000 2014", "in_reply_to_status_id_str": "500292806175236096", "place": null}
