{"contributors": null, "truncated": false, "text": ".@AntonioFrench from how long after? videotape def not reviewed before brown was killed 10 mins later @Iamwhoismoses", "in_reply_to_status_id": 500292806175236096, "id": 500294146729717760, "favorite_count": 2, "source": "<a href=\"http://twitter.com\" rel=\"nofollow\">Twitter Web Client</a>", "retweeted": false, "coordinates": null, "entities": {"symbols": [], "user_mentions": [{"id": 14090948, "indices": [1, 15], "id_str": "14090948", "screen_name": "AntonioFrench", "name": "Antonio French"}, {"id": 380488215, "indices": [102, 116], "id_str": "380488215", "screen_name": "Iamwhoismoses", "name": "Moses"}], "hashtags": [], "urls": []}, "in_reply_to_screen_name": "AntonioFrench", "id_str": "500294146729717760", "retweet_count": 0, "in_reply_to_user_id": 14090948, "favorited": false, "user": {"follow_request_sent": false, "profile_use_background_image": true, "default_profile_image": false, "id": 233227011, "profile_background_image_url_https": "https://abs.twimg.com/images/themes/theme1/bg.png", "verified": false, "profile_text_color": "333333", "profile_image_url_https": "https://pbs.twimg.com/profile_images/378800000573865383/b78d88d40c7c882b6d4554d1162cb985_normal.jpeg", "profile_sidebar_fill_color": "DDEEF6", "entities": {"url": {"urls": [{"url": "http://t.co/xJdCWvuXIs", "indices": [0, 22], "expanded_url": "http://hawthornebooks.com/catalogue/the-confessions-of-walter-ogrod", "display_url": "hawthornebooks.com/catalogue/the-\u2026"}]}, "description": {"urls": []}}, "followers_count": 761, "profile_sidebar_border_color": "C0DEED", "id_str": "233227011", "profile_background_color": "C0DEED", "listed_count": 16, "is_translation_enabled": false, "utc_offset": -18000, "statuses_count": 9904, "description": "Painting by WH Johnson. human nature, mr. allnut, is what we are put on earth to rise above. --james agee", "friends_count": 1294, "location": "New Orleans", "profile_link_color": "0084B4", "profile_image_url": "http://pbs.twimg.com/profile_images/378800000573865383/b78d88d40c7c882b6d4554d1162cb985_normal.jpeg", "following": false, "geo_enabled": false, "profile_banner_url": "https://pbs.twimg.com/profile_banners/233227011/1409629507", "profile_background_image_url": "http://abs.twimg.com/images/themes/theme1/bg.png", "screen_name": "tklowenstein", "lang": "en", "profile_background_tile": false, "favourites_count": 443, "name": "Tom Lowenstein", "notifications": false, "url": "http://t.co/xJdCWvuXIs", "created_at": "Sun Jan 02 17:28:45 +0000 2011", "contributors_enabled": false, "time_zone": "Central Time (US & Canada)", "protected": false, "default_profile": true, "is_translator": false}, "geo": null, "in_reply_to_user_id_str": "14090948", "lang": "en", "created_at": "Fri Aug 15 14:53:14 +0000 2014", "in_reply_to_status_id_str": "500292806175236096", "place": null}
