{"contributors":null,"truncated":false,"text":"@AntonioFrench Why didn't they arrest his friend who was with him the whole time if Brown was the suspect?","in_reply_to_status_id":500292806175236096,"id":500293644918587392,"favorite_count":12,"source":"<a href=\"http:\/\/twitter.com\" rel=\"nofollow\">Twitter Web Client<\/a>","retweeted":false,"coordinates":null,"entities":{"symbols":[],"user_mentions":[{"id":14090948,"indices":[0,14],"id_str":"14090948","screen_name":"AntonioFrench","name":"Antonio French"}],"hashtags":[],"urls":[]},"in_reply_to_screen_name":"AntonioFrench","id_str":"500293644918587392","retweet_count":6,"in_reply_to_user_id":14090948,"favorited":false,"user":{"follow_request_sent":false,"profile_use_background_image":true,"default_profile_image":false,"id":140491145,"profile_background_image_url_https":"https:\/\/pbs.twimg.com\/profile_background_images\/98691400\/2796_571783020425_34405768_34837630_7414286_n.jpg","verified":false,"profile_text_color":"333333","profile_image_url_https":"https:\/\/pbs.twimg.com\/profile_images\/513853678122315777\/zYOwrPMn_normal.jpeg","profile_sidebar_fill_color":"DDEEF6","entities":{"url":{"urls":[{"url":"http:\/\/t.co\/EIWgAGWaSb","indices":[0,22],"expanded_url":"http:\/\/www.pbs1914.org","display_url":"pbs1914.org"}]},"description":{"urls":[]}},"followers_count":349,"profile_sidebar_border_color":"C0DEED","id_str":"140491145","profile_background_color":"C0DEED","listed_count":9,"is_translation_enabled":false,"utc_offset":-21600,"statuses_count":43259,"description":"King Kong aint got shit on me!!","friends_count":693,"location":"","profile_link_color":"0084B4","profile_image_url":"http:\/\/pbs.twimg.com\/profile_images\/513853678122315777\/zYOwrPMn_normal.jpeg","following":false,"geo_enabled":false,"profile_background_image_url":"http:\/\/pbs.twimg.com\/profile_background_images\/98691400\/2796_571783020425_34405768_34837630_7414286_n.jpg","screen_name":"Black_Ted_Mosby","lang":"en","profile_background_tile":true,"favourites_count":7,"name":"Thunder Lee Dawkins ","notifications":false,"url":"http:\/\/t.co\/EIWgAGWaSb","created_at":"Wed May 05 16:40:56 +0000 2010","contributors_enabled":false,"time_zone":"Mountain Time (US & Canada)","protected":false,"default_profile":false,"is_translator":false},"geo":null,"in_reply_to_user_id_str":"14090948","lang":"en","created_at":"Fri Aug 15 14:51:14 +0000 2014","in_reply_to_status_id_str":"500292806175236096","place":null}