{"contributors": null, "truncated": false, "text": "@AntonioFrench didn't mike brown have hair?", "in_reply_to_status_id": 500292806175236096, "id": 500294010129620992, "favorite_count": 1, "source": "<a href=\"http://twitter.com/download/iphone\" rel=\"nofollow\">Twitter for iPhone</a>", "retweeted": false, "coordinates": null, "entities": {"symbols": [], "user_mentions": [{"id": 14090948, "indices": [0, 14], "id_str": "14090948", "screen_name": "AntonioFrench", "name": "Antonio French"}], "hashtags": [], "urls": []}, "in_reply_to_screen_name": "AntonioFrench", "id_str": "500294010129620992", "retweet_count": 0, "in_reply_to_user_id": 14090948, "favorited": false, "user": {"follow_request_sent": false, "profile_use_background_image": true, "default_profile_image": false, "id": 66924891, "profile_background_image_url_https": "https://abs.twimg.com/images/themes/theme10/bg.gif", "verified": false, "profile_text_color": "3D1957", "profile_image_url_https": "https://pbs.twimg.com/profile_images/913903123/madmen_icon_normal.jpg", "profile_sidebar_fill_color": "7AC3EE", "entities": {"description": {"urls": []}}, "followers_count": 109, "profile_sidebar_border_color": "65B0DA", "id_str": "66924891", "profile_background_color": "642D8B", "listed_count": 4, "is_translation_enabled": false, "utc_offset": -18000, "statuses_count": 1798, "description": "Southern transplant", "friends_count": 183, "location": "St. Louis, MO", "profile_link_color": "FF0000", "profile_image_url": "http://pbs.twimg.com/profile_images/913903123/madmen_icon_normal.jpg", "following": false, "geo_enabled": true, "profile_background_image_url": "http://abs.twimg.com/images/themes/theme10/bg.gif", "screen_name": "lcpatt", "lang": "en", "profile_background_tile": true, "favourites_count": 4, "name": "Laura Patterson", "notifications": false, "url": null, "created_at": "Wed Aug 19 05:55:11 +0000 2009", "contributors_enabled": false, "time_zone": "Central Time (US & Canada)", "protected": false, "default_profile": false, "is_translator": false}, "geo": null, "in_reply_to_user_id_str": "14090948", "lang": "en", "created_at": "Fri Aug 15 14:52:41 +0000 2014", "in_reply_to_status_id_str": "500292806175236096", "place": null}
