{"contributors":null,"truncated":false,"text":"@AntonioFrench Is it common to conflate two separate investigations like this?","in_reply_to_status_id":500292806175236096,"id":500294468541505538,"favorite_count":2,"source":"<a href=\"http:\/\/twitter.com\" rel=\"nofollow\">Twitter Web Client<\/a>","retweeted":false,"coordinates":null,"entities":{"symbols":[],"user_mentions":[{"id":14090948,"indices":[0,14],"id_str":"14090948","screen_name":"AntonioFrench","name":"Antonio French"}],"hashtags":[],"urls":[]},"in_reply_to_screen_name":"AntonioFrench","id_str":"500294468541505538","retweet_count":0,"in_reply_to_user_id":14090948,"favorited":false,"user":{"follow_request_sent":false,"profile_use_background_image":true,"default_profile_image":false,"id":14316077,"profile_background_image_url_https":"https:\/\/abs.twimg.com\/images\/themes\/theme14\/bg.gif","verified":false,"profile_text_color":"000000","profile_image_url_https":"https:\/\/pbs.twimg.com\/profile_images\/550040322827235328\/P_OdX6Vq_normal.jpeg","profile_sidebar_fill_color":"707070","entities":{"url":{"urls":[{"url":"http:\/\/t.co\/6bfDxzCHA1","indices":[0,22],"expanded_url":"http:\/\/caseyboyle.net\/","display_url":"caseyboyle.net"}]},"description":{"urls":[]}},"followers_count":1295,"profile_sidebar_border_color":"000000","id_str":"14316077","profile_background_color":"131516","listed_count":83,"is_translation_enabled":false,"utc_offset":-14400,"statuses_count":18519,"description":"Asst. Prof of Rhetoric & Writing at U of Texas-Austin. \nContent is my own.","friends_count":1190,"location":"Austin, Texas","profile_link_color":"0900FF","profile_image_url":"http:\/\/pbs.twimg.com\/profile_images\/550040322827235328\/P_OdX6Vq_normal.jpeg","following":false,"geo_enabled":true,"profile_banner_url":"https:\/\/pbs.twimg.com\/profile_banners\/14316077\/1386904917","profile_background_image_url":"http:\/\/abs.twimg.com\/images\/themes\/theme14\/bg.gif","screen_name":"caseyboyle","lang":"en","profile_background_tile":true,"favourites_count":12871,"name":"Casey Boyle","notifications":false,"url":"http:\/\/t.co\/6bfDxzCHA1","created_at":"Sun Apr 06 15:54:15 +0000 2008","contributors_enabled":false,"time_zone":"Eastern Time (US & Canada)","protected":false,"default_profile":false,"is_translator":false},"geo":null,"in_reply_to_user_id_str":"14090948","lang":"en","created_at":"Fri Aug 15 14:54:30 +0000 2014","in_reply_to_status_id_str":"500292806175236096","place":null}