{"contributors": null, "truncated": false, "text": "@AntonioFrench check this: http://t.co/yd7r00Gmt7", "in_reply_to_status_id": 500292806175236096, "id": 500294279382581248, "favorite_count": 0, "source": "<a href=\"http://www.twitter.com\" rel=\"nofollow\">Twitter for Windows Phone</a>", "retweeted": false, "coordinates": null, "entities": {"symbols": [], "user_mentions": [{"id": 14090948, "indices": [0, 14], "id_str": "14090948", "screen_name": "AntonioFrench", "name": "Antonio French"}], "hashtags": [], "urls": [{"url": "http://t.co/yd7r00Gmt7", "indices": [27, 49], "expanded_url": "http://www.colombias.co", "display_url": "colombias.co"}]}, "in_reply_to_screen_name": "AntonioFrench", "id_str": "500294279382581248", "retweet_count": 0, "in_reply_to_user_id": 14090948, "favorited": false, "user": {"follow_request_sent": false, "profile_use_background_image": true, "default_profile_image": false, "id": 110499349, "profile_background_image_url_https": "https://pbs.twimg.com/profile_background_images/338626050/TWITTER.jpg", "verified": false, "profile_text_color": "333333", "profile_image_url_https": "https://pbs.twimg.com/profile_images/1341296906/Tama_o_bizarro_normal.gif", "profile_sidebar_fill_color": "DDEEF6", "entities": {"url": {"urls": [{"url": "http://t.co/Up2e9HPPky", "indices": [0, 22], "expanded_url": "http://www.javerianacali.edu.co/javeriana-estereo-cali", "display_url": "javerianacali.edu.co/javeriana-este\u2026"}]}, "description": {"urls": []}}, "followers_count": 703, "profile_sidebar_border_color": "C0DEED", "id_str": "110499349", "profile_background_color": "C0DEED", "listed_count": 9, "is_translation_enabled": false, "utc_offset": -18000, "statuses_count": 44423, "description": "Economist and Farmer. Retweets and Follows are not necessarily endorsements. Even more! My tweets are as false as myself.", "friends_count": 1398, "location": "Cali, Colombia", "profile_link_color": "0084B4", "profile_image_url": "http://pbs.twimg.com/profile_images/1341296906/Tama_o_bizarro_normal.gif", "following": false, "geo_enabled": true, "profile_banner_url": "https://pbs.twimg.com/profile_banners/110499349/1398207428", "profile_background_image_url": "http://pbs.twimg.com/profile_background_images/338626050/TWITTER.jpg", "screen_name": "tamanobizarro", "lang": "en", "profile_background_tile": false, "favourites_count": 3102, "name": "tAMA\u00d1O bIZARRO", "notifications": false, "url": "http://t.co/Up2e9HPPky", "created_at": "Mon Feb 01 19:28:02 +0000 2010", "contributors_enabled": false, "time_zone": "Bogota", "protected": false, "default_profile": false, "is_translator": false}, "geo": null, "in_reply_to_user_id_str": "14090948", "possibly_sensitive": false, "lang": "en", "created_at": "Fri Aug 15 14:53:45 +0000 2014", "in_reply_to_status_id_str": "500292806175236096", "place": null}
