{"contributors": null, "truncated": false, "text": "@ezekialdantes @AntonioFrench Yeah but turns out he might've been a violent thug who doesn't deserve benefit of the doubt. #HandsUpDontRob", "in_reply_to_status_id": 500293254949380097, "id": 500294255886479360, "favorite_count": 2, "source": "<a href=\"http://twitter.com/download/iphone\" rel=\"nofollow\">Twitter for iPhone</a>", "retweeted": false, "coordinates": null, "entities": {"symbols": [], "user_mentions": [{"id": 57075236, "indices": [0, 14], "id_str": "57075236", "screen_name": "ezekialdantes", "name": "Susan Spencer"}, {"id": 14090948, "indices": [15, 29], "id_str": "14090948", "screen_name": "AntonioFrench", "name": "Antonio French"}], "hashtags": [{"indices": [123, 138], "text": "HandsUpDontRob"}], "urls": []}, "in_reply_to_screen_name": "ezekialdantes", "id_str": "500294255886479360", "retweet_count": 0, "in_reply_to_user_id": 57075236, "favorited": false, "user": {"follow_request_sent": false, "profile_use_background_image": true, "default_profile_image": false, "id": 2379135360, "profile_background_image_url_https": "https://abs.twimg.com/images/themes/theme1/bg.png", "verified": false, "profile_text_color": "333333", "profile_image_url_https": "https://pbs.twimg.com/profile_images/450992076931350528/2WMmGYXB_normal.jpeg", "profile_sidebar_fill_color": "DDEEF6", "entities": {"url": {"urls": [{"url": "http://t.co/3Zb2ehdajM", "indices": [0, 22], "expanded_url": "http://www.progressivestoday.com", "display_url": "progressivestoday.com"}]}, "description": {"urls": []}}, "followers_count": 4046, "profile_sidebar_border_color": "C0DEED", "id_str": "2379135360", "profile_background_color": "C0DEED", "listed_count": 148, "is_translation_enabled": false, "utc_offset": -18000, "statuses_count": 4123, "description": "", "friends_count": 2189, "location": "Earth", "profile_link_color": "0084B4", "profile_image_url": "http://pbs.twimg.com/profile_images/450992076931350528/2WMmGYXB_normal.jpeg", "following": false, "geo_enabled": false, "profile_banner_url": "https://pbs.twimg.com/profile_banners/2379135360/1396359847", "profile_background_image_url": "http://abs.twimg.com/images/themes/theme1/bg.png", "screen_name": "ProgsToday", "lang": "en", "profile_background_tile": false, "favourites_count": 1334, "name": "Progressives Today", "notifications": false, "url": "http://t.co/3Zb2ehdajM", "created_at": "Sat Mar 08 18:37:15 +0000 2014", "contributors_enabled": false, "time_zone": "Central Time (US & Canada)", "protected": false, "default_profile": true, "is_translator": false}, "geo": null, "in_reply_to_user_id_str": "57075236", "lang": "en", "created_at": "Fri Aug 15 14:53:40 +0000 2014", "in_reply_to_status_id_str": "500293254949380097", "place": null}
