{"contributors":null,"truncated":false,"text":"BREAKING GERMAN NEWS: Germanwings Airbus Co-Pilot Was MUSLIM CONVERT http:\/\/t.co\/oRtt0ab4YA via @gatewaypundit","in_reply_to_status_id":null,"id":581287108607811584,"favorite_count":51,"source":"<a href=\"http:\/\/mobile.twitter.com\" rel=\"nofollow\">Mobile Web<\/a>","retweeted":false,"coordinates":null,"entities":{"user_mentions":[{"id":19211550,"indices":[96,110],"id_str":"19211550","screen_name":"gatewaypundit","name":"Jim Hoft"}],"symbols":[],"trends":[],"hashtags":[],"urls":[{"url":"http:\/\/t.co\/oRtt0ab4YA","indices":[69,91],"expanded_url":"http:\/\/shar.es\/1gmd2W","display_url":"shar.es\/1gmd2W"}]},"in_reply_to_screen_name":null,"id_str":"581287108607811584","retweet_count":141,"in_reply_to_user_id":null,"favorited":false,"user":{"follow_request_sent":null,"profile_use_background_image":true,"default_profile_image":false,"id":72882689,"verified":false,"profile_image_url_https":"https:\/\/pbs.twimg.com\/profile_images\/430174998641123328\/YWm0FV92_normal.jpeg","profile_sidebar_fill_color":"DDEEF6","profile_text_color":"333333","followers_count":19411,"profile_sidebar_border_color":"C0DEED","id_str":"72882689","profile_background_color":"C0DEED","listed_count":342,"profile_background_image_url_https":"https:\/\/abs.twimg.com\/images\/themes\/theme1\/bg.png","utc_offset":-18000,"statuses_count":161546,"description":"People sleep safely in their beds at night because rough men stand ready to do violence on their behalf. Crossfit, Glocks. You are never out of the fight.","friends_count":15122,"location":"Badassistan","profile_link_color":"0084B4","profile_image_url":"http:\/\/pbs.twimg.com\/profile_images\/430174998641123328\/YWm0FV92_normal.jpeg","following":null,"geo_enabled":false,"profile_banner_url":"https:\/\/pbs.twimg.com\/profile_banners\/72882689\/1362023073","profile_background_image_url":"http:\/\/abs.twimg.com\/images\/themes\/theme1\/bg.png","name":"IPayMyJizyaWith.357","lang":"en","profile_background_tile":false,"favourites_count":192,"screen_name":"SonofLiberty357","notifications":null,"url":null,"created_at":"Wed Sep 09 15:50:55 +0000 2009","contributors_enabled":false,"time_zone":"Central Time (US & Canada)","protected":false,"default_profile":true,"is_translator":false},"geo":null,"in_reply_to_user_id_str":null,"possibly_sensitive":false,"lang":"en","created_at":"Fri Mar 27 02:50:21 +0000 2015","filter_level":"low","in_reply_to_status_id_str":null,"place":null}