{"contributors":null,"truncated":false,"text":"Thank God he's not a Muslim! Otherwise the world'd be on a Muslim hate spree now #Germanwings http:\/\/t.co\/NoXAhjSmP7 http:\/\/t.co\/Qdsc50p86W","in_reply_to_status_id":null,"id":581274406804025344,"favorite_count":15,"source":"<a href=\"http:\/\/twitter.com\" rel=\"nofollow\">Twitter Web Client<\/a>","retweeted":false,"coordinates":null,"entities":{"symbols":[],"media":[{"expanded_url":"http:\/\/twitter.com\/zulazry\/status\/581274406804025344\/photo\/1","display_url":"pic.twitter.com\/Qdsc50p86W","url":"http:\/\/t.co\/Qdsc50p86W","media_url_https":"https:\/\/pbs.twimg.com\/media\/CBEZ_gSUYAAL191.jpg","id_str":"581274405696724992","sizes":{"large":{"h":409,"resize":"fit","w":615},"small":{"h":226,"resize":"fit","w":340},"medium":{"h":399,"resize":"fit","w":600},"thumb":{"h":150,"resize":"crop","w":150}},"indices":[117,139],"type":"photo","id":581274405696724992,"media_url":"http:\/\/pbs.twimg.com\/media\/CBEZ_gSUYAAL191.jpg"}],"hashtags":[{"indices":[81,93],"text":"Germanwings"}],"user_mentions":[],"trends":[],"urls":[{"url":"http:\/\/t.co\/NoXAhjSmP7","indices":[94,116],"expanded_url":"http:\/\/goo.gl\/Xwato6","display_url":"goo.gl\/Xwato6"}]},"in_reply_to_screen_name":null,"id_str":"581274406804025344","retweet_count":29,"in_reply_to_user_id":null,"favorited":false,"user":{"follow_request_sent":null,"profile_use_background_image":true,"default_profile_image":false,"id":48926467,"verified":false,"profile_image_url_https":"https:\/\/pbs.twimg.com\/profile_images\/580398116836274179\/304UZ9EB_normal.jpg","profile_sidebar_fill_color":"000000","profile_text_color":"000000","followers_count":2862,"profile_sidebar_border_color":"000000","id_str":"48926467","profile_background_color":"131516","listed_count":22,"profile_background_image_url_https":"https:\/\/pbs.twimg.com\/profile_background_images\/567590165527281665\/oewoHE2Z.png","utc_offset":28800,"statuses_count":84261,"description":"An Advocate of Love\nA Part-Time Singer\nA Fun Daddy\nA Red Devil since 97' \n@tinierazak keep him sane","friends_count":2675,"location":"Damansara & Jitra","profile_link_color":"009999","profile_image_url":"http:\/\/pbs.twimg.com\/profile_images\/580398116836274179\/304UZ9EB_normal.jpg","following":null,"geo_enabled":true,"profile_banner_url":"https:\/\/pbs.twimg.com\/profile_banners\/48926467\/1421215594","profile_background_image_url":"http:\/\/pbs.twimg.com\/profile_background_images\/567590165527281665\/oewoHE2Z.png","name":"Azry K","lang":"en","profile_background_tile":true,"favourites_count":7899,"screen_name":"zulazry","notifications":null,"url":"http:\/\/azrymalarsegar.blogspot.com\/","created_at":"Sat Jun 20 04:28:08 +0000 2009","contributors_enabled":false,"time_zone":"Kuala Lumpur","protected":false,"default_profile":false,"is_translator":false},"geo":null,"in_reply_to_user_id_str":null,"possibly_sensitive":false,"lang":"en","created_at":"Fri Mar 27 01:59:52 +0000 2015","filter_level":"low","in_reply_to_status_id_str":null,"place":{"full_name":"Kuala Lumpur Federal Territory, Malaysia","url":"https:\/\/api.twitter.com\/1.1\/geo\/id\/18e4bff5b64c28c9.json","country":"Malaysia","place_type":"admin","bounding_box":{"type":"Polygon","coordinates":[[[101.6151605,3.0332003],[101.6151605,3.2445482],[101.7587738,3.2445482],[101.7587738,3.0332003]]]},"country_code":"MY","attributes":{},"id":"18e4bff5b64c28c9","name":"Kuala Lumpur Federal Territory"},"extended_entities":{"media":[{"expanded_url":"http:\/\/twitter.com\/zulazry\/status\/581274406804025344\/photo\/1","display_url":"pic.twitter.com\/Qdsc50p86W","url":"http:\/\/t.co\/Qdsc50p86W","media_url_https":"https:\/\/pbs.twimg.com\/media\/CBEZ_gSUYAAL191.jpg","id_str":"581274405696724992","sizes":{"large":{"h":409,"resize":"fit","w":615},"small":{"h":226,"resize":"fit","w":340},"medium":{"h":399,"resize":"fit","w":600},"thumb":{"h":150,"resize":"crop","w":150}},"indices":[117,139],"type":"photo","id":581274405696724992,"media_url":"http:\/\/pbs.twimg.com\/media\/CBEZ_gSUYAAL191.jpg"}]}}