{"contributors": null, "truncated": false, "text": "RT @australian: Siege situation currently unfolding at Sydney's Martin Place. Updates here: http://t.co/YqJWqhN5rR http://t.co/bBPh9ds8H1", "in_reply_to_status_id": null, "id": 544280739290677249, "favorite_count": 0, "source": "<a href=\"http://twitter.com\" rel=\"nofollow\">Twitter Web Client</a>", "retweeted": false, "coordinates": null, "entities": {"symbols": [], "user_mentions": [{"id": 9609632, "indices": [3, 14], "id_str": "9609632", "screen_name": "australian", "name": "The Australian"}], "hashtags": [], "urls": [{"url": "http://t.co/YqJWqhN5rR", "indices": [92, 114], "expanded_url": "http://bit.ly/1BETIr6", "display_url": "bit.ly/1BETIr6"}], "media": [{"source_user_id": 9609632, "source_status_id_str": "544273256174198785", "expanded_url": "http://twitter.com/australian/status/544273256174198785/photo/1", "display_url": "pic.twitter.com/bBPh9ds8H1", "url": "http://t.co/bBPh9ds8H1", "media_url_https": "https://pbs.twimg.com/media/B42loNLCIAA_8UM.jpg", "source_user_id_str": "9609632", "source_status_id": 544273256174198785, "id_str": "544273240130985984", "sizes": {"large": {"h": 541, "resize": "fit", "w": 814}, "small": {"h": 225, "resize": "fit", "w": 340}, "medium": {"h": 398, "resize": "fit", "w": 600}, "thumb": {"h": 150, "resize": "crop", "w": 150}}, "indices": [115, 137], "type": "photo", "id": 544273240130985984, "media_url": "http://pbs.twimg.com/media/B42loNLCIAA_8UM.jpg"}]}, "in_reply_to_screen_name": null, "id_str": "544280739290677249", "retweet_count": 217, "in_reply_to_user_id": null, "favorited": false, "user": {"follow_request_sent": false, "profile_use_background_image": false, "profile_text_color": "000000", "default_profile_image": false, "id": 2869804885, "profile_background_image_url_https": "https://abs.twimg.com/images/themes/theme1/bg.png", "verified": false, "profile_location": null, "profile_image_url_https": "https://pbs.twimg.com/profile_images/524725444797419520/CpRh0bGT_normal.jpeg", "profile_sidebar_fill_color": "000000", "entities": {"description": {"urls": []}}, "followers_count": 47, "profile_sidebar_border_color": "000000", "id_str": "2869804885", "profile_background_color": "000000", "listed_count": 0, "is_translation_enabled": false, "utc_offset": null, "statuses_count": 619, "description": "All true wisdom is found on T-shirts.", "friends_count": 40, "location": "", "profile_link_color": "AF0986", "profile_image_url": "http://pbs.twimg.com/profile_images/524725444797419520/CpRh0bGT_normal.jpeg", "following": false, "geo_enabled": false, "profile_background_image_url": "http://abs.twimg.com/images/themes/theme1/bg.png", "name": "Haute halloween", "lang": "en", "profile_background_tile": false, "favourites_count": 0, "screen_name": "HalloweenHaute", "notifications": false, "url": null, "created_at": "Wed Oct 22 00:13:47 +0000 2014", "contributors_enabled": false, "time_zone": null, "protected": false, "default_profile": false, "is_translator": false}, "geo": null, "in_reply_to_user_id_str": null, "possibly_sensitive": false, "lang": "en", "created_at": "Mon Dec 15 00:00:15 +0000 2014", "in_reply_to_status_id_str": null, "place": null, "extended_entities": {"media": [{"source_user_id": 9609632, "source_status_id_str": "544273256174198785", "expanded_url": "http://twitter.com/australian/status/544273256174198785/photo/1", "display_url": "pic.twitter.com/bBPh9ds8H1", "url": "http://t.co/bBPh9ds8H1", "media_url_https": "https://pbs.twimg.com/media/B42loNLCIAA_8UM.jpg", "source_user_id_str": "9609632", "source_status_id": 544273256174198785, "id_str": "544273240130985984", "sizes": {"large": {"h": 541, "resize": "fit", "w": 814}, "small": {"h": 225, "resize": "fit", "w": 340}, "medium": {"h": 398, "resize": "fit", "w": 600}, "thumb": {"h": 150, "resize": "crop", "w": 150}}, "indices": [115, 137], "type": "photo", "id": 544273240130985984, "media_url": "http://pbs.twimg.com/media/B42loNLCIAA_8UM.jpg"}]}}