{"contributors": null, "truncated": false, "text": "@FoxNews \n\nAnd this:  https://t.co/HSrkQbMfbn", "in_reply_to_status_id": 524929893759737856, "id": 524930034319233024, "favorite_count": 0, "source": "<a href=\"http://twitter.com/#!/download/ipad\" rel=\"nofollow\">Twitter for iPad</a>", "retweeted": false, "coordinates": null, "entities": {"symbols": [], "user_mentions": [{"id": 1367531, "indices": [0, 8], "id_str": "1367531", "screen_name": "FoxNews", "name": "Fox News"}], "hashtags": [], "urls": [{"url": "https://t.co/HSrkQbMfbn", "indices": [22, 45], "expanded_url": "https://twitter.com/josh_wingrove/status/524922557120909314", "display_url": "twitter.com/josh_wingrove/\u2026"}]}, "in_reply_to_screen_name": "FoxNews", "id_str": "524930034319233024", "retweet_count": 0, "in_reply_to_user_id": 1367531, "favorited": false, "user": {"follow_request_sent": false, "profile_use_background_image": true, "default_profile_image": false, "id": 373601625, "profile_background_image_url_https": "https://abs.twimg.com/images/themes/theme1/bg.png", "verified": false, "profile_text_color": "333333", "profile_image_url_https": "https://pbs.twimg.com/profile_images/1549535481/DEs2t7No_normal", "profile_sidebar_fill_color": "DDEEF6", "entities": {"description": {"urls": []}}, "followers_count": 2930, "profile_sidebar_border_color": "C0DEED", "id_str": "373601625", "profile_background_color": "C0DEED", "listed_count": 53, "is_translation_enabled": false, "utc_offset": -18000, "statuses_count": 16442, "description": "Constitutional conservative, hard worker, small business owner, CPA, #TGDN #TCOT", "friends_count": 3123, "location": "", "profile_link_color": "0084B4", "profile_image_url": "http://pbs.twimg.com/profile_images/1549535481/DEs2t7No_normal", "following": false, "geo_enabled": false, "profile_banner_url": "https://pbs.twimg.com/profile_banners/373601625/1381699098", "profile_background_image_url": "http://abs.twimg.com/images/themes/theme1/bg.png", "screen_name": "beebobaby", "lang": "en", "profile_background_tile": false, "favourites_count": 414, "name": "Brenda ", "notifications": false, "url": null, "created_at": "Wed Sep 14 22:02:01 +0000 2011", "contributors_enabled": false, "time_zone": "Central Time (US & Canada)", "protected": false, "default_profile": true, "is_translator": false}, "geo": null, "in_reply_to_user_id_str": "1367531", "possibly_sensitive": false, "lang": "en", "created_at": "Wed Oct 22 14:27:27 +0000 2014", "in_reply_to_status_id_str": "524929893759737856", "place": null}
