{"contributors": null, "truncated": false, "text": "@FoxNews Canada has soldiers?", "in_reply_to_status_id": 524929893759737856, "id": 524931419798532096, "favorite_count": 0, "source": "<a href=\"http://twitter.com\" rel=\"nofollow\">Twitter Web Client</a>", "retweeted": false, "coordinates": null, "entities": {"symbols": [], "user_mentions": [{"id": 1367531, "indices": [0, 8], "id_str": "1367531", "screen_name": "FoxNews", "name": "Fox News"}], "hashtags": [], "urls": []}, "in_reply_to_screen_name": "FoxNews", "id_str": "524931419798532096", "retweet_count": 0, "in_reply_to_user_id": 1367531, "favorited": false, "user": {"follow_request_sent": false, "profile_use_background_image": true, "default_profile_image": false, "id": 1273670323, "profile_background_image_url_https": "https://abs.twimg.com/images/themes/theme1/bg.png", "verified": false, "profile_text_color": "333333", "profile_image_url_https": "https://pbs.twimg.com/profile_images/485474242893324288/dNO4rn2W_normal.png", "profile_sidebar_fill_color": "DDEEF6", "entities": {"description": {"urls": []}}, "followers_count": 12, "profile_sidebar_border_color": "C0DEED", "id_str": "1273670323", "profile_background_color": "C0DEED", "listed_count": 0, "is_translation_enabled": false, "utc_offset": -14400, "statuses_count": 626, "description": "Xbox Live: snakereaper115. Gamer, Genius, Basic Programmer.", "friends_count": 33, "location": "", "profile_link_color": "000000", "profile_image_url": "http://pbs.twimg.com/profile_images/485474242893324288/dNO4rn2W_normal.png", "following": false, "geo_enabled": false, "profile_banner_url": "https://pbs.twimg.com/profile_banners/1273670323/1409772385", "profile_background_image_url": "http://abs.twimg.com/images/themes/theme1/bg.png", "screen_name": "SnakeReaper115", "lang": "en", "profile_background_tile": false, "favourites_count": 77, "name": "Jake", "notifications": false, "url": null, "created_at": "Sun Mar 17 00:42:16 +0000 2013", "contributors_enabled": false, "time_zone": "Eastern Time (US & Canada)", "protected": false, "default_profile": false, "is_translator": false}, "geo": null, "in_reply_to_user_id_str": "1367531", "lang": "es", "created_at": "Wed Oct 22 14:32:57 +0000 2014", "in_reply_to_status_id_str": "524929893759737856", "place": null}
