{"contributors": null, "truncated": false, "text": "@FoxNews @AmericaNewsroom you never hear of anything bad coming out of Canada. This is troubling.", "in_reply_to_status_id": 524929893759737856, "id": 524932513631051776, "favorite_count": 0, "source": "<a href=\"http://twitter.com/download/iphone\" rel=\"nofollow\">Twitter for iPhone</a>", "retweeted": false, "coordinates": null, "entities": {"symbols": [], "user_mentions": [{"id": 1367531, "indices": [0, 8], "id_str": "1367531", "screen_name": "FoxNews", "name": "Fox News"}, {"id": 312800783, "indices": [9, 25], "id_str": "312800783", "screen_name": "AmericaNewsroom", "name": "America's Newsroom"}], "hashtags": [], "urls": []}, "in_reply_to_screen_name": "FoxNews", "id_str": "524932513631051776", "retweet_count": 0, "in_reply_to_user_id": 1367531, "favorited": false, "user": {"follow_request_sent": false, "profile_use_background_image": true, "default_profile_image": false, "id": 360113205, "profile_background_image_url_https": "https://pbs.twimg.com/profile_background_images/636623700/azn3iikl7flqpx6j8hex.jpeg", "verified": false, "profile_text_color": "333333", "profile_image_url_https": "https://pbs.twimg.com/profile_images/523267342537875456/5YkQVc_6_normal.jpeg", "profile_sidebar_fill_color": "DDEEF6", "entities": {"description": {"urls": []}}, "followers_count": 300, "profile_sidebar_border_color": "C0DEED", "id_str": "360113205", "profile_background_color": "C0DEED", "listed_count": 5, "is_translation_enabled": false, "utc_offset": null, "statuses_count": 5788, "description": "Real Estate Investor, Independent Marketing Director, Nashville Predators fan, musician, and health professional.", "friends_count": 404, "location": "TN", "profile_link_color": "0084B4", "profile_image_url": "http://pbs.twimg.com/profile_images/523267342537875456/5YkQVc_6_normal.jpeg", "following": false, "geo_enabled": false, "profile_banner_url": "https://pbs.twimg.com/profile_banners/360113205/1350315088", "profile_background_image_url": "http://pbs.twimg.com/profile_background_images/636623700/azn3iikl7flqpx6j8hex.jpeg", "screen_name": "ZijaFanatik105", "lang": "en", "profile_background_tile": false, "favourites_count": 1721, "name": "ReyAm", "notifications": false, "url": null, "created_at": "Mon Aug 22 18:14:44 +0000 2011", "contributors_enabled": false, "time_zone": null, "protected": false, "default_profile": false, "is_translator": false}, "geo": null, "in_reply_to_user_id_str": "1367531", "lang": "en", "created_at": "Wed Oct 22 14:37:18 +0000 2014", "in_reply_to_status_id_str": "524929893759737856", "place": null}
