{"contributors":null,"truncated":false,"text":"\u201c@FoxNews: #BREAKING: Soldier shot at war memorial near Canadian parliament: http:\/\/t.co\/Jmnhb3JW2N\u201d @LeeannWright4","in_reply_to_status_id":524929893759737856,"id":524930396975550464,"favorite_count":1,"source":"<a href=\"http:\/\/twitter.com\/download\/iphone\" rel=\"nofollow\">Twitter for iPhone<\/a>","retweeted":false,"coordinates":null,"entities":{"symbols":[],"user_mentions":[{"id":1367531,"indices":[1,9],"id_str":"1367531","screen_name":"FoxNews","name":"Fox News"},{"id":2182624202,"indices":[101,115],"id_str":"2182624202","screen_name":"LeeannWright4","name":"L.A.W"}],"hashtags":[{"indices":[11,20],"text":"BREAKING"}],"urls":[{"url":"http:\/\/t.co\/Jmnhb3JW2N","indices":[77,99],"expanded_url":"http:\/\/fxn.ws\/1ykwDbB","display_url":"fxn.ws\/1ykwDbB"}]},"in_reply_to_screen_name":"FoxNews","id_str":"524930396975550464","retweet_count":3,"in_reply_to_user_id":1367531,"favorited":false,"user":{"follow_request_sent":false,"profile_use_background_image":true,"default_profile_image":false,"id":1909327327,"profile_background_image_url_https":"https:\/\/abs.twimg.com\/images\/themes\/theme1\/bg.png","verified":false,"profile_text_color":"333333","profile_image_url_https":"https:\/\/pbs.twimg.com\/profile_images\/569126483822907392\/yMgiDLzc_normal.jpeg","profile_sidebar_fill_color":"DDEEF6","entities":{"description":{"urls":[]}},"followers_count":144,"profile_sidebar_border_color":"C0DEED","id_str":"1909327327","profile_background_color":"C0DEED","listed_count":0,"is_translation_enabled":false,"utc_offset":null,"statuses_count":718,"description":"Actor for Zombie Reign","friends_count":338,"location":"","profile_link_color":"0084B4","profile_image_url":"http:\/\/pbs.twimg.com\/profile_images\/569126483822907392\/yMgiDLzc_normal.jpeg","following":false,"geo_enabled":true,"profile_banner_url":"https:\/\/pbs.twimg.com\/profile_banners\/1909327327\/1401609609","profile_background_image_url":"http:\/\/abs.twimg.com\/images\/themes\/theme1\/bg.png","screen_name":"redneckraptor84","lang":"en","profile_background_tile":false,"favourites_count":158,"name":"Hunter","notifications":false,"url":null,"created_at":"Thu Sep 26 21:41:17 +0000 2013","contributors_enabled":false,"time_zone":null,"protected":false,"default_profile":true,"is_translator":false},"geo":null,"in_reply_to_user_id_str":"1367531","possibly_sensitive":false,"lang":"en","created_at":"Wed Oct 22 14:28:54 +0000 2014","in_reply_to_status_id_str":"524929893759737856","place":null}