{"contributors": null, "truncated": false, "text": "@FoxNews Serious stuff here Now pay attention!!", "in_reply_to_status_id": 524929893759737856, "id": 524931731485622272, "favorite_count": 0, "source": "<a href=\"http://twitter.com\" rel=\"nofollow\">Twitter Web Client</a>", "retweeted": false, "coordinates": null, "entities": {"symbols": [], "user_mentions": [{"id": 1367531, "indices": [0, 8], "id_str": "1367531", "screen_name": "FoxNews", "name": "Fox News"}], "hashtags": [], "urls": []}, "in_reply_to_screen_name": "FoxNews", "id_str": "524931731485622272", "retweet_count": 0, "in_reply_to_user_id": 1367531, "favorited": false, "user": {"follow_request_sent": false, "profile_use_background_image": true, "default_profile_image": false, "id": 528581970, "profile_background_image_url_https": "https://abs.twimg.com/images/themes/theme1/bg.png", "verified": false, "profile_text_color": "333333", "profile_image_url_https": "https://pbs.twimg.com/profile_images/378800000384881146/b7ee6edcd4240ced0f51f81a1a6341f9_normal.png", "profile_sidebar_fill_color": "DDEEF6", "entities": {"description": {"urls": []}}, "followers_count": 60, "profile_sidebar_border_color": "C0DEED", "id_str": "528581970", "profile_background_color": "C0DEED", "listed_count": 1, "is_translation_enabled": false, "utc_offset": null, "statuses_count": 3937, "description": "", "friends_count": 124, "location": "Massachusetts", "profile_link_color": "0084B4", "profile_image_url": "http://pbs.twimg.com/profile_images/378800000384881146/b7ee6edcd4240ced0f51f81a1a6341f9_normal.png", "following": false, "geo_enabled": false, "profile_background_image_url": "http://abs.twimg.com/images/themes/theme1/bg.png", "screen_name": "beaujolais1", "lang": "en", "profile_background_tile": false, "favourites_count": 41, "name": "beaujolais1 ", "notifications": false, "url": null, "created_at": "Sun Mar 18 15:00:57 +0000 2012", "contributors_enabled": false, "time_zone": null, "protected": false, "default_profile": true, "is_translator": false}, "geo": null, "in_reply_to_user_id_str": "1367531", "lang": "en", "created_at": "Wed Oct 22 14:34:12 +0000 2014", "in_reply_to_status_id_str": "524929893759737856", "place": null}
