{"contributors": null, "truncated": false, "text": "@FoxNews Problems in Canuckistan, how's that diversity working out for you?", "in_reply_to_status_id": 524929893759737856, "id": 524931460550373377, "favorite_count": 0, "source": "<a href=\"http://twitter.com\" rel=\"nofollow\">Twitter Web Client</a>", "retweeted": false, "coordinates": null, "entities": {"symbols": [], "user_mentions": [{"id": 1367531, "indices": [0, 8], "id_str": "1367531", "screen_name": "FoxNews", "name": "Fox News"}], "hashtags": [], "urls": []}, "in_reply_to_screen_name": "FoxNews", "id_str": "524931460550373377", "retweet_count": 0, "in_reply_to_user_id": 1367531, "favorited": false, "user": {"follow_request_sent": false, "profile_use_background_image": true, "default_profile_image": false, "id": 292629799, "profile_background_image_url_https": "https://abs.twimg.com/images/themes/theme1/bg.png", "verified": false, "profile_text_color": "333333", "profile_image_url_https": "https://pbs.twimg.com/profile_images/522384630473699329/i-LR071w_normal.jpeg", "profile_sidebar_fill_color": "DDEEF6", "entities": {"description": {"urls": []}}, "followers_count": 1524, "profile_sidebar_border_color": "C0DEED", "id_str": "292629799", "profile_background_color": "C0DEED", "listed_count": 26, "is_translation_enabled": false, "utc_offset": -7200, "statuses_count": 42191, "description": "Krafty is a raconteur, and a curmudgeon in the best sense of the word. Jeffersonian. Protestant.  -33-", "friends_count": 1996, "location": "#MasonDixonLine", "profile_link_color": "0084B4", "profile_image_url": "http://pbs.twimg.com/profile_images/522384630473699329/i-LR071w_normal.jpeg", "following": false, "geo_enabled": false, "profile_banner_url": "https://pbs.twimg.com/profile_banners/292629799/1392650695", "profile_background_image_url": "http://abs.twimg.com/images/themes/theme1/bg.png", "screen_name": "KraftyWurker", "lang": "en", "profile_background_tile": false, "favourites_count": 253, "name": "Krafty.Wurker", "notifications": false, "url": null, "created_at": "Tue May 03 23:47:38 +0000 2011", "contributors_enabled": false, "time_zone": "Mid-Atlantic", "protected": false, "default_profile": true, "is_translator": false}, "geo": null, "in_reply_to_user_id_str": "1367531", "lang": "en", "created_at": "Wed Oct 22 14:33:07 +0000 2014", "in_reply_to_status_id_str": "524929893759737856", "place": null}
