{"contributors":null,"truncated":false,"text":"@FoxNews @Mich_Robertson What this never happens in Canada...","in_reply_to_status_id":524929893759737856,"id":524932064551133184,"favorite_count":0,"source":"<a href=\"http:\/\/twitter.com\/download\/iphone\" rel=\"nofollow\">Twitter for iPhone<\/a>","retweeted":false,"coordinates":null,"entities":{"symbols":[],"user_mentions":[{"id":1367531,"indices":[0,8],"id_str":"1367531","screen_name":"FoxNews","name":"Fox News"},{"id":33273895,"indices":[9,24],"id_str":"33273895","screen_name":"Mich_Robertson","name":"Michelle Robertson"}],"hashtags":[],"urls":[]},"in_reply_to_screen_name":"FoxNews","id_str":"524932064551133184","retweet_count":0,"in_reply_to_user_id":1367531,"favorited":false,"user":{"follow_request_sent":false,"profile_use_background_image":true,"default_profile_image":false,"id":1345704769,"profile_background_image_url_https":"https:\/\/abs.twimg.com\/images\/themes\/theme1\/bg.png","verified":false,"profile_text_color":"333333","profile_image_url_https":"https:\/\/pbs.twimg.com\/profile_images\/587479505431691265\/XJv-mf-I_normal.jpg","profile_sidebar_fill_color":"DDEEF6","entities":{"description":{"urls":[]}},"followers_count":309,"profile_sidebar_border_color":"C0DEED","id_str":"1345704769","profile_background_color":"C0DEED","listed_count":2,"is_translation_enabled":false,"utc_offset":-10800,"statuses_count":2511,"description":"Work, dedication towards winning and loving the game of baseball","friends_count":248,"location":"Wildwood","profile_link_color":"0084B4","profile_image_url":"http:\/\/pbs.twimg.com\/profile_images\/587479505431691265\/XJv-mf-I_normal.jpg","following":false,"geo_enabled":false,"profile_banner_url":"https:\/\/pbs.twimg.com\/profile_banners\/1345704769\/1399218985","profile_background_image_url":"http:\/\/abs.twimg.com\/images\/themes\/theme1\/bg.png","screen_name":"Dirtbags_Pride","lang":"en","profile_background_tile":false,"favourites_count":973,"name":"Dirtbags Baseball","notifications":false,"url":null,"created_at":"Fri Apr 12 01:24:53 +0000 2013","contributors_enabled":false,"time_zone":"Atlantic Time (Canada)","protected":false,"default_profile":true,"is_translator":false},"geo":null,"in_reply_to_user_id_str":"1367531","lang":"en","created_at":"Wed Oct 22 14:35:31 +0000 2014","in_reply_to_status_id_str":"524929893759737856","place":null}