{"contributors":null,"truncated":false,"text":"@SnakeReaper115 @FoxNews http:\/\/t.co\/wUPwtgjcAI","in_reply_to_status_id":524984285863100416,"id":524986240861765632,"favorite_count":0,"source":"<a href=\"http:\/\/twitter.com\/download\/iphone\" rel=\"nofollow\">Twitter for iPhone<\/a>","retweeted":false,"coordinates":null,"entities":{"symbols":[],"user_mentions":[{"id":1273670323,"indices":[0,15],"id_str":"1273670323","screen_name":"SnakeReaper115","name":"Jake"},{"id":1367531,"indices":[16,24],"id_str":"1367531","screen_name":"FoxNews","name":"Fox News"}],"hashtags":[],"urls":[{"url":"http:\/\/t.co\/wUPwtgjcAI","indices":[25,47],"expanded_url":"http:\/\/www.usatoday.com\/story\/opinion\/2014\/08\/26\/oil-prices-fracking-economy-middle-east-editorials-debates\/14650749\/","display_url":"usatoday.com\/story\/opinion\/\u2026"}]},"in_reply_to_screen_name":"BlackFlagRising","id_str":"524986240861765632","retweet_count":0,"in_reply_to_user_id":44272969,"favorited":false,"user":{"follow_request_sent":false,"profile_use_background_image":true,"default_profile_image":false,"id":44272969,"profile_background_image_url_https":"https:\/\/pbs.twimg.com\/profile_background_images\/20253337\/wallpaper2_01.jpg","verified":false,"profile_text_color":"333333","profile_image_url_https":"https:\/\/pbs.twimg.com\/profile_images\/536624231896076289\/-EAm4IGQ_normal.jpeg","profile_sidebar_fill_color":"000000","entities":{"description":{"urls":[]}},"followers_count":59,"profile_sidebar_border_color":"096653","id_str":"44272969","profile_background_color":"000000","listed_count":1,"is_translation_enabled":false,"utc_offset":-14400,"statuses_count":3028,"description":"#revenge because you can't coexist with people who want to kill you.","friends_count":234,"location":"","profile_link_color":"0E4F66","profile_image_url":"http:\/\/pbs.twimg.com\/profile_images\/536624231896076289\/-EAm4IGQ_normal.jpeg","following":false,"geo_enabled":false,"profile_banner_url":"https:\/\/pbs.twimg.com\/profile_banners\/44272969\/1414013431","profile_background_image_url":"http:\/\/pbs.twimg.com\/profile_background_images\/20253337\/wallpaper2_01.jpg","screen_name":"BlackFlagRising","lang":"en","profile_background_tile":true,"favourites_count":624,"name":"The Cryptarch Says..","notifications":false,"url":null,"created_at":"Wed Jun 03 02:37:25 +0000 2009","contributors_enabled":false,"time_zone":"Eastern Time (US & Canada)","protected":false,"default_profile":false,"is_translator":false},"geo":null,"in_reply_to_user_id_str":"44272969","possibly_sensitive":false,"lang":"und","created_at":"Wed Oct 22 18:10:48 +0000 2014","in_reply_to_status_id_str":"524984285863100416","place":null}