{"contributors":null,"truncated":false,"text":"#ISIS RT @FoxNews #BREAKING: Soldier shot at war memorial near Canadian parliament: http:\/\/t.co\/2xhbVbKyB9","in_reply_to_status_id":524929893759737856,"id":524930310375743488,"favorite_count":0,"source":"<a href=\"http:\/\/www.myplume.com\/\" rel=\"nofollow\">Plume\u00a0for\u00a0Android<\/a>","retweeted":false,"coordinates":null,"entities":{"symbols":[],"user_mentions":[{"id":1367531,"indices":[9,17],"id_str":"1367531","screen_name":"FoxNews","name":"Fox News"}],"hashtags":[{"indices":[0,5],"text":"ISIS"},{"indices":[18,27],"text":"BREAKING"}],"urls":[{"url":"http:\/\/t.co\/2xhbVbKyB9","indices":[84,106],"expanded_url":"http:\/\/fxn.ws\/1ykwDbB","display_url":"fxn.ws\/1ykwDbB"}]},"in_reply_to_screen_name":"FoxNews","id_str":"524930310375743488","retweet_count":0,"in_reply_to_user_id":1367531,"favorited":false,"user":{"follow_request_sent":false,"profile_use_background_image":true,"default_profile_image":false,"id":112344261,"profile_background_image_url_https":"https:\/\/abs.twimg.com\/images\/themes\/theme15\/bg.png","verified":false,"profile_text_color":"333333","profile_image_url_https":"https:\/\/pbs.twimg.com\/profile_images\/579881204956151808\/NR51dtND_normal.jpg","profile_sidebar_fill_color":"C0DFEC","entities":{"description":{"urls":[]}},"followers_count":122,"profile_sidebar_border_color":"A8C7F7","id_str":"112344261","profile_background_color":"022330","listed_count":2,"is_translation_enabled":false,"utc_offset":-14400,"statuses_count":5647,"description":"Nomac Drilling. Fun.","friends_count":180,"location":"","profile_link_color":"0084B4","profile_image_url":"http:\/\/pbs.twimg.com\/profile_images\/579881204956151808\/NR51dtND_normal.jpg","following":false,"geo_enabled":false,"profile_background_image_url":"http:\/\/abs.twimg.com\/images\/themes\/theme15\/bg.png","screen_name":"_JustinEllis","lang":"en","profile_background_tile":false,"favourites_count":9,"name":"Justin Ellis","notifications":false,"url":null,"created_at":"Mon Feb 08 04:37:17 +0000 2010","contributors_enabled":false,"time_zone":"Eastern Time (US & Canada)","protected":false,"default_profile":false,"is_translator":false},"geo":null,"in_reply_to_user_id_str":"1367531","possibly_sensitive":false,"lang":"en","created_at":"Wed Oct 22 14:28:33 +0000 2014","in_reply_to_status_id_str":"524929893759737856","place":null}