{"contributors":null,"truncated":false,"text":"@FoxNews WOW those jihadi bastards are going hard in Oh, Canada...","in_reply_to_status_id":524929893759737856,"id":524930928704229376,"favorite_count":0,"source":"<a href=\"http:\/\/twitter.com\/download\/android\" rel=\"nofollow\">Twitter for Android<\/a>","retweeted":false,"coordinates":null,"entities":{"symbols":[],"user_mentions":[{"id":1367531,"indices":[0,8],"id_str":"1367531","screen_name":"FoxNews","name":"Fox News"}],"hashtags":[],"urls":[]},"in_reply_to_screen_name":"FoxNews","id_str":"524930928704229376","retweet_count":0,"in_reply_to_user_id":1367531,"favorited":false,"user":{"follow_request_sent":false,"profile_use_background_image":true,"default_profile_image":false,"id":2176274673,"profile_background_image_url_https":"https:\/\/abs.twimg.com\/images\/themes\/theme14\/bg.gif","verified":false,"profile_text_color":"333333","profile_image_url_https":"https:\/\/pbs.twimg.com\/profile_images\/585659133484994560\/8oZFVEIb_normal.jpg","profile_sidebar_fill_color":"DDEEF6","entities":{"description":{"urls":[]}},"followers_count":300,"profile_sidebar_border_color":"FFFFFF","id_str":"2176274673","profile_background_color":"131516","listed_count":1,"is_translation_enabled":false,"utc_offset":null,"statuses_count":9364,"description":"New England Since '93, Medical Marijuana Advocate and Hard Worker.","friends_count":292,"location":"7.22.11 \u2764","profile_link_color":"009E18","profile_image_url":"http:\/\/pbs.twimg.com\/profile_images\/585659133484994560\/8oZFVEIb_normal.jpg","following":false,"geo_enabled":false,"profile_banner_url":"https:\/\/pbs.twimg.com\/profile_banners\/2176274673\/1405488963","profile_background_image_url":"http:\/\/abs.twimg.com\/images\/themes\/theme14\/bg.gif","screen_name":"Mr_Clean420","lang":"en","profile_background_tile":true,"favourites_count":3083,"name":"Michaud","notifications":false,"url":null,"created_at":"Sun Nov 10 22:18:45 +0000 2013","contributors_enabled":false,"time_zone":null,"protected":false,"default_profile":false,"is_translator":false},"geo":null,"in_reply_to_user_id_str":"1367531","lang":"en","created_at":"Wed Oct 22 14:31:00 +0000 2014","in_reply_to_status_id_str":"524929893759737856","place":null}