{"contributors": null, "truncated": false, "text": "@FoxNews Is it terrorist or workplace violence?", "in_reply_to_status_id": 524929893759737856, "id": 524932641624055808, "favorite_count": 0, "source": "<a href=\"https://mobile.twitter.com\" rel=\"nofollow\">Mobile Web (M5)</a>", "retweeted": false, "coordinates": null, "entities": {"symbols": [], "user_mentions": [{"id": 1367531, "indices": [0, 8], "id_str": "1367531", "screen_name": "FoxNews", "name": "Fox News"}], "hashtags": [], "urls": []}, "in_reply_to_screen_name": "FoxNews", "id_str": "524932641624055808", "retweet_count": 0, "in_reply_to_user_id": 1367531, "favorited": false, "user": {"follow_request_sent": false, "profile_use_background_image": true, "default_profile_image": true, "id": 874743020, "profile_background_image_url_https": "https://abs.twimg.com/images/themes/theme1/bg.png", "verified": false, "profile_text_color": "333333", "profile_image_url_https": "https://abs.twimg.com/sticky/default_profile_images/default_profile_4_normal.png", "profile_sidebar_fill_color": "DDEEF6", "entities": {"description": {"urls": []}}, "followers_count": 94, "profile_sidebar_border_color": "C0DEED", "id_str": "874743020", "profile_background_color": "C0DEED", "listed_count": 5, "is_translation_enabled": false, "utc_offset": null, "statuses_count": 17333, "description": "", "friends_count": 107, "location": "Texas", "profile_link_color": "0084B4", "profile_image_url": "http://abs.twimg.com/sticky/default_profile_images/default_profile_4_normal.png", "following": false, "geo_enabled": false, "profile_background_image_url": "http://abs.twimg.com/images/themes/theme1/bg.png", "screen_name": "kornegay_danna", "lang": "en", "profile_background_tile": false, "favourites_count": 205, "name": "Dannak", "notifications": false, "url": null, "created_at": "Fri Oct 12 02:03:39 +0000 2012", "contributors_enabled": false, "time_zone": null, "protected": false, "default_profile": true, "is_translator": false}, "geo": null, "in_reply_to_user_id_str": "1367531", "lang": "en", "created_at": "Wed Oct 22 14:37:49 +0000 2014", "in_reply_to_status_id_str": "524929893759737856", "place": null}
