{"contributors": null, "truncated": false, "text": "@FoxNews garuantee it's a Muslim!!! A Muslim ran over two soldiers yesterday in an act of terrorism! The shooter is a Koran follower!", "in_reply_to_status_id": 524929893759737856, "id": 524939096477941760, "favorite_count": 1, "source": "<a href=\"http://twitter.com/download/iphone\" rel=\"nofollow\">Twitter for iPhone</a>", "retweeted": false, "coordinates": null, "entities": {"symbols": [], "user_mentions": [{"id": 1367531, "indices": [0, 8], "id_str": "1367531", "screen_name": "FoxNews", "name": "Fox News"}], "hashtags": [], "urls": []}, "in_reply_to_screen_name": "FoxNews", "id_str": "524939096477941760", "retweet_count": 0, "in_reply_to_user_id": 1367531, "favorited": false, "user": {"follow_request_sent": false, "profile_use_background_image": true, "default_profile_image": false, "id": 405036807, "profile_background_image_url_https": "https://pbs.twimg.com/profile_background_images/476798649507131392/lt19eL4O.jpeg", "verified": false, "profile_text_color": "666666", "profile_image_url_https": "https://pbs.twimg.com/profile_images/476781288884420610/y02dXPAi_normal.jpeg", "profile_sidebar_fill_color": "252429", "entities": {"description": {"urls": []}}, "followers_count": 63, "profile_sidebar_border_color": "FFFFFF", "id_str": "405036807", "profile_background_color": "1A1B1F", "listed_count": 1, "is_translation_enabled": false, "utc_offset": -14400, "statuses_count": 3058, "description": "Rebel Against Fascism! Defend freedom from radical Islam. Project Truth! Don't Tread on Me!", "friends_count": 202, "location": "Under the Denver Airport.", "profile_link_color": "BD0B1A", "profile_image_url": "http://pbs.twimg.com/profile_images/476781288884420610/y02dXPAi_normal.jpeg", "following": false, "geo_enabled": false, "profile_banner_url": "https://pbs.twimg.com/profile_banners/405036807/1398700148", "profile_background_image_url": "http://pbs.twimg.com/profile_background_images/476798649507131392/lt19eL4O.jpeg", "screen_name": "CrueIAM", "lang": "en", "profile_background_tile": false, "favourites_count": 915, "name": "American Infidel", "notifications": false, "url": null, "created_at": "Fri Nov 04 19:23:02 +0000 2011", "contributors_enabled": false, "time_zone": "Eastern Time (US & Canada)", "protected": false, "default_profile": false, "is_translator": false}, "geo": null, "in_reply_to_user_id_str": "1367531", "lang": "en", "created_at": "Wed Oct 22 15:03:28 +0000 2014", "in_reply_to_status_id_str": "524929893759737856", "place": null}
