{"contributors": null, "truncated": false, "text": "@SnakeReaper115 @FoxNews Yep. Lost 155 of them in Afghanistan. Many others injured.", "in_reply_to_status_id": 524931419798532096, "id": 524937935695929344, "favorite_count": 0, "source": "<a href=\"http://twitter.com/download/iphone\" rel=\"nofollow\">Twitter for iPhone</a>", "retweeted": false, "coordinates": null, "entities": {"symbols": [], "user_mentions": [{"id": 1273670323, "indices": [0, 15], "id_str": "1273670323", "screen_name": "SnakeReaper115", "name": "Jake"}, {"id": 1367531, "indices": [16, 24], "id_str": "1367531", "screen_name": "FoxNews", "name": "Fox News"}], "hashtags": [], "urls": []}, "in_reply_to_screen_name": "SnakeReaper115", "id_str": "524937935695929344", "retweet_count": 0, "in_reply_to_user_id": 1273670323, "favorited": false, "user": {"follow_request_sent": false, "profile_use_background_image": true, "default_profile_image": false, "id": 89787904, "profile_background_image_url_https": "https://abs.twimg.com/images/themes/theme1/bg.png", "verified": false, "profile_text_color": "333333", "profile_image_url_https": "https://pbs.twimg.com/profile_images/479932232274948096/HzFJtm6U_normal.jpeg", "profile_sidebar_fill_color": "DDEEF6", "entities": {"description": {"urls": []}}, "followers_count": 301, "profile_sidebar_border_color": "C0DEED", "id_str": "89787904", "profile_background_color": "C0DEED", "listed_count": 21, "is_translation_enabled": false, "utc_offset": -18000, "statuses_count": 7511, "description": "Write a little for the TV (and film!)and account on the side.(yeah, I know.)  I have 1/3 less salt than competing brands", "friends_count": 128, "location": "Halifax Nova Scotia", "profile_link_color": "0084B4", "profile_image_url": "http://pbs.twimg.com/profile_images/479932232274948096/HzFJtm6U_normal.jpeg", "following": false, "geo_enabled": false, "profile_background_image_url": "http://abs.twimg.com/images/themes/theme1/bg.png", "screen_name": "lenmac1", "lang": "en", "profile_background_tile": false, "favourites_count": 6492, "name": "Len MacKeigan", "notifications": false, "url": null, "created_at": "Fri Nov 13 20:41:35 +0000 2009", "contributors_enabled": false, "time_zone": "Quito", "protected": false, "default_profile": true, "is_translator": false}, "geo": null, "in_reply_to_user_id_str": "1273670323", "lang": "en", "created_at": "Wed Oct 22 14:58:51 +0000 2014", "in_reply_to_status_id_str": "524931419798532096", "place": null}
