{"contributors": null, "truncated": false, "text": "@FoxNews The man is now inside the Parliament library with a hunting rifle.", "in_reply_to_status_id": 524929893759737856, "id": 524930381980917760, "favorite_count": 1, "source": "<a href=\"http://twitter.com/#!/download/ipad\" rel=\"nofollow\">Twitter for iPad</a>", "retweeted": false, "coordinates": null, "entities": {"symbols": [], "user_mentions": [{"id": 1367531, "indices": [0, 8], "id_str": "1367531", "screen_name": "FoxNews", "name": "Fox News"}], "hashtags": [], "urls": []}, "in_reply_to_screen_name": "FoxNews", "id_str": "524930381980917760", "retweet_count": 2, "in_reply_to_user_id": 1367531, "favorited": false, "user": {"follow_request_sent": false, "profile_use_background_image": true, "default_profile_image": false, "id": 2453850531, "profile_background_image_url_https": "https://abs.twimg.com/images/themes/theme14/bg.gif", "verified": false, "profile_text_color": "333333", "profile_image_url_https": "https://pbs.twimg.com/profile_images/455865260084166656/HD6-2Nor_normal.jpeg", "profile_sidebar_fill_color": "EFEFEF", "entities": {"url": {"urls": [{"url": "http://t.co/gFCAr30CcV", "indices": [0, 22], "expanded_url": "http://theloadoutroom.com", "display_url": "theloadoutroom.com"}]}, "description": {"urls": []}}, "followers_count": 294, "profile_sidebar_border_color": "EEEEEE", "id_str": "2453850531", "profile_background_color": "131516", "listed_count": 6, "is_translation_enabled": false, "utc_offset": -14400, "statuses_count": 1483, "description": "Canadian Light Infantry Afghan Combat Vet / @TheLoadOutRoom Host / @SOFREP author", "friends_count": 260, "location": "Quebec, Canada", "profile_link_color": "000000", "profile_image_url": "http://pbs.twimg.com/profile_images/455865260084166656/HD6-2Nor_normal.jpeg", "following": false, "geo_enabled": false, "profile_banner_url": "https://pbs.twimg.com/profile_banners/2453850531/1401241227", "profile_background_image_url": "http://abs.twimg.com/images/themes/theme14/bg.gif", "screen_name": "JWadeMoses", "lang": "en-gb", "profile_background_tile": true, "favourites_count": 754, "name": "Jonathan Wade", "notifications": false, "url": "http://t.co/gFCAr30CcV", "created_at": "Wed Apr 02 02:31:59 +0000 2014", "contributors_enabled": false, "time_zone": "Eastern Time (US & Canada)", "protected": false, "default_profile": false, "is_translator": false}, "geo": null, "in_reply_to_user_id_str": "1367531", "lang": "en", "created_at": "Wed Oct 22 14:28:50 +0000 2014", "in_reply_to_status_id_str": "524929893759737856", "place": null}
