{"contributors":null,"truncated":false,"text":"So scary. \u201c@FoxNews: #BREAKING: Soldier shot at war memorial near Canadian parliament: http:\/\/t.co\/8ug1Vj0YcE\u201d","in_reply_to_status_id":524929893759737856,"id":524934085442277376,"favorite_count":0,"source":"<a href=\"http:\/\/twitter.com\/download\/iphone\" rel=\"nofollow\">Twitter for iPhone<\/a>","retweeted":false,"coordinates":null,"entities":{"symbols":[],"user_mentions":[{"id":1367531,"indices":[11,19],"id_str":"1367531","screen_name":"FoxNews","name":"Fox News"}],"hashtags":[{"indices":[21,30],"text":"BREAKING"}],"urls":[{"url":"http:\/\/t.co\/8ug1Vj0YcE","indices":[87,109],"expanded_url":"http:\/\/fxn.ws\/1ykwDbB","display_url":"fxn.ws\/1ykwDbB"}]},"in_reply_to_screen_name":"FoxNews","id_str":"524934085442277376","retweet_count":0,"in_reply_to_user_id":1367531,"favorited":false,"user":{"follow_request_sent":false,"profile_use_background_image":true,"default_profile_image":false,"id":45177143,"profile_background_image_url_https":"https:\/\/pbs.twimg.com\/profile_background_images\/611835128\/i971qiz6gr29q42b00v6.jpeg","verified":false,"profile_text_color":"0A0806","profile_image_url_https":"https:\/\/pbs.twimg.com\/profile_images\/587824830667366400\/8wInOSqD_normal.jpg","profile_sidebar_fill_color":"423529","entities":{"url":{"urls":[{"url":"http:\/\/t.co\/HiJVAyrm76","indices":[0,22],"expanded_url":"http:\/\/www.facebook.com\/alexandramikrut","display_url":"facebook.com\/alexandramikrut"}]},"description":{"urls":[]}},"followers_count":216,"profile_sidebar_border_color":"C2A318","id_str":"45177143","profile_background_color":"4D4238","listed_count":1,"is_translation_enabled":false,"utc_offset":-14400,"statuses_count":1139,"description":"There are only two ways to live your life. One is as though nothing is a miracle. The other is as though everything is a miracle.-A Einstein Choose the latter.","friends_count":639,"location":"Michigan - Ontario","profile_link_color":"A18225","profile_image_url":"http:\/\/pbs.twimg.com\/profile_images\/587824830667366400\/8wInOSqD_normal.jpg","following":false,"geo_enabled":false,"profile_banner_url":"https:\/\/pbs.twimg.com\/profile_banners\/45177143\/1413991373","profile_background_image_url":"http:\/\/pbs.twimg.com\/profile_background_images\/611835128\/i971qiz6gr29q42b00v6.jpeg","screen_name":"alexmikrut","lang":"en","profile_background_tile":false,"favourites_count":2186,"name":"Alex Mikrut","notifications":false,"url":"http:\/\/t.co\/HiJVAyrm76","created_at":"Sat Jun 06 17:51:38 +0000 2009","contributors_enabled":false,"time_zone":"Eastern Time (US & Canada)","protected":false,"default_profile":false,"is_translator":false},"geo":null,"in_reply_to_user_id_str":"1367531","possibly_sensitive":false,"lang":"en","created_at":"Wed Oct 22 14:43:33 +0000 2014","in_reply_to_status_id_str":"524929893759737856","place":null}