{"contributors":null,"truncated":false,"text":"@Mich_Robertson I know an American who will protect \ud83d\udc4a","in_reply_to_status_id":525098439789780993,"id":525099574290305024,"favorite_count":1,"source":"<a href=\"http:\/\/twitter.com\/download\/iphone\" rel=\"nofollow\">Twitter for iPhone<\/a>","retweeted":false,"coordinates":null,"entities":{"symbols":[],"user_mentions":[{"id":33273895,"indices":[0,15],"id_str":"33273895","screen_name":"Mich_Robertson","name":"Michelle Robertson"}],"hashtags":[],"urls":[]},"in_reply_to_screen_name":"Mich_Robertson","id_str":"525099574290305024","retweet_count":0,"in_reply_to_user_id":33273895,"favorited":false,"user":{"follow_request_sent":false,"profile_use_background_image":true,"default_profile_image":false,"id":1345704769,"profile_background_image_url_https":"https:\/\/abs.twimg.com\/images\/themes\/theme1\/bg.png","verified":false,"profile_text_color":"333333","profile_image_url_https":"https:\/\/pbs.twimg.com\/profile_images\/587479505431691265\/XJv-mf-I_normal.jpg","profile_sidebar_fill_color":"DDEEF6","entities":{"description":{"urls":[]}},"followers_count":310,"profile_sidebar_border_color":"C0DEED","id_str":"1345704769","profile_background_color":"C0DEED","listed_count":2,"is_translation_enabled":false,"utc_offset":-10800,"statuses_count":2530,"description":"Work, dedication towards winning and loving the game of baseball","friends_count":246,"location":"","profile_link_color":"0084B4","profile_image_url":"http:\/\/pbs.twimg.com\/profile_images\/587479505431691265\/XJv-mf-I_normal.jpg","following":false,"geo_enabled":false,"profile_banner_url":"https:\/\/pbs.twimg.com\/profile_banners\/1345704769\/1414195220","profile_background_image_url":"http:\/\/abs.twimg.com\/images\/themes\/theme1\/bg.png","screen_name":"Dirtbags_Pride","lang":"en","profile_background_tile":false,"favourites_count":985,"name":"Real Coach Hastings","notifications":false,"url":null,"created_at":"Fri Apr 12 01:24:53 +0000 2013","contributors_enabled":false,"time_zone":"Atlantic Time (Canada)","protected":false,"default_profile":true,"is_translator":false},"geo":null,"in_reply_to_user_id_str":"33273895","lang":"en","created_at":"Thu Oct 23 01:41:09 +0000 2014","in_reply_to_status_id_str":"525098439789780993","place":null}