{"contributors": null, "truncated": false, "text": "@Dirtbags_Pride sad day for Canada", "in_reply_to_status_id": 524932064551133184, "id": 525098439789780993, "favorite_count": 0, "source": "<a href=\"http://twitter.com\" rel=\"nofollow\">Twitter Web Client</a>", "retweeted": false, "coordinates": null, "entities": {"symbols": [], "user_mentions": [{"id": 1345704769, "indices": [0, 15], "id_str": "1345704769", "screen_name": "Dirtbags_Pride", "name": "Dirtbags Baseball"}], "hashtags": [], "urls": []}, "in_reply_to_screen_name": "Dirtbags_Pride", "id_str": "525098439789780993", "retweet_count": 0, "in_reply_to_user_id": 1345704769, "favorited": false, "user": {"follow_request_sent": false, "profile_use_background_image": true, "default_profile_image": false, "id": 33273895, "profile_background_image_url_https": "https://pbs.twimg.com/profile_background_images/179002474/twit", "verified": false, "profile_text_color": "000000", "profile_image_url_https": "https://pbs.twimg.com/profile_images/504661819999281152/AxwXxBkb_normal.jpeg", "profile_sidebar_fill_color": "8E8BDF", "entities": {"description": {"urls": []}}, "followers_count": 301, "profile_sidebar_border_color": "4400FF", "id_str": "33273895", "profile_background_color": "000000", "listed_count": 19, "is_translation_enabled": false, "utc_offset": -14400, "statuses_count": 653, "description": "Flight Attendant | UWO alum & Humber Public Relations grad |", "friends_count": 198, "location": "Toronto & Jackson, Michigan ", "profile_link_color": "FF00EE", "profile_image_url": "http://pbs.twimg.com/profile_images/504661819999281152/AxwXxBkb_normal.jpeg", "following": false, "geo_enabled": true, "profile_background_image_url": "http://pbs.twimg.com/profile_background_images/179002474/twit", "screen_name": "Mich_Robertson", "lang": "en", "profile_background_tile": true, "favourites_count": 72, "name": "Michelle Robertson", "notifications": false, "url": null, "created_at": "Sun Apr 19 18:36:40 +0000 2009", "contributors_enabled": false, "time_zone": "Eastern Time (US & Canada)", "protected": false, "default_profile": false, "is_translator": false}, "geo": null, "in_reply_to_user_id_str": "1345704769", "lang": "en", "created_at": "Thu Oct 23 01:36:38 +0000 2014", "in_reply_to_status_id_str": "524932064551133184", "place": null}
