{"contributors":null,"truncated":false,"text":"@HaroldItz No death penalty was issued by any court.","in_reply_to_status_id":500296692713783298,"id":500297696872513537,"favorite_count":0,"source":"<a href=\"http:\/\/twitter.com\" rel=\"nofollow\">Twitter Web Client<\/a>","retweeted":false,"coordinates":null,"entities":{"symbols":[],"user_mentions":[{"id":293227742,"indices":[0,10],"id_str":"293227742","screen_name":"HaroldItz","name":"Harold Itzkowitz"}],"hashtags":[],"urls":[]},"in_reply_to_screen_name":"HaroldItz","id_str":"500297696872513537","retweet_count":0,"in_reply_to_user_id":293227742,"favorited":false,"user":{"follow_request_sent":false,"profile_use_background_image":false,"default_profile_image":false,"id":56175988,"profile_background_image_url_https":"https:\/\/pbs.twimg.com\/profile_background_images\/460172396855443458\/muvUy6qf.jpeg","verified":false,"profile_text_color":"333333","profile_image_url_https":"https:\/\/pbs.twimg.com\/profile_images\/566369753426452480\/DYHwPl8o_normal.jpeg","profile_sidebar_fill_color":"EFEFEF","entities":{"description":{"urls":[]}},"followers_count":529,"profile_sidebar_border_color":"000000","id_str":"56175988","profile_background_color":"090A0A","listed_count":12,"is_translation_enabled":false,"utc_offset":-25200,"statuses_count":5927,"description":"The first thing I did was take off my pants. Naturally...","friends_count":1092,"location":"","profile_link_color":"0F0D0D","profile_image_url":"http:\/\/pbs.twimg.com\/profile_images\/566369753426452480\/DYHwPl8o_normal.jpeg","following":false,"geo_enabled":false,"profile_banner_url":"https:\/\/pbs.twimg.com\/profile_banners\/56175988\/1404449470","profile_background_image_url":"http:\/\/pbs.twimg.com\/profile_background_images\/460172396855443458\/muvUy6qf.jpeg","screen_name":"Morology","lang":"en","profile_background_tile":true,"favourites_count":2766,"name":"Random Walker","notifications":false,"url":null,"created_at":"Sun Jul 12 19:58:24 +0000 2009","contributors_enabled":false,"time_zone":"Pacific Time (US & Canada)","protected":false,"default_profile":false,"is_translator":false},"geo":null,"in_reply_to_user_id_str":"293227742","lang":"en","created_at":"Fri Aug 15 15:07:20 +0000 2014","in_reply_to_status_id_str":"500296692713783298","place":null}