{"contributors": null, "truncated": false, "text": "@HaroldItz VIA THE LITTLE KNOWN EXTRA-JUDICIAL CLAUSE IN THE CONSTITUTION. http://t.co/JXjcDGIzXi", "in_reply_to_status_id": 500296692713783298, "id": 500297225470091264, "favorite_count": 0, "source": "<a href=\"http://twitter.com\" rel=\"nofollow\">Twitter Web Client</a>", "retweeted": false, "coordinates": null, "entities": {"symbols": [], "user_mentions": [{"id": 293227742, "indices": [0, 10], "id_str": "293227742", "screen_name": "HaroldItz", "name": "Harold Itzkowitz"}], "hashtags": [], "urls": [{"url": "http://t.co/JXjcDGIzXi", "indices": [75, 97], "expanded_url": "http://www.theguardian.com/commentisfree/2013/feb/05/obama-kill-list-doj-memo", "display_url": "theguardian.com/commentisfree/\u2026"}]}, "in_reply_to_screen_name": "HaroldItz", "id_str": "500297225470091264", "retweet_count": 0, "in_reply_to_user_id": 293227742, "favorited": false, "user": {"follow_request_sent": false, "profile_use_background_image": true, "default_profile_image": false, "id": 1957590888, "profile_background_image_url_https": "https://pbs.twimg.com/profile_background_images/378800000166138358/TWWarqSh.png", "verified": false, "profile_text_color": "873D54", "profile_image_url_https": "https://pbs.twimg.com/profile_images/378800000587053373/66b52547c2c0e6fa2f2a3149c996a25e_normal.png", "profile_sidebar_fill_color": "FF6395", "entities": {"description": {"urls": []}}, "followers_count": 321, "profile_sidebar_border_color": "EDE4E4", "id_str": "1957590888", "profile_background_color": "422E38", "listed_count": 10, "is_translation_enabled": false, "utc_offset": null, "statuses_count": 1062, "description": "When a problem comes along, you must...EXTERMINATE!", "friends_count": 638, "location": "", "profile_link_color": "56203E", "profile_image_url": "http://pbs.twimg.com/profile_images/378800000587053373/66b52547c2c0e6fa2f2a3149c996a25e_normal.png", "following": false, "geo_enabled": false, "profile_banner_url": "https://pbs.twimg.com/profile_banners/1957590888/1402001595", "profile_background_image_url": "http://pbs.twimg.com/profile_background_images/378800000166138358/TWWarqSh.png", "screen_name": "DevoDalek", "lang": "en", "profile_background_tile": true, "favourites_count": 3424, "name": "Devo Dalek", "notifications": false, "url": null, "created_at": "Sat Oct 12 23:02:09 +0000 2013", "contributors_enabled": false, "time_zone": null, "protected": false, "default_profile": false, "is_translator": false}, "geo": null, "in_reply_to_user_id_str": "293227742", "possibly_sensitive": false, "lang": "en", "created_at": "Fri Aug 15 15:05:28 +0000 2014", "in_reply_to_status_id_str": "500296692713783298", "place": null}
