{"contributors":null,"truncated":false,"text":"@HaroldItz Well, only if you are a young black male - if you are white, not so much.","in_reply_to_status_id":500296692713783298,"id":500297284312387584,"favorite_count":0,"source":"<a href=\"http:\/\/twitter.com\" rel=\"nofollow\">Twitter Web Client<\/a>","retweeted":false,"coordinates":null,"entities":{"symbols":[],"user_mentions":[{"id":293227742,"indices":[0,10],"id_str":"293227742","screen_name":"HaroldItz","name":"Harold Itzkowitz"}],"hashtags":[],"urls":[]},"in_reply_to_screen_name":"HaroldItz","id_str":"500297284312387584","retweet_count":0,"in_reply_to_user_id":293227742,"favorited":false,"user":{"follow_request_sent":false,"profile_use_background_image":true,"default_profile_image":false,"id":634785875,"profile_background_image_url_https":"https:\/\/abs.twimg.com\/images\/themes\/theme1\/bg.png","verified":false,"profile_text_color":"333333","profile_image_url_https":"https:\/\/pbs.twimg.com\/profile_images\/554750969792061440\/VLd2rLaL_normal.jpeg","profile_sidebar_fill_color":"DDEEF6","entities":{"description":{"urls":[]}},"followers_count":751,"profile_sidebar_border_color":"C0DEED","id_str":"634785875","profile_background_color":"C0DEED","listed_count":12,"is_translation_enabled":false,"utc_offset":null,"statuses_count":15411,"description":"Educator, Ph.D., proud Liberal, wife, gardener, Buckeyes and Steelers fan, oh, yes, and lupus.....","friends_count":953,"location":"","profile_link_color":"0084B4","profile_image_url":"http:\/\/pbs.twimg.com\/profile_images\/554750969792061440\/VLd2rLaL_normal.jpeg","following":false,"geo_enabled":true,"profile_background_image_url":"http:\/\/abs.twimg.com\/images\/themes\/theme1\/bg.png","screen_name":"11Shultz","lang":"en","profile_background_tile":false,"favourites_count":13251,"name":"Jennifer Shultz","notifications":false,"url":null,"created_at":"Fri Jul 13 18:53:51 +0000 2012","contributors_enabled":false,"time_zone":null,"protected":false,"default_profile":true,"is_translator":false},"geo":null,"in_reply_to_user_id_str":"293227742","lang":"en","created_at":"Fri Aug 15 15:05:42 +0000 2014","in_reply_to_status_id_str":"500296692713783298","place":null}