{"contributors":null,"truncated":false,"text":"@HaroldItz Wow. The kid is automatically guilty of stealing cigars? We just know he robbed a cigar store? He actually did it?","in_reply_to_status_id":500296692713783298,"id":500299683235786752,"favorite_count":0,"source":"<a href=\"http:\/\/twitter.com\" rel=\"nofollow\">Twitter Web Client<\/a>","retweeted":false,"coordinates":null,"entities":{"symbols":[],"user_mentions":[{"id":293227742,"indices":[0,10],"id_str":"293227742","screen_name":"HaroldItz","name":"Harold Itzkowitz"}],"hashtags":[],"urls":[]},"in_reply_to_screen_name":"HaroldItz","id_str":"500299683235786752","retweet_count":0,"in_reply_to_user_id":293227742,"favorited":false,"user":{"follow_request_sent":false,"profile_use_background_image":true,"default_profile_image":false,"id":291240985,"profile_background_image_url_https":"https:\/\/pbs.twimg.com\/profile_background_images\/378800000180693611\/NXYZUt7r.jpeg","verified":false,"profile_text_color":"5471E8","profile_image_url_https":"https:\/\/pbs.twimg.com\/profile_images\/539228164723990528\/USEWHwaF_normal.jpeg","profile_sidebar_fill_color":"269DD4","entities":{"description":{"urls":[{"url":"http:\/\/t.co\/ZviOkisHNw","indices":[86,108],"expanded_url":"http:\/\/owl.li\/AgnvR","display_url":"owl.li\/AgnvR"}]}},"followers_count":2038,"profile_sidebar_border_color":"FFFFFF","id_str":"291240985","profile_background_color":"0C77A8","listed_count":40,"is_translation_enabled":false,"utc_offset":-25200,"statuses_count":32245,"description":"Black woman. Veteran. Writer.  I publish here because I hate commercial writing, LOL\r\nhttp:\/\/t.co\/ZviOkisHNw","friends_count":2187,"location":"California","profile_link_color":"56139E","profile_image_url":"http:\/\/pbs.twimg.com\/profile_images\/539228164723990528\/USEWHwaF_normal.jpeg","following":false,"geo_enabled":false,"profile_banner_url":"https:\/\/pbs.twimg.com\/profile_banners\/291240985\/1392001410","profile_background_image_url":"http:\/\/pbs.twimg.com\/profile_background_images\/378800000180693611\/NXYZUt7r.jpeg","screen_name":"QueenPhillippa","lang":"en","profile_background_tile":false,"favourites_count":4317,"name":"Phillipa Charlotte","notifications":false,"url":null,"created_at":"Sun May 01 17:43:44 +0000 2011","contributors_enabled":false,"time_zone":"Pacific Time (US & Canada)","protected":false,"default_profile":false,"is_translator":false},"geo":null,"in_reply_to_user_id_str":"293227742","lang":"en","created_at":"Fri Aug 15 15:15:14 +0000 2014","in_reply_to_status_id_str":"500296692713783298","place":null}