{"contributors": null, "truncated": false, "text": "@HaroldItz and we all learned a lesson about not jumping to conclusions when the cops kill sum1 saying \"don't shoot I don't have a gun!\"", "in_reply_to_status_id": 500296692713783298, "id": 500298477516361728, "favorite_count": 0, "source": "<a href=\"http://twitter.com/download/iphone\" rel=\"nofollow\">Twitter for iPhone</a>", "retweeted": false, "coordinates": null, "entities": {"symbols": [], "user_mentions": [{"id": 293227742, "indices": [0, 10], "id_str": "293227742", "screen_name": "HaroldItz", "name": "Harold Itzkowitz"}], "hashtags": [], "urls": []}, "in_reply_to_screen_name": "HaroldItz", "id_str": "500298477516361728", "retweet_count": 0, "in_reply_to_user_id": 293227742, "favorited": false, "user": {"follow_request_sent": false, "profile_use_background_image": true, "default_profile_image": false, "id": 367818063, "profile_background_image_url_https": "https://abs.twimg.com/images/themes/theme1/bg.png", "verified": false, "profile_text_color": "333333", "profile_image_url_https": "https://pbs.twimg.com/profile_images/451191199563399169/oR3-ICN0_normal.png", "profile_sidebar_fill_color": "DDEEF6", "entities": {"description": {"urls": []}}, "followers_count": 49, "profile_sidebar_border_color": "C0DEED", "id_str": "367818063", "profile_background_color": "C0DEED", "listed_count": 0, "is_translation_enabled": false, "utc_offset": null, "statuses_count": 1608, "description": "", "friends_count": 215, "location": "albany, ny", "profile_link_color": "0084B4", "profile_image_url": "http://pbs.twimg.com/profile_images/451191199563399169/oR3-ICN0_normal.png", "following": false, "geo_enabled": true, "profile_background_image_url": "http://abs.twimg.com/images/themes/theme1/bg.png", "screen_name": "kenjmack", "lang": "en", "profile_background_tile": false, "favourites_count": 1041, "name": "Ken McCauley", "notifications": false, "url": null, "created_at": "Sun Sep 04 16:30:07 +0000 2011", "contributors_enabled": false, "time_zone": null, "protected": false, "default_profile": true, "is_translator": false}, "geo": null, "in_reply_to_user_id_str": "293227742", "lang": "en", "created_at": "Fri Aug 15 15:10:26 +0000 2014", "in_reply_to_status_id_str": "500296692713783298", "place": null}
