{"contributors": null, "truncated": false, "text": "\u201c@HaroldItz: So in #Ferguson, robbing a convenience carries the death penalty. Got it.\u201d Heighten Marshall Law?", "in_reply_to_status_id": 500296692713783298, "id": 500315434831609857, "favorite_count": 0, "source": "<a href=\"http://twitter.com/#!/download/ipad\" rel=\"nofollow\">Twitter for iPad</a>", "retweeted": false, "coordinates": null, "entities": {"symbols": [], "user_mentions": [{"id": 293227742, "indices": [1, 11], "id_str": "293227742", "screen_name": "HaroldItz", "name": "Harold Itzkowitz"}], "hashtags": [{"indices": [19, 28], "text": "Ferguson"}], "urls": []}, "in_reply_to_screen_name": "HaroldItz", "id_str": "500315434831609857", "retweet_count": 0, "in_reply_to_user_id": 293227742, "favorited": false, "user": {"follow_request_sent": false, "profile_use_background_image": true, "default_profile_image": false, "id": 21657193, "profile_background_image_url_https": "https://pbs.twimg.com/profile_background_images/325816921/anchorsGd.jpg", "verified": false, "profile_text_color": "333333", "profile_image_url_https": "https://pbs.twimg.com/profile_images/421688325255467009/r-1IQ48T_normal.jpeg", "profile_sidebar_fill_color": "DDFFCC", "entities": {"url": {"urls": [{"url": "http://t.co/V6eZ69t50t", "indices": [0, 22], "expanded_url": "http://urbansufi.tumblr.com", "display_url": "urbansufi.tumblr.com"}]}, "description": {"urls": []}}, "followers_count": 429, "profile_sidebar_border_color": "FFFFFF", "id_str": "21657193", "profile_background_color": "9AE4E8", "listed_count": 13, "is_translation_enabled": false, "utc_offset": -18000, "statuses_count": 9492, "description": "designer*writer*troublemaker*founders team @bestowr @usePulse #crypto #aysps #bitcoinme", "friends_count": 268, "location": "United States", "profile_link_color": "0084B4", "profile_image_url": "http://pbs.twimg.com/profile_images/421688325255467009/r-1IQ48T_normal.jpeg", "following": false, "geo_enabled": false, "profile_banner_url": "https://pbs.twimg.com/profile_banners/21657193/1398264955", "profile_background_image_url": "http://pbs.twimg.com/profile_background_images/325816921/anchorsGd.jpg", "screen_name": "youngrumi", "lang": "en", "profile_background_tile": true, "favourites_count": 730, "name": "\u0645\u062d\u0645\u062f", "notifications": false, "url": "http://t.co/V6eZ69t50t", "created_at": "Mon Feb 23 14:46:57 +0000 2009", "contributors_enabled": false, "time_zone": "Central Time (US & Canada)", "protected": false, "default_profile": false, "is_translator": false}, "geo": null, "in_reply_to_user_id_str": "293227742", "lang": "en", "created_at": "Fri Aug 15 16:17:49 +0000 2014", "in_reply_to_status_id_str": "500296692713783298", "place": null}
