{"contributors":null,"truncated":false,"text":"@HaroldItz simply being suspected of robbery carries a death penalty","in_reply_to_status_id":500296692713783298,"id":500301712947572739,"favorite_count":1,"source":"<a href=\"http:\/\/twitter.com\/download\/android\" rel=\"nofollow\">Twitter for Android<\/a>","retweeted":false,"coordinates":null,"entities":{"symbols":[],"user_mentions":[{"id":293227742,"indices":[0,10],"id_str":"293227742","screen_name":"HaroldItz","name":"Harold Itzkowitz"}],"hashtags":[],"urls":[]},"in_reply_to_screen_name":"HaroldItz","id_str":"500301712947572739","retweet_count":1,"in_reply_to_user_id":293227742,"favorited":false,"user":{"follow_request_sent":false,"profile_use_background_image":true,"default_profile_image":false,"id":860332842,"profile_background_image_url_https":"https:\/\/abs.twimg.com\/images\/themes\/theme1\/bg.png","verified":false,"profile_text_color":"333333","profile_image_url_https":"https:\/\/pbs.twimg.com\/profile_images\/590740170246385665\/CFYG876M_normal.jpg","profile_sidebar_fill_color":"DDEEF6","entities":{"description":{"urls":[{"url":"http:\/\/t.co\/rhqhjLtkAA","indices":[50,72],"expanded_url":"http:\/\/favstar.fm\/users\/vasego1","display_url":"favstar.fm\/users\/vasego1"}]}},"followers_count":3872,"profile_sidebar_border_color":"C0DEED","id_str":"860332842","profile_background_color":"C0DEED","listed_count":9,"is_translation_enabled":false,"utc_offset":-18000,"statuses_count":5865,"description":"remaining optimistically cynical\n\n#HashTagWarrior\nhttp:\/\/t.co\/rhqhjLtkAA","friends_count":715,"location":"Illinois","profile_link_color":"0084B4","profile_image_url":"http:\/\/pbs.twimg.com\/profile_images\/590740170246385665\/CFYG876M_normal.jpg","following":false,"geo_enabled":true,"profile_background_image_url":"http:\/\/abs.twimg.com\/images\/themes\/theme1\/bg.png","screen_name":"vasego1","lang":"en","profile_background_tile":false,"favourites_count":1842,"name":"Jonathan Palmer","notifications":false,"url":null,"created_at":"Wed Oct 03 21:03:27 +0000 2012","contributors_enabled":false,"time_zone":"Central Time (US & Canada)","protected":false,"default_profile":true,"is_translator":false},"geo":null,"in_reply_to_user_id_str":"293227742","lang":"en","created_at":"Fri Aug 15 15:23:18 +0000 2014","in_reply_to_status_id_str":"500296692713783298","place":null}