{"contributors": null, "truncated": false, "text": "@HaroldItz @AsaretheAfrikan Don't 4get in Missouri, u can also rape a girl, leave her in  freezing cold and have no consequence. #Maryville", "in_reply_to_status_id": 500296692713783298, "id": 500350994832584704, "favorite_count": 1, "source": "<a href=\"http://twitter.com\" rel=\"nofollow\">Twitter Web Client</a>", "retweeted": false, "coordinates": null, "entities": {"symbols": [], "user_mentions": [{"id": 293227742, "indices": [0, 10], "id_str": "293227742", "screen_name": "HaroldItz", "name": "Harold Itzkowitz"}, {"id": 1267123196, "indices": [11, 27], "id_str": "1267123196", "screen_name": "AsaretheAfrikan", "name": "Asar\u00e9"}], "hashtags": [{"indices": [129, 139], "text": "Maryville"}], "urls": []}, "in_reply_to_screen_name": "HaroldItz", "id_str": "500350994832584704", "retweet_count": 3, "in_reply_to_user_id": 293227742, "favorited": false, "user": {"follow_request_sent": false, "profile_use_background_image": true, "default_profile_image": false, "id": 30029386, "profile_background_image_url_https": "https://pbs.twimg.com/profile_background_images/17264839/cody_n_rusty.JPG", "verified": false, "profile_text_color": "3D1957", "profile_image_url_https": "https://pbs.twimg.com/profile_images/482174911561990144/zB8-43ZR_normal.jpeg", "profile_sidebar_fill_color": "7AC3EE", "entities": {"description": {"urls": [{"url": "http://t.co/R2ihaIZeZy", "indices": [0, 22], "expanded_url": "http://Buildingwhat.org", "display_url": "Buildingwhat.org"}]}}, "followers_count": 187, "profile_sidebar_border_color": "65B0DA", "id_str": "30029386", "profile_background_color": "642D8B", "listed_count": 5, "is_translation_enabled": false, "utc_offset": -14400, "statuses_count": 2608, "description": "http://t.co/R2ihaIZeZy. Tennis fanatic. I'm Atheist. I'm a Socialist. I feed feral cats. I LOVE my Son. Mastromarino died of bone cancer..loving that irony", "friends_count": 140, "location": "Here....", "profile_link_color": "FF0000", "profile_image_url": "http://pbs.twimg.com/profile_images/482174911561990144/zB8-43ZR_normal.jpeg", "following": false, "geo_enabled": false, "profile_banner_url": "https://pbs.twimg.com/profile_banners/30029386/1367386621", "profile_background_image_url": "http://pbs.twimg.com/profile_background_images/17264839/cody_n_rusty.JPG", "screen_name": "Bobi1964", "lang": "en", "profile_background_tile": true, "favourites_count": 371, "name": "Bobi Gardner", "notifications": false, "url": null, "created_at": "Thu Apr 09 17:48:49 +0000 2009", "contributors_enabled": false, "time_zone": "Eastern Time (US & Canada)", "protected": false, "default_profile": false, "is_translator": false}, "geo": null, "in_reply_to_user_id_str": "293227742", "lang": "en", "created_at": "Fri Aug 15 18:39:07 +0000 2014", "in_reply_to_status_id_str": "500296692713783298", "place": null}
