{"contributors": null, "truncated": false, "text": "In *America* RT @HaroldItz: So in #Ferguson, robbing a convenience carries the death penalty. Got it.", "in_reply_to_status_id": 500296692713783298, "id": 500322178618126336, "favorite_count": 1, "source": "<a href=\"http://twitter.com/download/iphone\" rel=\"nofollow\">Twitter for iPhone</a>", "retweeted": false, "coordinates": null, "entities": {"symbols": [], "user_mentions": [{"id": 293227742, "indices": [16, 26], "id_str": "293227742", "screen_name": "HaroldItz", "name": "Harold Itzkowitz"}], "hashtags": [{"indices": [34, 43], "text": "Ferguson"}], "urls": []}, "in_reply_to_screen_name": "HaroldItz", "id_str": "500322178618126336", "retweet_count": 1, "in_reply_to_user_id": 293227742, "favorited": false, "user": {"follow_request_sent": false, "profile_use_background_image": true, "default_profile_image": false, "id": 56015612, "profile_background_image_url_https": "https://pbs.twimg.com/profile_background_images/444676780356411392/YF74B-np.jpeg", "verified": false, "profile_text_color": "188AC7", "profile_image_url_https": "https://pbs.twimg.com/profile_images/500584906389725184/Pk20Sfsl_normal.jpeg", "profile_sidebar_fill_color": "021C42", "entities": {"description": {"urls": []}}, "followers_count": 497, "profile_sidebar_border_color": "FFFFFF", "id_str": "56015612", "profile_background_color": "050505", "listed_count": 8, "is_translation_enabled": false, "utc_offset": -14400, "statuses_count": 10104, "description": "Two strikes: black and a woman. Introvert. Nerd. Black feminist. Probably don't like you. Currently pledging Broke Phi Broke.", "friends_count": 313, "location": "In my feelings", "profile_link_color": "F0BB1A", "profile_image_url": "http://pbs.twimg.com/profile_images/500584906389725184/Pk20Sfsl_normal.jpeg", "following": false, "geo_enabled": false, "profile_banner_url": "https://pbs.twimg.com/profile_banners/56015612/1408145408", "profile_background_image_url": "http://pbs.twimg.com/profile_background_images/444676780356411392/YF74B-np.jpeg", "screen_name": "meliebedelie", "lang": "en", "profile_background_tile": true, "favourites_count": 3303, "name": "emelia", "notifications": false, "url": null, "created_at": "Sun Jul 12 04:18:04 +0000 2009", "contributors_enabled": false, "time_zone": "Eastern Time (US & Canada)", "protected": false, "default_profile": false, "is_translator": false}, "geo": null, "in_reply_to_user_id_str": "293227742", "lang": "en", "created_at": "Fri Aug 15 16:44:37 +0000 2014", "in_reply_to_status_id_str": "500296692713783298", "place": null}
