{"contributors": null, "truncated": false, "text": "@KikkiPlanet @HaroldItz I still can't believe that they're claiming that he pushed the cop back in the car. #MikeBrown", "in_reply_to_status_id": 500335710088728576, "id": 500339111388262400, "favorite_count": 0, "source": "<a href=\"http://www.twitter.com\" rel=\"nofollow\">Twitter for Windows Phone</a>", "retweeted": false, "coordinates": null, "entities": {"symbols": [], "user_mentions": [{"id": 121853848, "indices": [0, 12], "id_str": "121853848", "screen_name": "KikkiPlanet", "name": "Kathleen Smith"}, {"id": 293227742, "indices": [13, 23], "id_str": "293227742", "screen_name": "HaroldItz", "name": "Harold Itzkowitz"}], "hashtags": [{"indices": [108, 118], "text": "MikeBrown"}], "urls": []}, "in_reply_to_screen_name": "KikkiPlanet", "id_str": "500339111388262400", "retweet_count": 0, "in_reply_to_user_id": 121853848, "favorited": false, "user": {"follow_request_sent": false, "profile_use_background_image": true, "default_profile_image": false, "id": 2222248950, "profile_background_image_url_https": "https://abs.twimg.com/images/themes/theme1/bg.png", "verified": false, "profile_text_color": "333333", "profile_image_url_https": "https://pbs.twimg.com/profile_images/378800000808431716/28f7f9c82da8dab5ad5acd554c6fc87d_normal.jpeg", "profile_sidebar_fill_color": "DDEEF6", "entities": {"description": {"urls": []}}, "followers_count": 782, "profile_sidebar_border_color": "C0DEED", "id_str": "2222248950", "profile_background_color": "C0DEED", "listed_count": 7, "is_translation_enabled": false, "utc_offset": -14400, "statuses_count": 8221, "description": "Seeking truth", "friends_count": 1064, "location": "Tennessee ", "profile_link_color": "0084B4", "profile_image_url": "http://pbs.twimg.com/profile_images/378800000808431716/28f7f9c82da8dab5ad5acd554c6fc87d_normal.jpeg", "following": false, "geo_enabled": false, "profile_background_image_url": "http://abs.twimg.com/images/themes/theme1/bg.png", "screen_name": "SuzyBlueLady", "lang": "en", "profile_background_tile": false, "favourites_count": 17291, "name": "SuzyBlueLady", "notifications": false, "url": null, "created_at": "Sat Nov 30 01:06:15 +0000 2013", "contributors_enabled": false, "time_zone": "Eastern Time (US & Canada)", "protected": false, "default_profile": true, "is_translator": false}, "geo": null, "in_reply_to_user_id_str": "121853848", "lang": "en", "created_at": "Fri Aug 15 17:51:54 +0000 2014", "in_reply_to_status_id_str": "500335710088728576", "place": null}
