{"contributors": null, "truncated": false, "text": "@HaroldItz With a nonsensical ID to boot. The only thing that made him a suspect was his race.", "in_reply_to_status_id": 500296692713783298, "id": 500305399711809536, "favorite_count": 0, "source": "<a href=\"http://twitter.com\" rel=\"nofollow\">Twitter Web Client</a>", "retweeted": false, "coordinates": null, "entities": {"symbols": [], "user_mentions": [{"id": 293227742, "indices": [0, 10], "id_str": "293227742", "screen_name": "HaroldItz", "name": "Harold Itzkowitz"}], "hashtags": [], "urls": []}, "in_reply_to_screen_name": "HaroldItz", "id_str": "500305399711809536", "retweet_count": 0, "in_reply_to_user_id": 293227742, "favorited": false, "user": {"follow_request_sent": false, "profile_use_background_image": true, "default_profile_image": false, "id": 140040894, "profile_background_image_url_https": "https://abs.twimg.com/images/themes/theme1/bg.png", "verified": false, "profile_text_color": "333333", "profile_image_url_https": "https://pbs.twimg.com/profile_images/3447404609/10e7c3f99467103c6e27f7b00ae6fd12_normal.png", "profile_sidebar_fill_color": "DDEEF6", "entities": {"description": {"urls": []}}, "followers_count": 494, "profile_sidebar_border_color": "C0DEED", "id_str": "140040894", "profile_background_color": "C0DEED", "listed_count": 9, "is_translation_enabled": false, "utc_offset": null, "statuses_count": 6202, "description": "I'm old enough to be your mother. Be nice. And brush your teeth.", "friends_count": 694, "location": "Comfy chair, Philadelphia", "profile_link_color": "0084B4", "profile_image_url": "http://pbs.twimg.com/profile_images/3447404609/10e7c3f99467103c6e27f7b00ae6fd12_normal.png", "following": false, "geo_enabled": false, "profile_banner_url": "https://pbs.twimg.com/profile_banners/140040894/1410292264", "profile_background_image_url": "http://abs.twimg.com/images/themes/theme1/bg.png", "screen_name": "stardus614", "lang": "en", "profile_background_tile": false, "favourites_count": 4667, "name": "stardus614", "notifications": false, "url": null, "created_at": "Tue May 04 11:49:05 +0000 2010", "contributors_enabled": false, "time_zone": null, "protected": false, "default_profile": true, "is_translator": false}, "geo": null, "in_reply_to_user_id_str": "293227742", "lang": "en", "created_at": "Fri Aug 15 15:37:57 +0000 2014", "in_reply_to_status_id_str": "500296692713783298", "place": null}
