{"contributors":null,"truncated":false,"text":"@HaroldItz @BTSFblog but not if you are white &amp; commit robbery in Hollywood #blingring #mikebrown http:\/\/t.co\/Yi1ohQtyH5 #ferguson","in_reply_to_status_id":500296692713783298,"id":500315723307048961,"favorite_count":0,"source":"<a href=\"http:\/\/twitter.com\/download\/iphone\" rel=\"nofollow\">Twitter for iPhone<\/a>","retweeted":false,"coordinates":null,"entities":{"symbols":[],"user_mentions":[{"id":293227742,"indices":[0,10],"id_str":"293227742","screen_name":"HaroldItz","name":"Harold Itzkowitz"},{"id":308148775,"indices":[11,20],"id_str":"308148775","screen_name":"BTSFblog","name":"ByTheirStrangeFruit"}],"hashtags":[{"indices":[80,90],"text":"blingring"},{"indices":[91,101],"text":"mikebrown"},{"indices":[125,134],"text":"ferguson"}],"urls":[{"url":"http:\/\/t.co\/Yi1ohQtyH5","indices":[102,124],"expanded_url":"http:\/\/en.m.wikipedia.org\/wiki\/Bling_Ring","display_url":"en.m.wikipedia.org\/wiki\/Bling_Ring"}]},"in_reply_to_screen_name":"HaroldItz","id_str":"500315723307048961","retweet_count":0,"in_reply_to_user_id":293227742,"favorited":false,"user":{"follow_request_sent":false,"profile_use_background_image":true,"default_profile_image":false,"id":46420238,"profile_background_image_url_https":"https:\/\/pbs.twimg.com\/profile_background_images\/391704198\/hs-2006-14-a-large_web.jpg","verified":false,"profile_text_color":"333333","profile_image_url_https":"https:\/\/pbs.twimg.com\/profile_images\/573374682117763072\/kTjNVAT5_normal.jpeg","profile_sidebar_fill_color":"DDEEF6","entities":{"description":{"urls":[]}},"followers_count":149,"profile_sidebar_border_color":"C0DEED","id_str":"46420238","profile_background_color":"C0DEED","listed_count":3,"is_translation_enabled":false,"utc_offset":-14400,"statuses_count":1809,"description":"Tuskegee Grad, Scientist, Husband, Father,  As good as any, and better than most","friends_count":533,"location":"Silicon Valley","profile_link_color":"0084B4","profile_image_url":"http:\/\/pbs.twimg.com\/profile_images\/573374682117763072\/kTjNVAT5_normal.jpeg","following":false,"geo_enabled":true,"profile_banner_url":"https:\/\/pbs.twimg.com\/profile_banners\/46420238\/1409071579","profile_background_image_url":"http:\/\/pbs.twimg.com\/profile_background_images\/391704198\/hs-2006-14-a-large_web.jpg","screen_name":"Doc_Milla","lang":"en","profile_background_tile":true,"favourites_count":143,"name":"VincentAntonFreeman","notifications":false,"url":null,"created_at":"Thu Jun 11 16:08:47 +0000 2009","contributors_enabled":false,"time_zone":"Eastern Time (US & Canada)","protected":false,"default_profile":false,"is_translator":false},"geo":null,"in_reply_to_user_id_str":"293227742","possibly_sensitive":false,"lang":"en","created_at":"Fri Aug 15 16:18:58 +0000 2014","in_reply_to_status_id_str":"500296692713783298","place":null}