{"contributors":null,"truncated":false,"text":"@HaroldItz Given the cop hadn't even spoken to the clerk or seen video, it would seem being suspected of theft is a death sentence.","in_reply_to_status_id":500296692713783298,"id":500306679154884609,"favorite_count":3,"source":"<a href=\"http:\/\/twitter.com\/download\/android\" rel=\"nofollow\">Twitter for Android<\/a>","retweeted":false,"coordinates":null,"entities":{"symbols":[],"user_mentions":[{"id":293227742,"indices":[0,10],"id_str":"293227742","screen_name":"HaroldItz","name":"Harold Itzkowitz"}],"hashtags":[],"urls":[]},"in_reply_to_screen_name":"HaroldItz","id_str":"500306679154884609","retweet_count":9,"in_reply_to_user_id":293227742,"favorited":false,"user":{"follow_request_sent":false,"profile_use_background_image":true,"default_profile_image":false,"id":121853848,"profile_background_image_url_https":"https:\/\/pbs.twimg.com\/profile_background_images\/429423927\/kflip.jpg","verified":false,"profile_text_color":"000000","profile_image_url_https":"https:\/\/pbs.twimg.com\/profile_images\/551930510759317504\/cC3QK_Y4_normal.jpeg","profile_sidebar_fill_color":"B8B8B8","entities":{"url":{"urls":[{"url":"http:\/\/t.co\/IPThggQI83","indices":[0,22],"expanded_url":"http:\/\/www.nordicfilmworks.com\/tothepoint.net\/index.php\/news\/latest","display_url":"nordicfilmworks.com\/tothepoint.net\u2026"}]},"description":{"urls":[]}},"followers_count":13050,"profile_sidebar_border_color":"E00D7E","id_str":"121853848","profile_background_color":"000000","listed_count":396,"is_translation_enabled":false,"utc_offset":-25200,"statuses_count":127581,"description":"@ToThePointTV Panelist HuffPo Contributor. Political Ginga Ninja. Cheese Snob. Likes fancy mustards. Turning your orbit around, one sassy tweet at a time. #yeg","friends_count":7791,"location":"Online 24\/7. Not even kidding.","profile_link_color":"E00D7E","profile_image_url":"http:\/\/pbs.twimg.com\/profile_images\/551930510759317504\/cC3QK_Y4_normal.jpeg","following":false,"geo_enabled":false,"profile_banner_url":"https:\/\/pbs.twimg.com\/profile_banners\/121853848\/1410202080","profile_background_image_url":"http:\/\/pbs.twimg.com\/profile_background_images\/429423927\/kflip.jpg","screen_name":"KikkiPlanet","lang":"en","profile_background_tile":false,"favourites_count":27030,"name":"Kathleen Smith","notifications":false,"url":"http:\/\/t.co\/IPThggQI83","created_at":"Wed Mar 10 20:25:00 +0000 2010","contributors_enabled":false,"time_zone":"Pacific Time (US & Canada)","protected":false,"default_profile":false,"is_translator":false},"geo":null,"in_reply_to_user_id_str":"293227742","lang":"en","created_at":"Fri Aug 15 15:43:02 +0000 2014","in_reply_to_status_id_str":"500296692713783298","place":null}