{"contributors": null, "truncated": false, "text": "@HaroldItz @DarlaBunting My sister works at macys. She says white folks stealing all day long. They live", "in_reply_to_status_id": 500296692713783298, "id": 500321982471471105, "favorite_count": 0, "source": "<a href=\"http://twitter.com/download/iphone\" rel=\"nofollow\">Twitter for iPhone</a>", "retweeted": false, "coordinates": null, "entities": {"symbols": [], "user_mentions": [{"id": 293227742, "indices": [0, 10], "id_str": "293227742", "screen_name": "HaroldItz", "name": "Harold Itzkowitz"}, {"id": 18472683, "indices": [11, 24], "id_str": "18472683", "screen_name": "DarlaBunting", "name": "Darla Bunting"}], "hashtags": [], "urls": []}, "in_reply_to_screen_name": "HaroldItz", "id_str": "500321982471471105", "retweet_count": 0, "in_reply_to_user_id": 293227742, "favorited": false, "user": {"follow_request_sent": false, "profile_use_background_image": true, "default_profile_image": false, "id": 82682487, "profile_background_image_url_https": "https://abs.twimg.com/images/themes/theme1/bg.png", "verified": false, "profile_text_color": "333333", "profile_image_url_https": "https://pbs.twimg.com/profile_images/2457291110/ppopxdzjkrihue6jgnsy_normal.gif", "profile_sidebar_fill_color": "DDEEF6", "entities": {"description": {"urls": []}}, "followers_count": 333, "profile_sidebar_border_color": "C0DEED", "id_str": "82682487", "profile_background_color": "C0DEED", "listed_count": 14, "is_translation_enabled": false, "utc_offset": -14400, "statuses_count": 9283, "description": "e-Bonics y'all", "friends_count": 552, "location": "", "profile_link_color": "0084B4", "profile_image_url": "http://pbs.twimg.com/profile_images/2457291110/ppopxdzjkrihue6jgnsy_normal.gif", "following": false, "geo_enabled": false, "profile_background_image_url": "http://abs.twimg.com/images/themes/theme1/bg.png", "screen_name": "ibeetb", "lang": "en", "profile_background_tile": false, "favourites_count": 4480, "name": "ibeetb", "notifications": false, "url": null, "created_at": "Thu Oct 15 18:40:51 +0000 2009", "contributors_enabled": false, "time_zone": "Eastern Time (US & Canada)", "protected": false, "default_profile": true, "is_translator": false}, "geo": null, "in_reply_to_user_id_str": "293227742", "lang": "en", "created_at": "Fri Aug 15 16:43:50 +0000 2014", "in_reply_to_status_id_str": "500296692713783298", "place": null}
