{"contributors":null,"truncated":false,"text":"@HaroldItz why you were there Harry? Doubt it. Doubt you have ever taken a walk when the sun goes down in any \"ferguson\"Monday morning Qb","in_reply_to_status_id":500296692713783298,"id":500316846231650304,"favorite_count":0,"source":"<a href=\"http:\/\/twitter.com\/#!\/download\/ipad\" rel=\"nofollow\">Twitter for iPad<\/a>","retweeted":false,"coordinates":null,"entities":{"symbols":[],"user_mentions":[{"id":293227742,"indices":[0,10],"id_str":"293227742","screen_name":"HaroldItz","name":"Harold Itzkowitz"}],"hashtags":[],"urls":[]},"in_reply_to_screen_name":"HaroldItz","id_str":"500316846231650304","retweet_count":0,"in_reply_to_user_id":293227742,"favorited":false,"user":{"follow_request_sent":false,"profile_use_background_image":true,"default_profile_image":false,"id":942364484,"profile_background_image_url_https":"https:\/\/abs.twimg.com\/images\/themes\/theme16\/bg.gif","verified":false,"profile_text_color":"333333","profile_image_url_https":"https:\/\/pbs.twimg.com\/profile_images\/558280302477705216\/OYE2A-wS_normal.jpeg","profile_sidebar_fill_color":"DDFFCC","entities":{"description":{"urls":[]}},"followers_count":252,"profile_sidebar_border_color":"BDDCAD","id_str":"942364484","profile_background_color":"9AE4E8","listed_count":1,"is_translation_enabled":false,"utc_offset":-14400,"statuses_count":394,"description":"Conservative, Tea Party, Fidelis ad Mortem. I would rather you just say thank you, and be on your way","friends_count":818,"location":"NYC, THE END","profile_link_color":"0084B4","profile_image_url":"http:\/\/pbs.twimg.com\/profile_images\/558280302477705216\/OYE2A-wS_normal.jpeg","following":false,"geo_enabled":false,"profile_banner_url":"https:\/\/pbs.twimg.com\/profile_banners\/942364484\/1398883831","profile_background_image_url":"http:\/\/abs.twimg.com\/images\/themes\/theme16\/bg.gif","screen_name":"paulrevere313","lang":"en","profile_background_tile":false,"favourites_count":119,"name":"colonelpiggy","notifications":false,"url":null,"created_at":"Sun Nov 11 22:25:37 +0000 2012","contributors_enabled":false,"time_zone":"Eastern Time (US & Canada)","protected":false,"default_profile":false,"is_translator":false},"geo":null,"in_reply_to_user_id_str":"293227742","lang":"en","created_at":"Fri Aug 15 16:23:26 +0000 2014","in_reply_to_status_id_str":"500296692713783298","place":null}