{"contributors": null, "truncated": false, "text": "@stardus614 seems so", "in_reply_to_status_id": 500305399711809536, "id": 500307358447579136, "favorite_count": 0, "source": "<a href=\"https://about.twitter.com/products/tweetdeck\" rel=\"nofollow\">TweetDeck</a>", "retweeted": false, "coordinates": null, "entities": {"symbols": [], "user_mentions": [{"id": 140040894, "indices": [0, 11], "id_str": "140040894", "screen_name": "stardus614", "name": "stardus614"}], "hashtags": [], "urls": []}, "in_reply_to_screen_name": "stardus614", "id_str": "500307358447579136", "retweet_count": 0, "in_reply_to_user_id": 140040894, "favorited": false, "user": {"follow_request_sent": false, "profile_use_background_image": true, "default_profile_image": false, "id": 293227742, "profile_background_image_url_https": "https://pbs.twimg.com/profile_background_images/253465414/WellesCigar.jpg", "verified": false, "profile_text_color": "333333", "profile_image_url_https": "https://pbs.twimg.com/profile_images/1342466578/fairchild_with_james_normal.jpg", "profile_sidebar_fill_color": "DDEEF6", "entities": {"description": {"urls": []}}, "followers_count": 6598, "profile_sidebar_border_color": "C0DEED", "id_str": "293227742", "profile_background_color": "C0DEED", "listed_count": 262, "is_translation_enabled": false, "utc_offset": null, "statuses_count": 122815, "description": "VP of advertising at progressive political newsletter, writer, film critic, fan of classic film & tv, theater, books. Opinions are correct. Fun with a purpose.", "friends_count": 5651, "location": "nyc", "profile_link_color": "0084B4", "profile_image_url": "http://pbs.twimg.com/profile_images/1342466578/fairchild_with_james_normal.jpg", "following": false, "geo_enabled": false, "profile_banner_url": "https://pbs.twimg.com/profile_banners/293227742/1404062235", "profile_background_image_url": "http://pbs.twimg.com/profile_background_images/253465414/WellesCigar.jpg", "screen_name": "HaroldItz", "lang": "en", "profile_background_tile": true, "favourites_count": 173, "name": "Harold Itzkowitz", "notifications": false, "url": null, "created_at": "Thu May 05 00:08:33 +0000 2011", "contributors_enabled": false, "time_zone": null, "protected": false, "default_profile": false, "is_translator": false}, "geo": null, "in_reply_to_user_id_str": "140040894", "lang": "en", "created_at": "Fri Aug 15 15:45:44 +0000 2014", "in_reply_to_status_id_str": "500305399711809536", "place": null}
