{"contributors":null,"truncated":false,"text":"Germanwings co-pilot battled depression in '09, friends say. http:\/\/t.co\/srhDPf4Zn5 http:\/\/t.co\/I3Zd1RyNud","in_reply_to_status_id":null,"id":581153923987206146,"favorite_count":62,"source":"<a href=\"https:\/\/about.twitter.com\/products\/tweetdeck\" rel=\"nofollow\">TweetDeck<\/a>","retweeted":false,"coordinates":null,"entities":{"symbols":[],"media":[{"expanded_url":"http:\/\/twitter.com\/FoxNews\/status\/581153923987206146\/photo\/1","display_url":"pic.twitter.com\/I3Zd1RyNud","url":"http:\/\/t.co\/I3Zd1RyNud","media_url_https":"https:\/\/pbs.twimg.com\/media\/CBCm5k-UgAAowy9.jpg","id_str":"581147860038615040","sizes":{"large":{"h":250,"resize":"fit","w":660},"small":{"h":128,"resize":"fit","w":340},"medium":{"h":227,"resize":"fit","w":600},"thumb":{"h":150,"resize":"crop","w":150}},"indices":[84,106],"type":"photo","id":581147860038615040,"media_url":"http:\/\/pbs.twimg.com\/media\/CBCm5k-UgAAowy9.jpg"}],"hashtags":[],"user_mentions":[],"trends":[],"urls":[{"url":"http:\/\/t.co\/srhDPf4Zn5","indices":[61,83],"expanded_url":"http:\/\/fxn.ws\/1bxX5sC","display_url":"fxn.ws\/1bxX5sC"}]},"in_reply_to_screen_name":null,"id_str":"581153923987206146","retweet_count":154,"in_reply_to_user_id":null,"favorited":false,"user":{"follow_request_sent":null,"profile_use_background_image":true,"default_profile_image":false,"id":1367531,"verified":true,"profile_image_url_https":"https:\/\/pbs.twimg.com\/profile_images\/1296339574\/foxnews-avatar_normal.png","profile_sidebar_fill_color":"F4F4F4","profile_text_color":"000000","followers_count":5013586,"profile_sidebar_border_color":"FFFFFF","id_str":"1367531","profile_background_color":"0E2331","listed_count":45807,"profile_background_image_url_https":"https:\/\/pbs.twimg.com\/profile_background_images\/414488415\/xyz123abc.jpg","utc_offset":-14400,"statuses_count":195821,"description":"America\u2019s Strongest Primetime Lineup Anywhere! Follow America's #1 cable news network, delivering you breaking news, insightful analysis, and must-see videos.","friends_count":384,"location":"U.S.A.","profile_link_color":"183A52","profile_image_url":"http:\/\/pbs.twimg.com\/profile_images\/1296339574\/foxnews-avatar_normal.png","following":null,"geo_enabled":false,"profile_banner_url":"https:\/\/pbs.twimg.com\/profile_banners\/1367531\/1421180469","profile_background_image_url":"http:\/\/pbs.twimg.com\/profile_background_images\/414488415\/xyz123abc.jpg","name":"Fox News","lang":"en","profile_background_tile":false,"favourites_count":9,"screen_name":"FoxNews","notifications":null,"url":"http:\/\/www.foxnews.com","created_at":"Sat Mar 17 19:01:26 +0000 2007","contributors_enabled":false,"time_zone":"Eastern Time (US & Canada)","protected":false,"default_profile":false,"is_translator":false},"geo":null,"in_reply_to_user_id_str":null,"possibly_sensitive":false,"lang":"en","created_at":"Thu Mar 26 18:01:07 +0000 2015","filter_level":"low","in_reply_to_status_id_str":null,"place":null,"extended_entities":{"media":[{"expanded_url":"http:\/\/twitter.com\/FoxNews\/status\/581153923987206146\/photo\/1","display_url":"pic.twitter.com\/I3Zd1RyNud","url":"http:\/\/t.co\/I3Zd1RyNud","media_url_https":"https:\/\/pbs.twimg.com\/media\/CBCm5k-UgAAowy9.jpg","id_str":"581147860038615040","sizes":{"large":{"h":250,"resize":"fit","w":660},"small":{"h":128,"resize":"fit","w":340},"medium":{"h":227,"resize":"fit","w":600},"thumb":{"h":150,"resize":"crop","w":150}},"indices":[84,106],"type":"photo","id":581147860038615040,"media_url":"http:\/\/pbs.twimg.com\/media\/CBCm5k-UgAAowy9.jpg"}]}}