{"contributors":null,"truncated":false,"text":"DARREN WILSON\nMURDERED AN UNARMED TEEN\nLEFT HIS BODY IN THE STREET FOR 4 HRS\n\nAnything else is irrelevant.\n#MikeBrown\n#Ferguson\n#CoverUp","in_reply_to_status_id":null,"id":500291056445845504,"favorite_count":44,"source":"<a href=\"http:\/\/twitter.com\/download\/android\" rel=\"nofollow\">Twitter for Android<\/a>","retweeted":false,"coordinates":null,"entities":{"symbols":[],"user_mentions":[],"hashtags":[{"indices":[107,117],"text":"MikeBrown"},{"indices":[118,127],"text":"Ferguson"},{"indices":[128,136],"text":"CoverUp"}],"urls":[]},"in_reply_to_screen_name":null,"id_str":"500291056445845504","retweet_count":110,"in_reply_to_user_id":null,"favorited":false,"user":{"follow_request_sent":false,"profile_use_background_image":true,"default_profile_image":false,"id":537612240,"profile_background_image_url_https":"https:\/\/pbs.twimg.com\/profile_background_images\/440550452925440000\/WG9wPmxY.jpeg","verified":false,"profile_text_color":"333333","profile_image_url_https":"https:\/\/pbs.twimg.com\/profile_images\/586244257318481920\/jrYoddmK_normal.jpg","profile_sidebar_fill_color":"DDEEF6","entities":{"url":{"urls":[{"url":"http:\/\/t.co\/C3Ks2HO2uH","indices":[0,22],"expanded_url":"http:\/\/www.tefpoe.com","display_url":"tefpoe.com"}]},"description":{"urls":[]}},"followers_count":2105,"profile_sidebar_border_color":"000000","id_str":"537612240","profile_background_color":"FFFFFF","listed_count":13,"is_translation_enabled":false,"utc_offset":-18000,"statuses_count":9321,"description":"Looking for Tef Poe? He's @TefPoe. We're the movement behind him... join us & become part of it as well. #Footklan","friends_count":629,"location":"STL","profile_link_color":"0084B4","profile_image_url":"http:\/\/pbs.twimg.com\/profile_images\/586244257318481920\/jrYoddmK_normal.jpg","following":false,"geo_enabled":false,"profile_banner_url":"https:\/\/pbs.twimg.com\/profile_banners\/537612240\/1393707179","profile_background_image_url":"http:\/\/pbs.twimg.com\/profile_background_images\/440550452925440000\/WG9wPmxY.jpeg","screen_name":"footklansoldier","lang":"en","profile_background_tile":true,"favourites_count":790,"name":"FOOTKLAN","notifications":false,"url":"http:\/\/t.co\/C3Ks2HO2uH","created_at":"Mon Mar 26 20:18:19 +0000 2012","contributors_enabled":false,"time_zone":"Central Time (US & Canada)","protected":false,"default_profile":false,"is_translator":false},"geo":null,"in_reply_to_user_id_str":null,"lang":"en","created_at":"Fri Aug 15 14:40:57 +0000 2014","in_reply_to_status_id_str":null,"place":null}