{"contributors":null,"truncated":false,"text":"Reports in French media of hostage situation as manhunt for #CharlieHebdo suspects centres on #DammartinEnGoele http:\/\/t.co\/PNhWZP39md","in_reply_to_status_id":null,"id":553476471470432256,"favorite_count":136,"source":"<a href=\"http:\/\/www.socialflow.com\" rel=\"nofollow\">SocialFlow<\/a>","retweeted":false,"coordinates":null,"entities":{"user_mentions":[],"symbols":[],"trends":[],"hashtags":[{"indices":[60,73],"text":"CharlieHebdo"},{"indices":[94,111],"text":"DammartinEnGoele"}],"urls":[{"url":"http:\/\/t.co\/PNhWZP39md","indices":[112,134],"expanded_url":"http:\/\/bbc.in\/1DFd14D","display_url":"bbc.in\/1DFd14D"}]},"in_reply_to_screen_name":null,"id_str":"553476471470432256","retweet_count":468,"in_reply_to_user_id":null,"favorited":false,"user":{"follow_request_sent":null,"profile_use_background_image":true,"default_profile_image":false,"id":5402612,"verified":true,"profile_image_url_https":"https:\/\/pbs.twimg.com\/profile_images\/460740982498013184\/wIPwMwru_normal.png","profile_sidebar_fill_color":"FFFFFF","profile_text_color":"5A5A5A","followers_count":12927351,"profile_sidebar_border_color":"FFFFFF","id_str":"5402612","profile_background_color":"FFFFFF","listed_count":102720,"profile_background_image_url_https":"https:\/\/pbs.twimg.com\/profile_background_images\/459283928017149952\/IMgcIyBE.jpeg","utc_offset":0,"statuses_count":22799,"description":"Breaking news alerts and updates from the BBC. For news, features, analysis follow @BBCWorld (international) or @BBCNews (UK). Latest sport news @BBCSport.","friends_count":3,"location":"London, UK","profile_link_color":"1F527B","profile_image_url":"http:\/\/pbs.twimg.com\/profile_images\/460740982498013184\/wIPwMwru_normal.png","following":null,"geo_enabled":false,"profile_banner_url":"https:\/\/pbs.twimg.com\/profile_banners\/5402612\/1398336837","profile_background_image_url":"http:\/\/pbs.twimg.com\/profile_background_images\/459283928017149952\/IMgcIyBE.jpeg","name":"BBC Breaking News","lang":"en","profile_background_tile":false,"favourites_count":0,"screen_name":"BBCBreaking","notifications":null,"url":"http:\/\/www.bbc.co.uk\/news","created_at":"Sun Apr 22 14:42:37 +0000 2007","contributors_enabled":false,"time_zone":"London","protected":false,"default_profile":false,"is_translator":false},"geo":null,"in_reply_to_user_id_str":null,"possibly_sensitive":false,"lang":"en","created_at":"Fri Jan 09 09:00:48 +0000 2015","filter_level":"low","in_reply_to_status_id_str":null,"place":null}