{"contributors":null,"truncated":false,"text":"#BREAKING: Soldier shot at war memorial near Canadian parliament: http:\/\/t.co\/vAAbHQcZif","in_reply_to_status_id":null,"id":524929893759737856,"favorite_count":40,"source":"<a href=\"https:\/\/about.twitter.com\/products\/tweetdeck\" rel=\"nofollow\">TweetDeck<\/a>","retweeted":false,"coordinates":null,"entities":{"symbols":[],"user_mentions":[],"hashtags":[{"indices":[0,9],"text":"BREAKING"}],"urls":[{"url":"http:\/\/t.co\/vAAbHQcZif","indices":[66,88],"expanded_url":"http:\/\/fxn.ws\/1ykwDbB","display_url":"fxn.ws\/1ykwDbB"}]},"in_reply_to_screen_name":null,"id_str":"524929893759737856","retweet_count":177,"in_reply_to_user_id":null,"favorited":false,"user":{"follow_request_sent":false,"profile_use_background_image":true,"default_profile_image":false,"id":1367531,"profile_background_image_url_https":"https:\/\/pbs.twimg.com\/profile_background_images\/414488415\/xyz123abc.jpg","verified":true,"profile_text_color":"000000","profile_image_url_https":"https:\/\/pbs.twimg.com\/profile_images\/1296339574\/foxnews-avatar_normal.png","profile_sidebar_fill_color":"F4F4F4","entities":{"url":{"urls":[{"url":"http:\/\/t.co\/ZYG58XZtAC","indices":[0,22],"expanded_url":"http:\/\/www.foxnews.com","display_url":"foxnews.com"}]},"description":{"urls":[]}},"followers_count":4427946,"profile_sidebar_border_color":"FFFFFF","id_str":"1367531","profile_background_color":"0E2331","listed_count":43780,"is_translation_enabled":true,"utc_offset":-14400,"statuses_count":184357,"description":"America\u2019s Strongest Primetime Lineup Anywhere! Follow America's #1 cable news network, delivering you breaking news, insightful analysis, and must-see videos.","friends_count":383,"location":"U.S.A.","profile_link_color":"183A52","profile_image_url":"http:\/\/pbs.twimg.com\/profile_images\/1296339574\/foxnews-avatar_normal.png","following":false,"geo_enabled":false,"profile_banner_url":"https:\/\/pbs.twimg.com\/profile_banners\/1367531\/1398278164","profile_background_image_url":"http:\/\/pbs.twimg.com\/profile_background_images\/414488415\/xyz123abc.jpg","screen_name":"FoxNews","lang":"en","profile_background_tile":false,"favourites_count":8,"name":"Fox News","notifications":false,"url":"http:\/\/t.co\/ZYG58XZtAC","created_at":"Sat Mar 17 19:01:26 +0000 2007","contributors_enabled":false,"time_zone":"Eastern Time (US & Canada)","protected":false,"default_profile":false,"is_translator":false},"geo":null,"in_reply_to_user_id_str":null,"possibly_sensitive":false,"lang":"en","created_at":"Wed Oct 22 14:26:54 +0000 2014","in_reply_to_status_id_str":null,"place":null}