{"contributors": null, "truncated": false, "text": "@CTVToronto We need to do something about this Canada!!", "in_reply_to_status_id": 524931019745812480, "id": 524934711656071168, "favorite_count": 0, "source": "<a href=\"http://twitter.com/#!/download/ipad\" rel=\"nofollow\">Twitter for iPad</a>", "retweeted": false, "coordinates": null, "entities": {"symbols": [], "user_mentions": [{"id": 17659340, "indices": [0, 11], "id_str": "17659340", "screen_name": "CTVToronto", "name": "CTV Toronto"}], "hashtags": [], "urls": []}, "in_reply_to_screen_name": "CTVToronto", "id_str": "524934711656071168", "retweet_count": 0, "in_reply_to_user_id": 17659340, "favorited": false, "user": {"follow_request_sent": false, "profile_use_background_image": true, "default_profile_image": false, "id": 728394116, "profile_background_image_url_https": "https://abs.twimg.com/images/themes/theme1/bg.png", "verified": false, "profile_text_color": "333333", "profile_image_url_https": "https://pbs.twimg.com/profile_images/438343643288846336/eT-UKhD2_normal.jpeg", "profile_sidebar_fill_color": "DDEEF6", "entities": {"description": {"urls": []}}, "followers_count": 57, "profile_sidebar_border_color": "C0DEED", "id_str": "728394116", "profile_background_color": "C0DEED", "listed_count": 0, "is_translation_enabled": false, "utc_offset": null, "statuses_count": 2859, "description": "Ordinary Canadian with many opinions to be disseminated. And huge DISNEY fan!!!", "friends_count": 107, "location": "", "profile_link_color": "0084B4", "profile_image_url": "http://pbs.twimg.com/profile_images/438343643288846336/eT-UKhD2_normal.jpeg", "following": false, "geo_enabled": false, "profile_banner_url": "https://pbs.twimg.com/profile_banners/728394116/1391011543", "profile_background_image_url": "http://abs.twimg.com/images/themes/theme1/bg.png", "screen_name": "cdnmickeyfan", "lang": "en", "profile_background_tile": false, "favourites_count": 501, "name": "cdnmickeyfan", "notifications": false, "url": null, "created_at": "Tue Jul 31 13:27:57 +0000 2012", "contributors_enabled": false, "time_zone": null, "protected": false, "default_profile": true, "is_translator": false}, "geo": null, "in_reply_to_user_id_str": "17659340", "lang": "en", "created_at": "Wed Oct 22 14:46:02 +0000 2014", "in_reply_to_status_id_str": "524931019745812480", "place": null}
