{"contributors":null,"truncated":false,"text":"@KerriBennettW @CTVToronto that is the word....evil... no other explanation for such an act! :(( Prayers...only God can comfort &amp; heal...","in_reply_to_status_id":525462653943037952,"id":525470479143170049,"favorite_count":0,"source":"<a href=\"http:\/\/twitter.com\" rel=\"nofollow\">Twitter Web Client<\/a>","retweeted":false,"coordinates":null,"entities":{"symbols":[],"user_mentions":[{"id":345595739,"indices":[0,14],"id_str":"345595739","screen_name":"KerriBennettW","name":"K Bennett Williamson"},{"id":17659340,"indices":[15,26],"id_str":"17659340","screen_name":"CTVToronto","name":"CTV Toronto"}],"hashtags":[],"urls":[]},"in_reply_to_screen_name":"KerriBennettW","id_str":"525470479143170049","retweet_count":0,"in_reply_to_user_id":345595739,"favorited":false,"user":{"follow_request_sent":false,"profile_use_background_image":true,"default_profile_image":false,"id":309809359,"profile_background_image_url_https":"https:\/\/pbs.twimg.com\/profile_background_images\/519995222973902850\/YhzkL8W6.jpeg","verified":false,"profile_text_color":"333333","profile_image_url_https":"https:\/\/pbs.twimg.com\/profile_images\/542865303529476098\/JWv_m3-X_normal.jpeg","profile_sidebar_fill_color":"FFFFFF","entities":{"description":{"urls":[]}},"followers_count":2332,"profile_sidebar_border_color":"FFFFFF","id_str":"309809359","profile_background_color":"B2DFDA","listed_count":29,"is_translation_enabled":false,"utc_offset":-14400,"statuses_count":22366,"description":"Hi\u263aI'm Elisa & I am a twitterholic. I love GOD\/my family\/music\/II Divo\/ photography\/ART\/writing\/to laugh\/to DREAM\/computers\/books\/Jane Austen\/historical homes \u263a","friends_count":1915,"location":"From Canada ","profile_link_color":"94D487","profile_image_url":"http:\/\/pbs.twimg.com\/profile_images\/542865303529476098\/JWv_m3-X_normal.jpeg","following":false,"geo_enabled":false,"profile_banner_url":"https:\/\/pbs.twimg.com\/profile_banners\/309809359\/1406247608","profile_background_image_url":"http:\/\/pbs.twimg.com\/profile_background_images\/519995222973902850\/YhzkL8W6.jpeg","screen_name":"Elisa_Lo_","lang":"en","profile_background_tile":false,"favourites_count":29062,"name":"\u2022\u00b7.\u00b7\u2022\u00eb\u00a3\u00ef\u00a7\u00e5\u2022\u00b7.\u00b7\u2022","notifications":false,"url":null,"created_at":"Thu Jun 02 18:14:09 +0000 2011","contributors_enabled":false,"time_zone":"Eastern Time (US & Canada)","protected":false,"default_profile":false,"is_translator":false},"geo":null,"in_reply_to_user_id_str":"345595739","lang":"en","created_at":"Fri Oct 24 02:14:59 +0000 2014","in_reply_to_status_id_str":"525462653943037952","place":null}