{"contributors": null, "truncated": false, "text": "@Elisa_Lo_ @CTVToronto Crazy evil. :( Prayers for comfort for all those harmed/hurt, body or soul.", "in_reply_to_status_id": 525229074265161730, "id": 525462653943037952, "favorite_count": 1, "source": "<a href=\"https://dev.twitter.com/docs/tfw\" rel=\"nofollow\">Twitter for Websites</a>", "retweeted": false, "coordinates": null, "entities": {"symbols": [], "user_mentions": [{"id": 309809359, "indices": [0, 10], "id_str": "309809359", "screen_name": "Elisa_Lo_", "name": "\u2022\u00b7.\u00b7\u2022\u00eb\u00a3\u00ef\u00a7\u00e5\u2022\u00b7.\u00b7\u2022"}, {"id": 17659340, "indices": [11, 22], "id_str": "17659340", "screen_name": "CTVToronto", "name": "CTV Toronto"}], "hashtags": [], "urls": []}, "in_reply_to_screen_name": "Elisa_Lo_", "id_str": "525462653943037952", "retweet_count": 0, "in_reply_to_user_id": 309809359, "favorited": false, "user": {"follow_request_sent": false, "profile_use_background_image": true, "default_profile_image": false, "id": 345595739, "profile_background_image_url_https": "https://abs.twimg.com/images/themes/theme1/bg.png", "verified": false, "profile_text_color": "333333", "profile_image_url_https": "https://pbs.twimg.com/profile_images/1469817483/Kerri_Author_Photo_normal.png", "profile_sidebar_fill_color": "DDEEF6", "entities": {"url": {"urls": [{"url": "http://t.co/V1ylbZ8RkR", "indices": [0, 22], "expanded_url": "http://kerribennettwilliamson.com", "display_url": "kerribennettwilliamson.com"}]}, "description": {"urls": []}}, "followers_count": 315, "profile_sidebar_border_color": "C0DEED", "id_str": "345595739", "profile_background_color": "C0DEED", "listed_count": 16, "is_translation_enabled": false, "utc_offset": null, "statuses_count": 3575, "description": "Artist. Author. Regency thru Victorian Romantic Western novels inspired by Jane Austen, the Brontes, Elizabeth Gaskell, Dickens, other classic authors & life.", "friends_count": 195, "location": "Rocky Mountains", "profile_link_color": "0084B4", "profile_image_url": "http://pbs.twimg.com/profile_images/1469817483/Kerri_Author_Photo_normal.png", "following": false, "geo_enabled": false, "profile_background_image_url": "http://abs.twimg.com/images/themes/theme1/bg.png", "screen_name": "KerriBennettW", "lang": "en", "profile_background_tile": false, "favourites_count": 19748, "name": "K Bennett Williamson", "notifications": false, "url": "http://t.co/V1ylbZ8RkR", "created_at": "Sat Jul 30 21:23:30 +0000 2011", "contributors_enabled": false, "time_zone": null, "protected": false, "default_profile": true, "is_translator": false}, "geo": null, "in_reply_to_user_id_str": "309809359", "lang": "en", "created_at": "Fri Oct 24 01:43:53 +0000 2014", "in_reply_to_status_id_str": "525229074265161730", "place": null}
