{"contributors":null,"truncated":false,"text":"I'm not retweeting the pic of #MikeBrown's body, but evidently he lost the hat and changed his shoes and shorts. And lost ~40 lbs. #Ferguson","in_reply_to_status_id":null,"id":500294693356175360,"favorite_count":117,"source":"<a href=\"https:\/\/about.twitter.com\/products\/tweetdeck\" rel=\"nofollow\">TweetDeck<\/a>","retweeted":false,"coordinates":null,"entities":{"symbols":[],"user_mentions":[],"hashtags":[{"indices":[30,40],"text":"MikeBrown"},{"indices":[131,140],"text":"Ferguson"}],"urls":[]},"in_reply_to_screen_name":null,"id_str":"500294693356175360","retweet_count":308,"in_reply_to_user_id":null,"favorited":false,"user":{"follow_request_sent":false,"profile_use_background_image":true,"default_profile_image":false,"id":34123611,"profile_background_image_url_https":"https:\/\/abs.twimg.com\/images\/themes\/theme9\/bg.gif","verified":false,"profile_text_color":"666666","profile_image_url_https":"https:\/\/pbs.twimg.com\/profile_images\/504461373099630592\/Awi2tEJn_normal.jpeg","profile_sidebar_fill_color":"252429","entities":{"url":{"urls":[{"url":"http:\/\/t.co\/zoSOE2dDL9","indices":[0,22],"expanded_url":"http:\/\/freethoughtblogs.com\/lousycanuck\/","display_url":"freethoughtblogs.com\/lousycanuck\/"}]},"description":{"urls":[]}},"followers_count":2496,"profile_sidebar_border_color":"181A1E","id_str":"34123611","profile_background_color":"1A1B1F","listed_count":201,"is_translation_enabled":false,"utc_offset":-10800,"statuses_count":34856,"description":"Skeptic, gamer, computer geek, intersectional feminist, atheist, asshole, Freethought Blogger, and damn good looking to boot. Now in the US. How weird is THAT?","friends_count":1630,"location":"Minneapolis, MN","profile_link_color":"2FC2EF","profile_image_url":"http:\/\/pbs.twimg.com\/profile_images\/504461373099630592\/Awi2tEJn_normal.jpeg","following":false,"geo_enabled":false,"profile_background_image_url":"http:\/\/abs.twimg.com\/images\/themes\/theme9\/bg.gif","screen_name":"lousycanuck","lang":"en","profile_background_tile":false,"favourites_count":2386,"name":"Jason Thibeault","notifications":false,"url":"http:\/\/t.co\/zoSOE2dDL9","created_at":"Wed Apr 22 01:13:34 +0000 2009","contributors_enabled":false,"time_zone":"Atlantic Time (Canada)","protected":false,"default_profile":false,"is_translator":false},"geo":null,"in_reply_to_user_id_str":null,"lang":"en","created_at":"Fri Aug 15 14:55:24 +0000 2014","in_reply_to_status_id_str":null,"place":null}