{"contributors": null, "truncated": false, "text": "@zulazry It already was until they found it very hard to tie an Andreas to a madras.", "in_reply_to_status_id": 581274406804025344, "id": 581283699699757056, "favorite_count": 0, "source": "<a href=\"http://twitter.com\" rel=\"nofollow\">Twitter Web Client</a>", "retweeted": false, "coordinates": null, "entities": {"symbols": [], "user_mentions": [{"id": 48926467, "indices": [0, 8], "id_str": "48926467", "screen_name": "zulazry", "name": "Azry K"}], "hashtags": [], "urls": []}, "in_reply_to_screen_name": "zulazry", "id_str": "581283699699757056", "retweet_count": 1, "in_reply_to_user_id": 48926467, "favorited": false, "user": {"follow_request_sent": false, "profile_use_background_image": false, "profile_text_color": "000000", "default_profile_image": false, "id": 67531250, "profile_background_image_url_https": "https://abs.twimg.com/images/themes/theme15/bg.png", "verified": false, "profile_location": null, "profile_image_url_https": "https://pbs.twimg.com/profile_images/378800000290162217/aa1448ec86283132b1eb8d42970343ad_normal.jpeg", "profile_sidebar_fill_color": "000000", "entities": {"description": {"urls": []}}, "followers_count": 182, "profile_sidebar_border_color": "000000", "id_str": "67531250", "profile_background_color": "000000", "listed_count": 1, "is_translation_enabled": false, "utc_offset": -25200, "statuses_count": 630, "description": "Love Many, Trust Few and.... \r\nAlways Paddle Your Own Canoe!", "friends_count": 975, "location": "Tacoma, WA", "profile_link_color": "0084B4", "profile_image_url": "http://pbs.twimg.com/profile_images/378800000290162217/aa1448ec86283132b1eb8d42970343ad_normal.jpeg", "following": false, "geo_enabled": true, "profile_banner_url": "https://pbs.twimg.com/profile_banners/67531250/1420651134", "profile_background_image_url": "http://abs.twimg.com/images/themes/theme15/bg.png", "name": "Roy Rutherford", "lang": "en", "profile_background_tile": false, "favourites_count": 348, "screen_name": "royr57", "notifications": false, "url": null, "created_at": "Fri Aug 21 05:07:18 +0000 2009", "contributors_enabled": false, "time_zone": "Pacific Time (US & Canada)", "protected": false, "default_profile": false, "is_translator": false}, "geo": null, "in_reply_to_user_id_str": "48926467", "lang": "en", "created_at": "Fri Mar 27 02:36:48 +0000 2015", "in_reply_to_status_id_str": "581274406804025344", "place": null}
