{"contributors": null, "truncated": false, "text": "@saadbjohan Orang melayu kata \"Masin mulut\" haha", "in_reply_to_status_id": 581282241830998017, "id": 581283068373127169, "favorite_count": 0, "source": "<a href=\"http://twitter.com\" rel=\"nofollow\">Twitter Web Client</a>", "retweeted": false, "coordinates": null, "entities": {"symbols": [], "user_mentions": [{"id": 2434002564, "indices": [0, 11], "id_str": "2434002564", "screen_name": "saadbjohan", "name": "Saad B Johan"}], "hashtags": [], "urls": []}, "in_reply_to_screen_name": "saadbjohan", "id_str": "581283068373127169", "retweet_count": 0, "in_reply_to_user_id": 2434002564, "favorited": false, "user": {"follow_request_sent": false, "profile_use_background_image": true, "profile_text_color": "000000", "default_profile_image": false, "id": 48926467, "profile_background_image_url_https": "https://pbs.twimg.com/profile_background_images/567590165527281665/oewoHE2Z.png", "verified": false, "profile_location": null, "profile_image_url_https": "https://pbs.twimg.com/profile_images/580398116836274179/304UZ9EB_normal.jpg", "profile_sidebar_fill_color": "000000", "entities": {"url": {"urls": [{"url": "http://t.co/Mv92DfbAHa", "indices": [0, 22], "expanded_url": "http://azrymalarsegar.blogspot.com/", "display_url": "azrymalarsegar.blogspot.com"}]}, "description": {"urls": []}}, "followers_count": 2873, "profile_sidebar_border_color": "000000", "id_str": "48926467", "profile_background_color": "131516", "listed_count": 21, "is_translation_enabled": false, "utc_offset": 28800, "statuses_count": 85028, "description": "An Advocate of Love\nA Part-Time Singer\nA Fun Daddy\nA Red Devil since 97' \n@tinierazak keep him sane", "friends_count": 2305, "location": "Damansara & Jitra", "profile_link_color": "009999", "profile_image_url": "http://pbs.twimg.com/profile_images/580398116836274179/304UZ9EB_normal.jpg", "following": false, "geo_enabled": true, "profile_banner_url": "https://pbs.twimg.com/profile_banners/48926467/1421215594", "profile_background_image_url": "http://pbs.twimg.com/profile_background_images/567590165527281665/oewoHE2Z.png", "name": "Azry K", "lang": "en-gb", "profile_background_tile": true, "favourites_count": 8034, "screen_name": "zulazry", "notifications": false, "url": "http://t.co/Mv92DfbAHa", "created_at": "Sat Jun 20 04:28:08 +0000 2009", "contributors_enabled": false, "time_zone": "Kuala Lumpur", "protected": false, "default_profile": false, "is_translator": false}, "geo": null, "in_reply_to_user_id_str": "2434002564", "lang": "in", "created_at": "Fri Mar 27 02:34:17 +0000 2015", "in_reply_to_status_id_str": "581282241830998017", "place": {"full_name": "Kuala Lumpur Federal Territory, Malaysia", "url": "https://api.twitter.com/1.1/geo/id/18e4bff5b64c28c9.json", "country": "Malaysia", "place_type": "admin", "bounding_box": {"type": "Polygon", "coordinates": [[[101.6151605, 3.0332003], [101.7587738, 3.0332003], [101.7587738, 3.2445482], [101.6151605, 3.2445482]]]}, "contained_within": [], "country_code": "MY", "attributes": {}, "id": "18e4bff5b64c28c9", "name": "Kuala Lumpur Federal Territory"}}
