{"contributors": null, "truncated": false, "text": "@zulazry \nNot to worry... Western media will try to find out if his grandma's godfather's daughter's in-laws were Yemenis.", "in_reply_to_status_id": 581274406804025344, "id": 581278172936699904, "favorite_count": 0, "source": "<a href=\"http://twitter.com/download/android\" rel=\"nofollow\">Twitter for Android</a>", "retweeted": false, "coordinates": null, "entities": {"symbols": [], "user_mentions": [{"id": 48926467, "indices": [0, 8], "id_str": "48926467", "screen_name": "zulazry", "name": "Azry K"}], "hashtags": [], "urls": []}, "in_reply_to_screen_name": "zulazry", "id_str": "581278172936699904", "retweet_count": 1, "in_reply_to_user_id": 48926467, "favorited": false, "user": {"follow_request_sent": false, "profile_use_background_image": true, "profile_text_color": "333333", "default_profile_image": false, "id": 2434002564, "profile_background_image_url_https": "https://abs.twimg.com/images/themes/theme1/bg.png", "verified": false, "profile_location": null, "profile_image_url_https": "https://pbs.twimg.com/profile_images/577691242332459008/TdOGoZjn_normal.jpeg", "profile_sidebar_fill_color": "DDEEF6", "entities": {"description": {"urls": []}}, "followers_count": 474, "profile_sidebar_border_color": "C0DEED", "id_str": "2434002564", "profile_background_color": "C0DEED", "listed_count": 2, "is_translation_enabled": false, "utc_offset": null, "statuses_count": 1467, "description": "The World Is Not Enough/Orbis Non Sufficit", "friends_count": 675, "location": "", "profile_link_color": "0084B4", "profile_image_url": "http://pbs.twimg.com/profile_images/577691242332459008/TdOGoZjn_normal.jpeg", "following": false, "geo_enabled": false, "profile_banner_url": "https://pbs.twimg.com/profile_banners/2434002564/1409944374", "profile_background_image_url": "http://abs.twimg.com/images/themes/theme1/bg.png", "name": "Saad B Johan", "lang": "en", "profile_background_tile": false, "favourites_count": 938, "screen_name": "saadbjohan", "notifications": false, "url": null, "created_at": "Tue Apr 08 17:40:36 +0000 2014", "contributors_enabled": false, "time_zone": null, "protected": false, "default_profile": true, "is_translator": false}, "geo": null, "in_reply_to_user_id_str": "48926467", "lang": "en", "created_at": "Fri Mar 27 02:14:50 +0000 2015", "in_reply_to_status_id_str": "581274406804025344", "place": null}
