{"contributors": null, "truncated": false, "text": "@zulazry @saadbjohan or that he has a muslim gf \ud83d\ude02\ud83d\ude02 this is sad", "in_reply_to_status_id": 581280115159531520, "id": 581310591899426817, "favorite_count": 0, "source": "<a href=\"http://twitter.com/download/iphone\" rel=\"nofollow\">Twitter for iPhone</a>", "retweeted": false, "coordinates": null, "entities": {"symbols": [], "user_mentions": [{"id": 48926467, "indices": [0, 8], "id_str": "48926467", "screen_name": "zulazry", "name": "Azry K"}, {"id": 2434002564, "indices": [9, 20], "id_str": "2434002564", "screen_name": "saadbjohan", "name": "Saad B Johan"}], "hashtags": [], "urls": []}, "in_reply_to_screen_name": "zulazry", "id_str": "581310591899426817", "retweet_count": 1, "in_reply_to_user_id": 48926467, "favorited": false, "user": {"follow_request_sent": false, "profile_use_background_image": true, "profile_text_color": "333333", "default_profile_image": false, "id": 2787836978, "profile_background_image_url_https": "https://pbs.twimg.com/profile_background_images/512506087866519552/uiE7dGkR.jpeg", "verified": false, "profile_location": null, "profile_image_url_https": "https://pbs.twimg.com/profile_images/507137378520018945/IKhFXJM9_normal.jpeg", "profile_sidebar_fill_color": "DDEEF6", "entities": {"url": {"urls": [{"url": "http://t.co/VdMNbat86f", "indices": [0, 22], "expanded_url": "http://kacakgelinler.info", "display_url": "kacakgelinler.info"}]}, "description": {"urls": []}}, "followers_count": 309, "profile_sidebar_border_color": "FFFFFF", "id_str": "2787836978", "profile_background_color": "C0DEED", "listed_count": 0, "is_translation_enabled": false, "utc_offset": 10800, "statuses_count": 1391, "description": "", "friends_count": 204, "location": "", "profile_link_color": "DD2E44", "profile_image_url": "http://pbs.twimg.com/profile_images/507137378520018945/IKhFXJM9_normal.jpeg", "following": false, "geo_enabled": false, "profile_banner_url": "https://pbs.twimg.com/profile_banners/2787836978/1411024830", "profile_background_image_url": "http://pbs.twimg.com/profile_background_images/512506087866519552/uiE7dGkR.jpeg", "name": "kacakgelinlerfan", "lang": "tr", "profile_background_tile": true, "favourites_count": 678, "screen_name": "KGfanlari", "notifications": false, "url": "http://t.co/VdMNbat86f", "created_at": "Wed Sep 03 11:53:46 +0000 2014", "contributors_enabled": false, "time_zone": "Kyiv", "protected": false, "default_profile": false, "is_translator": false}, "geo": null, "in_reply_to_user_id_str": "48926467", "lang": "en", "created_at": "Fri Mar 27 04:23:39 +0000 2015", "in_reply_to_status_id_str": "581280115159531520", "place": null}
