{"contributors":null,"truncated":false,"text":"@zulazry they don't need that to hate on us. I get it and I've never hurt anyone","in_reply_to_status_id":581274406804025344,"id":581300198158241792,"favorite_count":1,"source":"<a href=\"http:\/\/twitter.com\/download\/android\" rel=\"nofollow\">Twitter for Android<\/a>","retweeted":false,"coordinates":null,"entities":{"symbols":[],"user_mentions":[{"id":48926467,"indices":[0,8],"id_str":"48926467","screen_name":"zulazry","name":"Azry K"}],"hashtags":[],"urls":[]},"in_reply_to_screen_name":"zulazry","id_str":"581300198158241792","retweet_count":1,"in_reply_to_user_id":48926467,"favorited":false,"user":{"follow_request_sent":false,"profile_use_background_image":true,"profile_text_color":"3D1957","default_profile_image":false,"id":1686304976,"profile_background_image_url_https":"https:\/\/abs.twimg.com\/images\/themes\/theme10\/bg.gif","verified":false,"profile_location":null,"profile_image_url_https":"https:\/\/pbs.twimg.com\/profile_images\/589275264573644803\/99z13GBI_normal.jpg","profile_sidebar_fill_color":"7AC3EE","entities":{"url":{"urls":[{"url":"http:\/\/t.co\/IhKBZo3imk","indices":[0,22],"expanded_url":"http:\/\/www.beykimpremadona.za","display_url":"beykimpremadona.za"}]},"description":{"urls":[]}},"followers_count":21233,"profile_sidebar_border_color":"65B0DA","id_str":"1686304976","profile_background_color":"642D8B","listed_count":6,"is_translation_enabled":false,"utc_offset":10800,"statuses_count":4874,"description":"18yrs,Gal,Saw Rih,Bey,JB,1D,Gaga,Lil Kim,Ciara etc #blessed.Allah,Mohammed,Moses,Ibrahim, Jesus.Vegan & SIL","friends_count":17942,"location":"1D and JB","profile_link_color":"FF0000","profile_image_url":"http:\/\/pbs.twimg.com\/profile_images\/589275264573644803\/99z13GBI_normal.jpg","following":false,"geo_enabled":false,"profile_banner_url":"https:\/\/pbs.twimg.com\/profile_banners\/1686304976\/1427908487","profile_background_image_url":"http:\/\/abs.twimg.com\/images\/themes\/theme10\/bg.gif","name":"KingBeyKim Louis Ass","lang":"en","profile_background_tile":true,"favourites_count":806,"screen_name":"BPremadona","notifications":false,"url":"http:\/\/t.co\/IhKBZo3imk","created_at":"Tue Aug 20 17:28:07 +0000 2013","contributors_enabled":false,"time_zone":"Athens","protected":false,"default_profile":false,"is_translator":false},"geo":null,"in_reply_to_user_id_str":"48926467","lang":"en","created_at":"Fri Mar 27 03:42:21 +0000 2015","in_reply_to_status_id_str":"581274406804025344","place":null}