{"contributors": null, "truncated": false, "text": "@zulazry they are saying he converted to islam", "in_reply_to_status_id": 581274406804025344, "id": 581305954110554112, "favorite_count": 0, "source": "<a href=\"http://twitter.com\" rel=\"nofollow\">Twitter Web Client</a>", "retweeted": false, "coordinates": null, "entities": {"symbols": [], "user_mentions": [{"id": 48926467, "indices": [0, 8], "id_str": "48926467", "screen_name": "zulazry", "name": "Azry K"}], "hashtags": [], "urls": []}, "in_reply_to_screen_name": "zulazry", "id_str": "581305954110554112", "retweet_count": 0, "in_reply_to_user_id": 48926467, "favorited": false, "user": {"follow_request_sent": false, "profile_use_background_image": true, "profile_text_color": "333333", "default_profile_image": false, "id": 2527586329, "profile_background_image_url_https": "https://abs.twimg.com/images/themes/theme1/bg.png", "verified": false, "profile_location": null, "profile_image_url_https": "https://pbs.twimg.com/profile_images/564129856732925953/9VfGFlco_normal.jpeg", "profile_sidebar_fill_color": "DDEEF6", "entities": {"url": {"urls": [{"url": "http://t.co/Rfe2HTODiz", "indices": [0, 22], "expanded_url": "http://mcma.siu.edu/people/faculty/radiotelevisionanddigitalmedia/padovani.html", "display_url": "mcma.siu.edu/people/faculty\u2026"}]}, "description": {"urls": []}}, "followers_count": 59, "profile_sidebar_border_color": "C0DEED", "id_str": "2527586329", "profile_background_color": "C0DEED", "listed_count": 3, "is_translation_enabled": false, "utc_offset": null, "statuses_count": 106, "description": "media studies", "friends_count": 356, "location": "carbondale, IL", "profile_link_color": "FFCC4D", "profile_image_url": "http://pbs.twimg.com/profile_images/564129856732925953/9VfGFlco_normal.jpeg", "following": false, "geo_enabled": true, "profile_banner_url": "https://pbs.twimg.com/profile_banners/2527586329/1423334066", "profile_background_image_url": "http://abs.twimg.com/images/themes/theme1/bg.png", "name": "cinzia padovani", "lang": "en", "profile_background_tile": false, "favourites_count": 43, "screen_name": "PadovaniCinzia", "notifications": false, "url": "http://t.co/Rfe2HTODiz", "created_at": "Tue May 27 14:22:58 +0000 2014", "contributors_enabled": false, "time_zone": null, "protected": false, "default_profile": false, "is_translator": false}, "geo": null, "in_reply_to_user_id_str": "48926467", "lang": "en", "created_at": "Fri Mar 27 04:05:14 +0000 2015", "in_reply_to_status_id_str": "581274406804025344", "place": {"full_name": "Carbondale, IL", "url": "https://api.twitter.com/1.1/geo/id/20d0abc87d11501a.json", "country": "United States", "place_type": "city", "bounding_box": {"type": "Polygon", "coordinates": [[[-89.294485, 37.670875], [-89.151934, 37.670875], [-89.151934, 37.7644331], [-89.294485, 37.7644331]]]}, "contained_within": [], "country_code": "US", "attributes": {}, "id": "20d0abc87d11501a", "name": "Carbondale"}}
