{"contributors": null, "truncated": false, "text": "@zulazry Only when Islam stops encouraging the killing of Christians &amp; Jews that the world would stop criticizing Islam.", "in_reply_to_status_id": 581274406804025344, "id": 581417982351552512, "favorite_count": 0, "source": "<a href=\"http://twitter.com/download/iphone\" rel=\"nofollow\">Twitter for iPhone</a>", "retweeted": false, "coordinates": {"type": "Point", "coordinates": [12.57895353, 55.6791707]}, "entities": {"symbols": [], "user_mentions": [{"id": 48926467, "indices": [0, 8], "id_str": "48926467", "screen_name": "zulazry", "name": "Azry K"}], "hashtags": [], "urls": []}, "in_reply_to_screen_name": "zulazry", "id_str": "581417982351552512", "retweet_count": 1, "in_reply_to_user_id": 48926467, "favorited": false, "user": {"follow_request_sent": false, "profile_use_background_image": false, "profile_text_color": "000000", "default_profile_image": false, "id": 2915809346, "profile_background_image_url_https": "https://abs.twimg.com/images/themes/theme1/bg.png", "verified": false, "profile_location": null, "profile_image_url_https": "https://pbs.twimg.com/profile_images/559348287916871681/Bkw-VsMA_normal.jpeg", "profile_sidebar_fill_color": "000000", "entities": {"url": {"urls": [{"url": "https://t.co/6qpjwcN20n", "indices": [0, 23], "expanded_url": "https://www.facebook.com/HalawaMark", "display_url": "facebook.com/HalawaMark"}]}, "description": {"urls": []}}, "followers_count": 268, "profile_sidebar_border_color": "000000", "id_str": "2915809346", "profile_background_color": "000000", "listed_count": 3, "is_translation_enabled": false, "utc_offset": 10800, "statuses_count": 3781, "description": "Proud Canadian, born in Kuwait to a Palestinian family. Public Speaker. I Promote understanding between the Sons of Abraham. Outspoken against extremism.", "friends_count": 441, "location": "Toronto - Jerusalem", "profile_link_color": "3B94D9", "profile_image_url": "http://pbs.twimg.com/profile_images/559348287916871681/Bkw-VsMA_normal.jpeg", "following": false, "geo_enabled": true, "profile_banner_url": "https://pbs.twimg.com/profile_banners/2915809346/1421572871", "profile_background_image_url": "http://abs.twimg.com/images/themes/theme1/bg.png", "name": "Mark Halawa - \u0645\u0627\u0631\u0643", "lang": "en", "profile_background_tile": false, "favourites_count": 2093, "screen_name": "HalawaMark", "notifications": false, "url": "https://t.co/6qpjwcN20n", "created_at": "Mon Dec 01 16:39:40 +0000 2014", "contributors_enabled": false, "time_zone": "Kyiv", "protected": false, "default_profile": false, "is_translator": false}, "geo": {"type": "Point", "coordinates": [55.6791707, 12.57895353]}, "in_reply_to_user_id_str": "48926467", "lang": "en", "created_at": "Fri Mar 27 11:30:23 +0000 2015", "in_reply_to_status_id_str": "581274406804025344", "place": {"full_name": "Copenhagen, Capital Region of Denmark", "url": "https://api.twitter.com/1.1/geo/id/936b83f20956cd4c.json", "country": "Danmark", "place_type": "city", "bounding_box": {"type": "Polygon", "coordinates": [[[12.453064, 55.613717], [12.6511441, 55.613717], [12.6511441, 55.731834], [12.453064, 55.731834]]]}, "contained_within": [], "country_code": "DK", "attributes": {}, "id": "936b83f20956cd4c", "name": "Copenhagen"}}
