{"contributors":null,"truncated":false,"text":"DEVELOPING STORY: Soldier shot in #Ottawa at War Memorial. http:\/\/t.co\/mm5SwzQpyZ http:\/\/t.co\/U94FCGWlsi","in_reply_to_status_id":null,"id":524931019745812480,"favorite_count":21,"source":"<a href=\"http:\/\/www.hootsuite.com\" rel=\"nofollow\">Hootsuite<\/a>","retweeted":false,"coordinates":null,"entities":{"symbols":[],"user_mentions":[],"hashtags":[{"indices":[34,41],"text":"Ottawa"}],"urls":[{"url":"http:\/\/t.co\/mm5SwzQpyZ","indices":[59,81],"expanded_url":"http:\/\/ow.ly\/Da9bT","display_url":"ow.ly\/Da9bT"}],"media":[{"expanded_url":"http:\/\/twitter.com\/CTVToronto\/status\/524931019745812480\/photo\/1","display_url":"pic.twitter.com\/U94FCGWlsi","url":"http:\/\/t.co\/U94FCGWlsi","media_url_https":"https:\/\/pbs.twimg.com\/media\/B0jt-ybIUAE-ct2.jpg","id_str":"524931019531898881","sizes":{"small":{"h":191,"resize":"fit","w":340},"large":{"h":576,"resize":"fit","w":1024},"medium":{"h":337,"resize":"fit","w":600},"thumb":{"h":150,"resize":"crop","w":150}},"indices":[82,104],"type":"photo","id":524931019531898881,"media_url":"http:\/\/pbs.twimg.com\/media\/B0jt-ybIUAE-ct2.jpg"}]},"in_reply_to_screen_name":null,"id_str":"524931019745812480","retweet_count":148,"in_reply_to_user_id":null,"favorited":false,"user":{"follow_request_sent":false,"profile_use_background_image":true,"default_profile_image":false,"id":17659340,"profile_background_image_url_https":"https:\/\/pbs.twimg.com\/profile_background_images\/436927085286666240\/Tzi-Pmzo.jpeg","verified":false,"profile_text_color":"333333","profile_image_url_https":"https:\/\/pbs.twimg.com\/profile_images\/433737297905721345\/U1kxIpr5_normal.png","profile_sidebar_fill_color":"F6F6F6","entities":{"url":{"urls":[{"url":"http:\/\/t.co\/p8zRcYj3ER","indices":[0,22],"expanded_url":"http:\/\/toronto.ctvnews.ca","display_url":"toronto.ctvnews.ca"}]},"description":{"urls":[{"url":"http:\/\/t.co\/GCmZSykC","indices":[106,126],"expanded_url":"http:\/\/toronto.ctvnews.ca","display_url":"toronto.ctvnews.ca"}]}},"followers_count":149858,"profile_sidebar_border_color":"FFFFFF","id_str":"17659340","profile_background_color":"F6F6F6","listed_count":2563,"is_translation_enabled":false,"utc_offset":-14400,"statuses_count":48214,"description":"CTV News is Toronto's most popular TV news destination. Connect with us online on Twitter, Facebook or at http:\/\/t.co\/GCmZSykC","friends_count":103,"location":"Toronto, ON, Canada","profile_link_color":"199FFF","profile_image_url":"http:\/\/pbs.twimg.com\/profile_images\/433737297905721345\/U1kxIpr5_normal.png","following":false,"geo_enabled":true,"profile_banner_url":"https:\/\/pbs.twimg.com\/profile_banners\/17659340\/1398974115","profile_background_image_url":"http:\/\/pbs.twimg.com\/profile_background_images\/436927085286666240\/Tzi-Pmzo.jpeg","screen_name":"CTVToronto","lang":"en","profile_background_tile":false,"favourites_count":555,"name":"CTV Toronto","notifications":false,"url":"http:\/\/t.co\/p8zRcYj3ER","created_at":"Wed Nov 26 20:54:05 +0000 2008","contributors_enabled":false,"time_zone":"Eastern Time (US & Canada)","protected":false,"default_profile":false,"is_translator":false},"geo":null,"in_reply_to_user_id_str":null,"possibly_sensitive":false,"lang":"en","created_at":"Wed Oct 22 14:31:22 +0000 2014","in_reply_to_status_id_str":null,"place":null,"extended_entities":{"media":[{"expanded_url":"http:\/\/twitter.com\/CTVToronto\/status\/524931019745812480\/photo\/1","display_url":"pic.twitter.com\/U94FCGWlsi","url":"http:\/\/t.co\/U94FCGWlsi","media_url_https":"https:\/\/pbs.twimg.com\/media\/B0jt-ybIUAE-ct2.jpg","id_str":"524931019531898881","sizes":{"small":{"h":191,"resize":"fit","w":340},"large":{"h":576,"resize":"fit","w":1024},"medium":{"h":337,"resize":"fit","w":600},"thumb":{"h":150,"resize":"crop","w":150}},"indices":[82,104],"type":"photo","id":524931019531898881,"media_url":"http:\/\/pbs.twimg.com\/media\/B0jt-ybIUAE-ct2.jpg"}]}}