{"contributors": null, "truncated": false, "text": "@HDMcC @kellyoxford @obiterdictayo the news report I'm watching currently reported the same thing before Kelly tweeted it.", "in_reply_to_status_id": 524941900223381504, "id": 524943005313409025, "favorite_count": 0, "source": "<a href=\"http://twitter.com/#!/download/ipad\" rel=\"nofollow\">Twitter for iPad</a>", "retweeted": false, "coordinates": null, "entities": {"symbols": [], "user_mentions": [{"id": 22507820, "indices": [0, 6], "id_str": "22507820", "screen_name": "HDMcC", "name": "HDMcC"}, {"id": 22872643, "indices": [7, 19], "id_str": "22872643", "screen_name": "kellyoxford", "name": "kelly oxford"}, {"id": 1104350714, "indices": [20, 34], "id_str": "1104350714", "screen_name": "obiterdictayo", "name": "C A"}], "hashtags": [], "urls": []}, "in_reply_to_screen_name": "HDMcC", "id_str": "524943005313409025", "retweet_count": 0, "in_reply_to_user_id": 22507820, "favorited": false, "user": {"follow_request_sent": false, "profile_use_background_image": true, "default_profile_image": false, "id": 23429900, "profile_background_image_url_https": "https://pbs.twimg.com/profile_background_images/187672734/x2ae0dda191492ec0bdf68b80fd4c60e.jpg", "verified": false, "profile_text_color": "587370", "profile_image_url_https": "https://pbs.twimg.com/profile_images/2571277218/image_normal.jpg", "profile_sidebar_fill_color": "B9D8D6", "entities": {"url": {"urls": [{"url": "http://t.co/gb0skiWAaG", "indices": [0, 22], "expanded_url": "http://yesimadethat.blogspot.com", "display_url": "yesimadethat.blogspot.com"}]}, "description": {"urls": []}}, "followers_count": 167, "profile_sidebar_border_color": "4D918A", "id_str": "23429900", "profile_background_color": "F2F7F7", "listed_count": 7, "is_translation_enabled": false, "utc_offset": -21600, "statuses_count": 6377, "description": "Knitter, sewer (one who sews, not the drainage system), spinner (again, one who spins yarn), maker of things, TV watcher, spectator of sports, reader, whiner.", "friends_count": 710, "location": "Calgary, AB", "profile_link_color": "4D918A", "profile_image_url": "http://pbs.twimg.com/profile_images/2571277218/image_normal.jpg", "following": false, "geo_enabled": false, "profile_banner_url": "https://pbs.twimg.com/profile_banners/23429900/1354061198", "profile_background_image_url": "http://pbs.twimg.com/profile_background_images/187672734/x2ae0dda191492ec0bdf68b80fd4c60e.jpg", "screen_name": "subloke", "lang": "en", "profile_background_tile": false, "favourites_count": 2841, "name": "Lori Magnus", "notifications": false, "url": "http://t.co/gb0skiWAaG", "created_at": "Mon Mar 09 12:39:35 +0000 2009", "contributors_enabled": false, "time_zone": "Mountain Time (US & Canada)", "protected": false, "default_profile": false, "is_translator": false}, "geo": null, "in_reply_to_user_id_str": "22507820", "lang": "en", "created_at": "Wed Oct 22 15:19:00 +0000 2014", "in_reply_to_status_id_str": "524941900223381504", "place": null}
