{"contributors":null,"truncated":false,"text":"@kellyoxford the gunman is still on the loose.","in_reply_to_status_id":524932935137628160,"id":524933431793553408,"favorite_count":0,"source":"<a href=\"http:\/\/twitter.com\/download\/iphone\" rel=\"nofollow\">Twitter for iPhone<\/a>","retweeted":false,"coordinates":null,"entities":{"symbols":[],"user_mentions":[{"id":22872643,"indices":[0,12],"id_str":"22872643","screen_name":"kellyoxford","name":"kelly oxford"}],"hashtags":[],"urls":[]},"in_reply_to_screen_name":"kellyoxford","id_str":"524933431793553408","retweet_count":0,"in_reply_to_user_id":22872643,"favorited":false,"user":{"follow_request_sent":false,"profile_use_background_image":true,"default_profile_image":false,"id":136072927,"profile_background_image_url_https":"https:\/\/abs.twimg.com\/images\/themes\/theme1\/bg.png","verified":false,"profile_text_color":"333333","profile_image_url_https":"https:\/\/pbs.twimg.com\/profile_images\/588412425218691072\/XeYh998Q_normal.jpg","profile_sidebar_fill_color":"DDEEF6","entities":{"description":{"urls":[]}},"followers_count":210,"profile_sidebar_border_color":"C0DEED","id_str":"136072927","profile_background_color":"C0DEED","listed_count":4,"is_translation_enabled":false,"utc_offset":-18000,"statuses_count":843,"description":"Freelance hair and makeup artist","friends_count":196,"location":"Ottawa","profile_link_color":"0084B4","profile_image_url":"http:\/\/pbs.twimg.com\/profile_images\/588412425218691072\/XeYh998Q_normal.jpg","following":false,"geo_enabled":false,"profile_banner_url":"https:\/\/pbs.twimg.com\/profile_banners\/136072927\/1382119860","profile_background_image_url":"http:\/\/abs.twimg.com\/images\/themes\/theme1\/bg.png","screen_name":"StefaniaAdele","lang":"en","profile_background_tile":false,"favourites_count":827,"name":"Stefania Capovilla","notifications":false,"url":null,"created_at":"Thu Apr 22 23:45:24 +0000 2010","contributors_enabled":false,"time_zone":"Quito","protected":false,"default_profile":false,"is_translator":false},"geo":null,"in_reply_to_user_id_str":"22872643","lang":"en","created_at":"Wed Oct 22 14:40:57 +0000 2014","in_reply_to_status_id_str":"524932935137628160","place":null}