{"contributors": null, "truncated": false, "text": "@HDMcC @kellyoxford exactly, because they are \"journalists\" and \"dems the rules\" Kelly is a \"comedic writer\" no rules. Go police journalists", "in_reply_to_status_id": 524946023165460480, "id": 524962247563431936, "favorite_count": 34, "source": "<a href=\"http://twitter.com/download/android\" rel=\"nofollow\">Twitter for Android</a>", "retweeted": false, "coordinates": null, "entities": {"symbols": [], "user_mentions": [{"id": 22507820, "indices": [0, 6], "id_str": "22507820", "screen_name": "HDMcC", "name": "HDMcC"}, {"id": 22872643, "indices": [7, 19], "id_str": "22872643", "screen_name": "kellyoxford", "name": "kelly oxford"}], "hashtags": [], "urls": []}, "in_reply_to_screen_name": "HDMcC", "id_str": "524962247563431936", "retweet_count": 2, "in_reply_to_user_id": 22507820, "favorited": false, "user": {"follow_request_sent": false, "profile_use_background_image": true, "default_profile_image": false, "id": 33041426, "profile_background_image_url_https": "https://pbs.twimg.com/profile_background_images/693366468/8cbcf9313e7fe73a0096d2ee52cbf509.png", "verified": true, "profile_text_color": "663B12", "profile_image_url_https": "https://pbs.twimg.com/profile_images/2955947809/707121f59a5bcfe17b7a6dbf1870438b_normal.jpeg", "profile_sidebar_fill_color": "DAECF4", "entities": {"url": {"urls": [{"url": "http://t.co/VvjfuiJ9G2", "indices": [0, 22], "expanded_url": "http://daxtumbler.tumblr.com", "display_url": "daxtumbler.tumblr.com"}]}, "description": {"urls": []}}, "followers_count": 605675, "profile_sidebar_border_color": "FFFFFF", "id_str": "33041426", "profile_background_color": "C6E2EE", "listed_count": 4649, "is_translation_enabled": false, "utc_offset": -25200, "statuses_count": 6147, "description": "Humanist. Comedic actor who is light on both comedy and acting.", "friends_count": 255, "location": "LA", "profile_link_color": "1F98C7", "profile_image_url": "http://pbs.twimg.com/profile_images/2955947809/707121f59a5bcfe17b7a6dbf1870438b_normal.jpeg", "following": false, "geo_enabled": false, "profile_background_image_url": "http://pbs.twimg.com/profile_background_images/693366468/8cbcf9313e7fe73a0096d2ee52cbf509.png", "screen_name": "daxshepard1", "lang": "en", "profile_background_tile": true, "favourites_count": 56, "name": "dax shepard", "notifications": false, "url": "http://t.co/VvjfuiJ9G2", "created_at": "Sat Apr 18 22:55:39 +0000 2009", "contributors_enabled": false, "time_zone": "Pacific Time (US & Canada)", "protected": false, "default_profile": false, "is_translator": false}, "geo": null, "in_reply_to_user_id_str": "22507820", "lang": "en", "created_at": "Wed Oct 22 16:35:27 +0000 2014", "in_reply_to_status_id_str": "524946023165460480", "place": null}
