{"contributors": null, "truncated": false, "text": "@alcanlin @kellyoxford great response bro.", "in_reply_to_status_id": 524933104742723584, "id": 524939588406878208, "favorite_count": 0, "source": "<a href=\"http://twitter.com\" rel=\"nofollow\">Twitter Web Client</a>", "retweeted": false, "coordinates": null, "entities": {"symbols": [], "user_mentions": [{"id": 37632713, "indices": [0, 9], "id_str": "37632713", "screen_name": "alcanlin", "name": "Alistair Canlin"}, {"id": 22872643, "indices": [10, 22], "id_str": "22872643", "screen_name": "kellyoxford", "name": "kelly oxford"}], "hashtags": [], "urls": []}, "in_reply_to_screen_name": "alcanlin", "id_str": "524939588406878208", "retweet_count": 0, "in_reply_to_user_id": 37632713, "favorited": false, "user": {"follow_request_sent": false, "profile_use_background_image": true, "default_profile_image": false, "id": 25739948, "profile_background_image_url_https": "https://pbs.twimg.com/profile_background_images/344918034407951765/3d44631b2330cdd52c82c800c525564c.jpeg", "verified": false, "profile_text_color": "663B12", "profile_image_url_https": "https://pbs.twimg.com/profile_images/1399209571/Leo_Rautins22477_normal.jpg", "profile_sidebar_fill_color": "DAECF4", "entities": {"description": {"urls": []}}, "followers_count": 154, "profile_sidebar_border_color": "FFFFFF", "id_str": "25739948", "profile_background_color": "C6E2EE", "listed_count": 4, "is_translation_enabled": false, "utc_offset": -18000, "statuses_count": 5139, "description": "Toronto sports. Law stuff. Food stuff. Still no humblebragging.", "friends_count": 519, "location": "\u00dcT: 45.43026,-75.684432", "profile_link_color": "1F98C7", "profile_image_url": "http://pbs.twimg.com/profile_images/1399209571/Leo_Rautins22477_normal.jpg", "following": false, "geo_enabled": false, "profile_banner_url": "https://pbs.twimg.com/profile_banners/25739948/1371074367", "profile_background_image_url": "http://pbs.twimg.com/profile_background_images/344918034407951765/3d44631b2330cdd52c82c800c525564c.jpeg", "screen_name": "TwitchieRich", "lang": "en", "profile_background_tile": true, "favourites_count": 137, "name": "R. Nigh", "notifications": false, "url": null, "created_at": "Sat Mar 21 22:36:14 +0000 2009", "contributors_enabled": false, "time_zone": "Quito", "protected": false, "default_profile": false, "is_translator": false}, "geo": null, "in_reply_to_user_id_str": "37632713", "lang": "en", "created_at": "Wed Oct 22 15:05:25 +0000 2014", "in_reply_to_status_id_str": "524933104742723584", "place": null}
