{"contributors": null, "truncated": false, "text": "@subloke @HDMcC @kellyoxford @obiterdictayo they confirm facts before 'reporting'.", "in_reply_to_status_id": 524944658992865280, "id": 524946023165460480, "favorite_count": 1, "source": "<a href=\"http://twitter.com/#!/download/ipad\" rel=\"nofollow\">Twitter for iPad</a>", "retweeted": false, "coordinates": null, "entities": {"symbols": [], "user_mentions": [{"id": 23429900, "indices": [0, 8], "id_str": "23429900", "screen_name": "subloke", "name": "Lori Magnus"}, {"id": 22507820, "indices": [9, 15], "id_str": "22507820", "screen_name": "HDMcC", "name": "HDMcC"}, {"id": 22872643, "indices": [16, 28], "id_str": "22872643", "screen_name": "kellyoxford", "name": "kelly oxford"}, {"id": 1104350714, "indices": [29, 43], "id_str": "1104350714", "screen_name": "obiterdictayo", "name": "C A"}], "hashtags": [], "urls": []}, "in_reply_to_screen_name": "subloke", "id_str": "524946023165460480", "retweet_count": 0, "in_reply_to_user_id": 23429900, "favorited": false, "user": {"follow_request_sent": false, "profile_use_background_image": true, "default_profile_image": false, "id": 22507820, "profile_background_image_url_https": "https://abs.twimg.com/images/themes/theme1/bg.png", "verified": false, "profile_text_color": "333333", "profile_image_url_https": "https://pbs.twimg.com/profile_images/496231861392510976/sWp3aiYV_normal.jpeg", "profile_sidebar_fill_color": "DDEEF6", "entities": {"description": {"urls": []}}, "followers_count": 90, "profile_sidebar_border_color": "C0DEED", "id_str": "22507820", "profile_background_color": "C0DEED", "listed_count": 2, "is_translation_enabled": false, "utc_offset": -18000, "statuses_count": 342, "description": "", "friends_count": 534, "location": "Toronto", "profile_link_color": "0084B4", "profile_image_url": "http://pbs.twimg.com/profile_images/496231861392510976/sWp3aiYV_normal.jpeg", "following": false, "geo_enabled": false, "profile_banner_url": "https://pbs.twimg.com/profile_banners/22507820/1412867622", "profile_background_image_url": "http://abs.twimg.com/images/themes/theme1/bg.png", "screen_name": "HDMcC", "lang": "en", "profile_background_tile": false, "favourites_count": 53, "name": "HDMcC", "notifications": false, "url": null, "created_at": "Mon Mar 02 17:25:33 +0000 2009", "contributors_enabled": false, "time_zone": "Central Time (US & Canada)", "protected": false, "default_profile": true, "is_translator": false}, "geo": null, "in_reply_to_user_id_str": "23429900", "lang": "en", "created_at": "Wed Oct 22 15:30:59 +0000 2014", "in_reply_to_status_id_str": "524944658992865280", "place": null}
