{"contributors":null,"truncated":false,"text":"@jeremysale @daxshepard1 @HDMcC seeing as though I was 100% correct, yes.","in_reply_to_status_id":524990987308134400,"id":524993526564929536,"favorite_count":1,"source":"<a href=\"http:\/\/www.echofon.com\/\" rel=\"nofollow\">Echofon<\/a>","retweeted":false,"coordinates":null,"entities":{"symbols":[],"user_mentions":[{"id":17391441,"indices":[0,11],"id_str":"17391441","screen_name":"jeremysale","name":"Jeremy Sale"},{"id":33041426,"indices":[12,24],"id_str":"33041426","screen_name":"daxshepard1","name":"dax shepard"},{"id":22507820,"indices":[25,31],"id_str":"22507820","screen_name":"HDMcC","name":"HDMcC"}],"hashtags":[],"urls":[]},"in_reply_to_screen_name":"jeremysale","id_str":"524993526564929536","retweet_count":0,"in_reply_to_user_id":17391441,"favorited":false,"user":{"follow_request_sent":false,"profile_use_background_image":true,"default_profile_image":false,"id":22872643,"profile_background_image_url_https":"https:\/\/pbs.twimg.com\/profile_background_images\/15026724\/Care-O-Meter2.gif","verified":true,"profile_text_color":"211D1F","profile_image_url_https":"https:\/\/pbs.twimg.com\/profile_images\/583769950591909888\/3RfEdTLh_normal.jpg","profile_sidebar_fill_color":"F0EBD3","entities":{"description":{"urls":[]}},"followers_count":591274,"profile_sidebar_border_color":"000000","id_str":"22872643","profile_background_color":"D8D8ED","listed_count":11925,"is_translation_enabled":true,"utc_offset":-21600,"statuses_count":5899,"description":"New York Times Bestselling Author. I want to be the kind of girl Beyonce would be proud of. I am your Perestroika\r\n\r\nInstagram: kellyoxford","friends_count":910,"location":"","profile_link_color":"858AAD","profile_image_url":"http:\/\/pbs.twimg.com\/profile_images\/583769950591909888\/3RfEdTLh_normal.jpg","following":false,"geo_enabled":false,"profile_banner_url":"https:\/\/pbs.twimg.com\/profile_banners\/22872643\/1398199449","profile_background_image_url":"http:\/\/pbs.twimg.com\/profile_background_images\/15026724\/Care-O-Meter2.gif","screen_name":"kellyoxford","lang":"en","profile_background_tile":true,"favourites_count":26772,"name":"kelly oxford","notifications":false,"url":null,"created_at":"Thu Mar 05 03:24:25 +0000 2009","contributors_enabled":false,"time_zone":"Mountain Time (US & Canada)","protected":false,"default_profile":false,"is_translator":false},"geo":null,"in_reply_to_user_id_str":"17391441","lang":"en","created_at":"Wed Oct 22 18:39:45 +0000 2014","in_reply_to_status_id_str":"524990987308134400","place":null}