{"contributors":null,"truncated":false,"text":"@kellyoxford please wait on this. Also sounds like multiple suspects. People need to stay vigilant.","in_reply_to_status_id":524932935137628160,"id":524933486407602176,"favorite_count":0,"source":"<a href=\"http:\/\/twitter.com\/download\/iphone\" rel=\"nofollow\">Twitter for iPhone<\/a>","retweeted":false,"coordinates":null,"entities":{"symbols":[],"user_mentions":[{"id":22872643,"indices":[0,12],"id_str":"22872643","screen_name":"kellyoxford","name":"kelly oxford"}],"hashtags":[],"urls":[]},"in_reply_to_screen_name":"kellyoxford","id_str":"524933486407602176","retweet_count":0,"in_reply_to_user_id":22872643,"favorited":false,"user":{"follow_request_sent":false,"profile_use_background_image":true,"default_profile_image":false,"id":740823396,"profile_background_image_url_https":"https:\/\/abs.twimg.com\/images\/themes\/theme5\/bg.gif","verified":false,"profile_text_color":"3E4415","profile_image_url_https":"https:\/\/pbs.twimg.com\/profile_images\/533670266015350785\/hKQNu-5t_normal.jpeg","profile_sidebar_fill_color":"99CC33","entities":{"description":{"urls":[]}},"followers_count":745,"profile_sidebar_border_color":"829D5E","id_str":"740823396","profile_background_color":"352726","listed_count":14,"is_translation_enabled":false,"utc_offset":-14400,"statuses_count":104,"description":"twitter lover. wife. veterinarian. mom to 2.49x more children than the Canadian national average. sarcastic writer. diet coke addict. i verified myself.","friends_count":1855,"location":"ottawa, canada and proud of it","profile_link_color":"D02B55","profile_image_url":"http:\/\/pbs.twimg.com\/profile_images\/533670266015350785\/hKQNu-5t_normal.jpeg","following":false,"geo_enabled":false,"profile_banner_url":"https:\/\/pbs.twimg.com\/profile_banners\/740823396\/1401975309","profile_background_image_url":"http:\/\/abs.twimg.com\/images\/themes\/theme5\/bg.gif","screen_name":"thegreatmama","lang":"en","profile_background_tile":false,"favourites_count":707,"name":"thegreatmama","notifications":false,"url":null,"created_at":"Mon Aug 06 15:15:28 +0000 2012","contributors_enabled":false,"time_zone":"Eastern Time (US & Canada)","protected":false,"default_profile":false,"is_translator":false},"geo":null,"in_reply_to_user_id_str":"22872643","lang":"en","created_at":"Wed Oct 22 14:41:10 +0000 2014","in_reply_to_status_id_str":"524932935137628160","place":null}