{"contributors":null,"truncated":false,"text":"Cigarettes on Staten Island. Cigars in #Ferguson. Are these seriously enough to take a life?","in_reply_to_status_id":null,"id":500296080710705152,"favorite_count":108,"source":"<a href=\"http:\/\/twitter.com\/download\/iphone\" rel=\"nofollow\">Twitter for iPhone<\/a>","retweeted":false,"coordinates":null,"entities":{"symbols":[],"user_mentions":[],"hashtags":[{"indices":[39,48],"text":"Ferguson"}],"urls":[]},"in_reply_to_screen_name":null,"id_str":"500296080710705152","retweet_count":246,"in_reply_to_user_id":null,"favorited":false,"user":{"follow_request_sent":false,"profile_use_background_image":true,"default_profile_image":false,"id":20772763,"profile_background_image_url_https":"https:\/\/pbs.twimg.com\/profile_background_images\/4458575\/twitter_background_for_nytimes_feeds.post.gif","verified":true,"profile_text_color":"333333","profile_image_url_https":"https:\/\/pbs.twimg.com\/profile_images\/578375137063346176\/MOsm4jbz_normal.jpeg","profile_sidebar_fill_color":"DDFFCC","entities":{"url":{"urls":[{"url":"http:\/\/t.co\/kfVA6DNMhM","indices":[0,22],"expanded_url":"http:\/\/topics.nytimes.com\/top\/opinion\/editorialsandoped\/oped\/columnists\/charles_m_blow\/index.html","display_url":"topics.nytimes.com\/top\/opinion\/ed\u2026"}]},"description":{"urls":[{"url":"http:\/\/t.co\/ziVBOyf8Q6","indices":[69,91],"expanded_url":"http:\/\/www.charlesmblow.com","display_url":"charlesmblow.com"},{"url":"http:\/\/t.co\/ZsPZeSp3Mk","indices":[102,124],"expanded_url":"http:\/\/wmespeakers.com\/SpeakerDetail.aspx?id=13062924","display_url":"wmespeakers.com\/SpeakerDetail.\u2026"}]}},"followers_count":112774,"profile_sidebar_border_color":"BDDCAD","id_str":"20772763","profile_background_color":"9AE4E8","listed_count":3193,"is_translation_enabled":false,"utc_offset":-18000,"statuses_count":25544,"description":"@NYTimes Op-Ed columnist. Author of #FireShutUpInMyBones Pre-order:  http:\/\/t.co\/ziVBOyf8Q6 Bookings: http:\/\/t.co\/ZsPZeSp3Mk","friends_count":1096,"location":"Brooklyn","profile_link_color":"B34A19","profile_image_url":"http:\/\/pbs.twimg.com\/profile_images\/578375137063346176\/MOsm4jbz_normal.jpeg","following":false,"geo_enabled":true,"profile_banner_url":"https:\/\/pbs.twimg.com\/profile_banners\/20772763\/1398306083","profile_background_image_url":"http:\/\/pbs.twimg.com\/profile_background_images\/4458575\/twitter_background_for_nytimes_feeds.post.gif","screen_name":"CharlesMBlow","lang":"en","profile_background_tile":true,"favourites_count":60,"name":"Charles M. Blow","notifications":false,"url":"http:\/\/t.co\/kfVA6DNMhM","created_at":"Fri Feb 13 14:17:54 +0000 2009","contributors_enabled":false,"time_zone":"Central Time (US & Canada)","protected":false,"default_profile":false,"is_translator":false},"geo":null,"in_reply_to_user_id_str":null,"lang":"en","created_at":"Fri Aug 15 15:00:55 +0000 2014","in_reply_to_status_id_str":null,"place":null}