{"contributors": null, "truncated": false, "text": "@FoxNews I get depressed too, but do I feel the need to kill 150 innocent people? No. @debrajsaunders @hknightsf @annkillion @MissBigelow", "in_reply_to_status_id": 581153923987206146, "id": 581157068419125249, "favorite_count": 2, "source": "<a href=\"http://twitter.com/download/android\" rel=\"nofollow\">Twitter for Android</a>", "retweeted": false, "coordinates": null, "entities": {"symbols": [], "user_mentions": [{"id": 1367531, "indices": [0, 8], "id_str": "1367531", "screen_name": "FoxNews", "name": "Fox News"}, {"id": 158831815, "indices": [86, 101], "id_str": "158831815", "screen_name": "debrajsaunders", "name": "Debra J. Saunders"}, {"id": 25150468, "indices": [102, 112], "id_str": "25150468", "screen_name": "hknightsf", "name": "Heather Knight"}, {"id": 37861681, "indices": [113, 124], "id_str": "37861681", "screen_name": "annkillion", "name": "Ann Killion"}, {"id": 23222340, "indices": [125, 137], "id_str": "23222340", "screen_name": "MissBigelow", "name": "Catherine Bigelow"}], "hashtags": [], "urls": []}, "in_reply_to_screen_name": "FoxNews", "id_str": "581157068419125249", "retweet_count": 1, "in_reply_to_user_id": 1367531, "favorited": false, "user": {"follow_request_sent": false, "profile_use_background_image": true, "profile_text_color": "333333", "default_profile_image": false, "id": 1682547080, "profile_background_image_url_https": "https://abs.twimg.com/images/themes/theme1/bg.png", "verified": false, "profile_location": null, "profile_image_url_https": "https://pbs.twimg.com/profile_images/463701621063430145/7JYKCq-m_normal.png", "profile_sidebar_fill_color": "DDEEF6", "entities": {"url": {"urls": [{"url": "http://t.co/OXe0CaqIrL", "indices": [0, 22], "expanded_url": "http://SFKids.org", "display_url": "SFKids.org"}]}, "description": {"urls": []}}, "followers_count": 889, "profile_sidebar_border_color": "C0DEED", "id_str": "1682547080", "profile_background_color": "C0DEED", "listed_count": 11, "is_translation_enabled": false, "utc_offset": null, "statuses_count": 2619, "description": "Attempting to achieve oneness with the Universe.  Hold my calls...", "friends_count": 1755, "location": "San Francisco, CA", "profile_link_color": "0084B4", "profile_image_url": "http://pbs.twimg.com/profile_images/463701621063430145/7JYKCq-m_normal.png", "following": false, "geo_enabled": true, "profile_banner_url": "https://pbs.twimg.com/profile_banners/1682547080/1413431905", "profile_background_image_url": "http://abs.twimg.com/images/themes/theme1/bg.png", "name": "Jose Siliezar", "lang": "en", "profile_background_tile": false, "favourites_count": 4239, "screen_name": "bd21ah", "notifications": false, "url": "http://t.co/OXe0CaqIrL", "created_at": "Mon Aug 19 06:39:03 +0000 2013", "contributors_enabled": false, "time_zone": null, "protected": false, "default_profile": true, "is_translator": false}, "geo": null, "in_reply_to_user_id_str": "1367531", "lang": "en", "created_at": "Thu Mar 26 18:13:37 +0000 2015", "in_reply_to_status_id_str": "581153923987206146", "place": null}
