{"contributors": null, "truncated": false, "text": "@FoxNews \nIts a sad state when a coward that wants to kill himself takes men, women and children with him.", "in_reply_to_status_id": 581153923987206146, "id": 581155260195958784, "favorite_count": 3, "source": "<a href=\"https://twitter.com/download/android\" rel=\"nofollow\">Twitter for Android Tablets</a>", "retweeted": false, "coordinates": {"type": "Point", "coordinates": [-87.9067809, 30.6547919]}, "entities": {"symbols": [], "user_mentions": [{"id": 1367531, "indices": [0, 8], "id_str": "1367531", "screen_name": "FoxNews", "name": "Fox News"}], "hashtags": [], "urls": []}, "in_reply_to_screen_name": "FoxNews", "id_str": "581155260195958784", "retweet_count": 0, "in_reply_to_user_id": 1367531, "favorited": false, "user": {"follow_request_sent": false, "profile_use_background_image": true, "profile_text_color": "3D1957", "default_profile_image": false, "id": 20514637, "profile_background_image_url_https": "https://abs.twimg.com/images/themes/theme10/bg.gif", "verified": false, "profile_location": null, "profile_image_url_https": "https://pbs.twimg.com/profile_images/581239124679532544/OBs0_inI_normal.jpg", "profile_sidebar_fill_color": "7AC3EE", "entities": {"description": {"urls": []}}, "followers_count": 100, "profile_sidebar_border_color": "65B0DA", "id_str": "20514637", "profile_background_color": "642D8B", "listed_count": 3, "is_translation_enabled": false, "utc_offset": -18000, "statuses_count": 3079, "description": "Living Liberal in a Conservative State                           \u2661\u2661Available\u2661\u2661   \u2605\u2605\u2605CA Native\u2605\u2605\u2605                                   Lover of Starbucks Coffee", "friends_count": 135, "location": "Alabama Gulf Coast", "profile_link_color": "FF0000", "profile_image_url": "http://pbs.twimg.com/profile_images/581239124679532544/OBs0_inI_normal.jpg", "following": false, "geo_enabled": true, "profile_banner_url": "https://pbs.twimg.com/profile_banners/20514637/1416864285", "profile_background_image_url": "http://abs.twimg.com/images/themes/theme10/bg.gif", "name": "In My Element", "lang": "en", "profile_background_tile": true, "favourites_count": 773, "screen_name": "topnotch36532", "notifications": false, "url": null, "created_at": "Tue Feb 10 14:01:37 +0000 2009", "contributors_enabled": false, "time_zone": "America/Chicago", "protected": false, "default_profile": false, "is_translator": false}, "geo": {"type": "Point", "coordinates": [30.6547919, -87.9067809]}, "in_reply_to_user_id_str": "1367531", "lang": "en", "created_at": "Thu Mar 26 18:06:26 +0000 2015", "in_reply_to_status_id_str": "581153923987206146", "place": {"full_name": "Daphne, AL", "url": "https://api.twitter.com/1.1/geo/id/d4aa1d0bb51bccfd.json", "country": "United States", "place_type": "city", "bounding_box": {"type": "Polygon", "coordinates": [[[-87.9208596, 30.575695], [-87.765512, 30.575695], [-87.765512, 30.684177], [-87.9208596, 30.684177]]]}, "contained_within": [], "country_code": "US", "attributes": {}, "id": "d4aa1d0bb51bccfd", "name": "Daphne"}}
