{"contributors": null, "truncated": false, "text": "@FoxNews they really need to evaluate these people better .There's much at stake.", "in_reply_to_status_id": 581153923987206146, "id": 581154613254086656, "favorite_count": 3, "source": "<a href=\"http://twitter.com/download/android\" rel=\"nofollow\">Twitter for Android</a>", "retweeted": false, "coordinates": {"type": "Point", "coordinates": [-84.5218134, 39.23261]}, "entities": {"symbols": [], "user_mentions": [{"id": 1367531, "indices": [0, 8], "id_str": "1367531", "screen_name": "FoxNews", "name": "Fox News"}], "hashtags": [], "urls": []}, "in_reply_to_screen_name": "FoxNews", "id_str": "581154613254086656", "retweet_count": 1, "in_reply_to_user_id": 1367531, "favorited": false, "user": {"follow_request_sent": false, "profile_use_background_image": true, "profile_text_color": "333333", "default_profile_image": false, "id": 2243206261, "profile_background_image_url_https": "https://abs.twimg.com/images/themes/theme1/bg.png", "verified": false, "profile_location": null, "profile_image_url_https": "https://pbs.twimg.com/profile_images/422590978999218176/rt0jK4ia_normal.jpeg", "profile_sidebar_fill_color": "DDEEF6", "entities": {"description": {"urls": []}}, "followers_count": 621, "profile_sidebar_border_color": "C0DEED", "id_str": "2243206261", "profile_background_color": "C0DEED", "listed_count": 4, "is_translation_enabled": false, "utc_offset": null, "statuses_count": 5681, "description": "Huskers, Redsox .and more Huskers .Cincinnati Ohio", "friends_count": 1859, "location": "Cincinnati ohio ", "profile_link_color": "0084B4", "profile_image_url": "http://pbs.twimg.com/profile_images/422590978999218176/rt0jK4ia_normal.jpeg", "following": false, "geo_enabled": true, "profile_banner_url": "https://pbs.twimg.com/profile_banners/2243206261/1389588660", "profile_background_image_url": "http://abs.twimg.com/images/themes/theme1/bg.png", "name": "jon Robichaud", "lang": "en", "profile_background_tile": false, "favourites_count": 10841, "screen_name": "jonr402_jon", "notifications": false, "url": null, "created_at": "Fri Dec 13 02:03:59 +0000 2013", "contributors_enabled": false, "time_zone": null, "protected": false, "default_profile": true, "is_translator": false}, "geo": {"type": "Point", "coordinates": [39.23261, -84.5218134]}, "in_reply_to_user_id_str": "1367531", "lang": "en", "created_at": "Thu Mar 26 18:03:51 +0000 2015", "in_reply_to_status_id_str": "581153923987206146", "place": {"full_name": "Finneytown, OH", "url": "https://api.twitter.com/1.1/geo/id/b05fe73a135dedcc.json", "country": "United States", "place_type": "city", "bounding_box": {"type": "Polygon", "coordinates": [[[-84.536174, 39.199213], [-84.489746, 39.199213], [-84.489746, 39.2343861], [-84.536174, 39.2343861]]]}, "contained_within": [], "country_code": "US", "attributes": {}, "id": "b05fe73a135dedcc", "name": "Finneytown"}}
