{"contributors": null, "truncated": false, "text": "@FoxNews a depressed person could kill himself but why would he take the lives of others without ideological or vengeance incentives.", "in_reply_to_status_id": 581153923987206146, "id": 581158014507462657, "favorite_count": 1, "source": "<a href=\"http://twitter.com\" rel=\"nofollow\">Twitter Web Client</a>", "retweeted": false, "coordinates": null, "entities": {"symbols": [], "user_mentions": [{"id": 1367531, "indices": [0, 8], "id_str": "1367531", "screen_name": "FoxNews", "name": "Fox News"}], "hashtags": [], "urls": []}, "in_reply_to_screen_name": "FoxNews", "id_str": "581158014507462657", "retweet_count": 0, "in_reply_to_user_id": 1367531, "favorited": false, "user": {"follow_request_sent": false, "profile_use_background_image": true, "profile_text_color": "333333", "default_profile_image": false, "id": 501381054, "profile_background_image_url_https": "https://abs.twimg.com/images/themes/theme1/bg.png", "verified": false, "profile_location": null, "profile_image_url_https": "https://pbs.twimg.com/profile_images/378800000342371598/83127d4e4debd07dda2e4a7914642c3a_normal.jpeg", "profile_sidebar_fill_color": "DDEEF6", "entities": {"url": {"urls": [{"url": "http://t.co/MAvR8sVopI", "indices": [0, 22], "expanded_url": "http://www.digitallighting.com", "display_url": "digitallighting.com"}]}, "description": {"urls": []}}, "followers_count": 115, "profile_sidebar_border_color": "C0DEED", "id_str": "501381054", "profile_background_color": "C0DEED", "listed_count": 3, "is_translation_enabled": false, "utc_offset": -14400, "statuses_count": 2544, "description": "Spreading views based on the truth needed to keep America strong and the World stable and peaceful.", "friends_count": 101, "location": "Miami, Florida USA", "profile_link_color": "0084B4", "profile_image_url": "http://pbs.twimg.com/profile_images/378800000342371598/83127d4e4debd07dda2e4a7914642c3a_normal.jpeg", "following": false, "geo_enabled": false, "profile_background_image_url": "http://abs.twimg.com/images/themes/theme1/bg.png", "name": "Elie Khawand", "lang": "en", "profile_background_tile": false, "favourites_count": 2, "screen_name": "KhawandE", "notifications": false, "url": "http://t.co/MAvR8sVopI", "created_at": "Fri Feb 24 02:44:01 +0000 2012", "contributors_enabled": false, "time_zone": "Eastern Time (US & Canada)", "protected": false, "default_profile": true, "is_translator": false}, "geo": null, "in_reply_to_user_id_str": "1367531", "lang": "en", "created_at": "Thu Mar 26 18:17:22 +0000 2015", "in_reply_to_status_id_str": "581153923987206146", "place": null}
