{"contributors": null, "truncated": false, "text": "@FoxNews @AirCrashMayday How does depression lead to mass murder of innocents. This is closer to a school shooting than suicide", "in_reply_to_status_id": 581153923987206146, "id": 581155288516005888, "favorite_count": 3, "source": "<a href=\"http://twitter.com\" rel=\"nofollow\">Twitter Web Client</a>", "retweeted": false, "coordinates": null, "entities": {"symbols": [], "user_mentions": [{"id": 1367531, "indices": [0, 8], "id_str": "1367531", "screen_name": "FoxNews", "name": "Fox News"}, {"id": 2312595751, "indices": [9, 24], "id_str": "2312595751", "screen_name": "AirCrashMayday", "name": "Air Disasters"}], "hashtags": [], "urls": []}, "in_reply_to_screen_name": "FoxNews", "id_str": "581155288516005888", "retweet_count": 0, "in_reply_to_user_id": 1367531, "favorited": false, "user": {"follow_request_sent": false, "profile_use_background_image": true, "profile_text_color": "666666", "default_profile_image": false, "id": 86836936, "profile_background_image_url_https": "https://abs.twimg.com/images/themes/theme9/bg.gif", "verified": false, "profile_location": null, "profile_image_url_https": "https://pbs.twimg.com/profile_images/560579763438641153/6Cv7wtN3_normal.jpeg", "profile_sidebar_fill_color": "252429", "entities": {"description": {"urls": []}}, "followers_count": 40, "profile_sidebar_border_color": "181A1E", "id_str": "86836936", "profile_background_color": "1A1B1F", "listed_count": 0, "is_translation_enabled": false, "utc_offset": null, "statuses_count": 3804, "description": "Electrician, SuperDad, Michigan4Life, GoBLUE", "friends_count": 61, "location": "Michigan, USA", "profile_link_color": "2FC2EF", "profile_image_url": "http://pbs.twimg.com/profile_images/560579763438641153/6Cv7wtN3_normal.jpeg", "following": false, "geo_enabled": false, "profile_background_image_url": "http://abs.twimg.com/images/themes/theme9/bg.gif", "name": "DrROBschiz", "lang": "en", "profile_background_tile": false, "favourites_count": 1427, "screen_name": "Rfravel", "notifications": false, "url": null, "created_at": "Mon Nov 02 00:34:10 +0000 2009", "contributors_enabled": false, "time_zone": null, "protected": false, "default_profile": false, "is_translator": false}, "geo": null, "in_reply_to_user_id_str": "1367531", "lang": "en", "created_at": "Thu Mar 26 18:06:32 +0000 2015", "in_reply_to_status_id_str": "581153923987206146", "place": null}
