{"contributors": null, "truncated": false, "text": "@FoxNews No excuse...everyone battles something..still know right from VERY wrong..", "in_reply_to_status_id": 581153923987206146, "id": 581155895477825536, "favorite_count": 2, "source": "<a href=\"http://twitter.com/download/iphone\" rel=\"nofollow\">Twitter for iPhone</a>", "retweeted": false, "coordinates": null, "entities": {"symbols": [], "user_mentions": [{"id": 1367531, "indices": [0, 8], "id_str": "1367531", "screen_name": "FoxNews", "name": "Fox News"}], "hashtags": [], "urls": []}, "in_reply_to_screen_name": "FoxNews", "id_str": "581155895477825536", "retweet_count": 0, "in_reply_to_user_id": 1367531, "favorited": false, "user": {"follow_request_sent": false, "profile_use_background_image": true, "profile_text_color": "333333", "default_profile_image": false, "id": 469024509, "profile_background_image_url_https": "https://abs.twimg.com/images/themes/theme1/bg.png", "verified": false, "profile_location": null, "profile_image_url_https": "https://pbs.twimg.com/profile_images/561027208119328769/FAMgX39N_normal.jpeg", "profile_sidebar_fill_color": "DDEEF6", "entities": {"description": {"urls": []}}, "followers_count": 30, "profile_sidebar_border_color": "C0DEED", "id_str": "469024509", "profile_background_color": "C0DEED", "listed_count": 1, "is_translation_enabled": false, "utc_offset": null, "statuses_count": 1546, "description": "", "friends_count": 86, "location": "", "profile_link_color": "0084B4", "profile_image_url": "http://pbs.twimg.com/profile_images/561027208119328769/FAMgX39N_normal.jpeg", "following": false, "geo_enabled": true, "profile_banner_url": "https://pbs.twimg.com/profile_banners/469024509/1422464304", "profile_background_image_url": "http://abs.twimg.com/images/themes/theme1/bg.png", "name": "Dave Williams", "lang": "en", "profile_background_tile": false, "favourites_count": 34, "screen_name": "Williams01Dave", "notifications": false, "url": null, "created_at": "Fri Jan 20 04:40:24 +0000 2012", "contributors_enabled": false, "time_zone": null, "protected": false, "default_profile": true, "is_translator": false}, "geo": null, "in_reply_to_user_id_str": "1367531", "lang": "en", "created_at": "Thu Mar 26 18:08:57 +0000 2015", "in_reply_to_status_id_str": "581153923987206146", "place": null}
