{"contributors": null, "truncated": false, "text": "@FoxNews *IF* it was, do suicidal people want to take others with them?  Not snarky.  Truly curious.", "in_reply_to_status_id": 581153923987206146, "id": 581154859715530752, "favorite_count": 3, "source": "<a href=\"http://twitter.com\" rel=\"nofollow\">Twitter Web Client</a>", "retweeted": false, "coordinates": null, "entities": {"symbols": [], "user_mentions": [{"id": 1367531, "indices": [0, 8], "id_str": "1367531", "screen_name": "FoxNews", "name": "Fox News"}], "hashtags": [], "urls": []}, "in_reply_to_screen_name": "FoxNews", "id_str": "581154859715530752", "retweet_count": 1, "in_reply_to_user_id": 1367531, "favorited": false, "user": {"follow_request_sent": false, "profile_use_background_image": true, "profile_text_color": "3C3940", "default_profile_image": false, "id": 2956625407, "profile_background_image_url_https": "https://abs.twimg.com/images/themes/theme4/bg.gif", "verified": false, "profile_location": null, "profile_image_url_https": "https://pbs.twimg.com/profile_images/552229425547198464/t3EDmq-w_normal.jpeg", "profile_sidebar_fill_color": "95E8EC", "entities": {"url": {"urls": [{"url": "http://t.co/rV79HImq48", "indices": [0, 22], "expanded_url": "http://texas.tsfl.com", "display_url": "texas.tsfl.com"}]}, "description": {"urls": []}}, "followers_count": 193, "profile_sidebar_border_color": "5ED4DC", "id_str": "2956625407", "profile_background_color": "0099B9", "listed_count": 13, "is_translation_enabled": false, "utc_offset": -18000, "statuses_count": 2156, "description": "5th Gen NorCal gal, now living west of ATX.  Christian, Conservative, Tri Delta in love with my ubergeek husband and two sons.", "friends_count": 362, "location": "ATX", "profile_link_color": "0099B9", "profile_image_url": "http://pbs.twimg.com/profile_images/552229425547198464/t3EDmq-w_normal.jpeg", "following": false, "geo_enabled": true, "profile_banner_url": "https://pbs.twimg.com/profile_banners/2956625407/1425194643", "profile_background_image_url": "http://abs.twimg.com/images/themes/theme4/bg.gif", "name": "Laura Phillips", "lang": "en", "profile_background_tile": false, "favourites_count": 2389, "screen_name": "HippoluATX", "notifications": false, "url": "http://t.co/rV79HImq48", "created_at": "Fri Jan 02 23:55:35 +0000 2015", "contributors_enabled": false, "time_zone": "Central Time (US & Canada)", "protected": false, "default_profile": false, "is_translator": false}, "geo": null, "in_reply_to_user_id_str": "1367531", "lang": "en", "created_at": "Thu Mar 26 18:04:50 +0000 2015", "in_reply_to_status_id_str": "581153923987206146", "place": null}
