{"contributors": null, "truncated": false, "text": "@FoxNews \nHe lost, miserably! God just dug hell 150' deeper, just for him!", "in_reply_to_status_id": 581153923987206146, "id": 581154930511073280, "favorite_count": 3, "source": "<a href=\"http://twitter.com/download/iphone\" rel=\"nofollow\">Twitter for iPhone</a>", "retweeted": false, "coordinates": null, "entities": {"symbols": [], "user_mentions": [{"id": 1367531, "indices": [0, 8], "id_str": "1367531", "screen_name": "FoxNews", "name": "Fox News"}], "hashtags": [], "urls": []}, "in_reply_to_screen_name": "FoxNews", "id_str": "581154930511073280", "retweet_count": 0, "in_reply_to_user_id": 1367531, "favorited": false, "user": {"follow_request_sent": false, "profile_use_background_image": true, "profile_text_color": "333333", "default_profile_image": false, "id": 573692319, "profile_background_image_url_https": "https://pbs.twimg.com/profile_background_images/378800000030191069/cd7e0c16c677b4e187916f84ea476f5b.jpeg", "verified": false, "profile_location": null, "profile_image_url_https": "https://pbs.twimg.com/profile_images/555883870973734913/N5gC-tCL_normal.jpeg", "profile_sidebar_fill_color": "DDEEF6", "entities": {"description": {"urls": []}}, "followers_count": 4765, "profile_sidebar_border_color": "FFFFFF", "id_str": "573692319", "profile_background_color": "C0DEED", "listed_count": 110, "is_translation_enabled": false, "utc_offset": -18000, "statuses_count": 36912, "description": "Please follow my better half: @allymally13 #Constitution #OathKeeper #NRA #TeaParty #RWNJ #TCOT #NRA #Conservative #RetiredMilitary #FearedResistance Isaiah5:20", "friends_count": 4796, "location": "Realville, U.S.", "profile_link_color": "0084B4", "profile_image_url": "http://pbs.twimg.com/profile_images/555883870973734913/N5gC-tCL_normal.jpeg", "following": false, "geo_enabled": false, "profile_banner_url": "https://pbs.twimg.com/profile_banners/573692319/1427511892", "profile_background_image_url": "http://pbs.twimg.com/profile_background_images/378800000030191069/cd7e0c16c677b4e187916f84ea476f5b.jpeg", "name": "\u272aUSAFMEDIC21\u272a", "lang": "en", "profile_background_tile": false, "favourites_count": 28413, "screen_name": "USAFMEDIC21", "notifications": false, "url": null, "created_at": "Mon May 07 12:47:59 +0000 2012", "contributors_enabled": false, "time_zone": "Central Time (US & Canada)", "protected": false, "default_profile": false, "is_translator": false}, "geo": null, "in_reply_to_user_id_str": "1367531", "lang": "en", "created_at": "Thu Mar 26 18:05:07 +0000 2015", "in_reply_to_status_id_str": "581153923987206146", "place": null}
