{"contributors": null, "truncated": false, "text": "@FoxNews  sigh", "in_reply_to_status_id": 581153923987206146, "id": 581162461807685632, "favorite_count": 0, "source": "<a href=\"http://www.twitter.com\" rel=\"nofollow\">Twitter for BlackBerry</a>", "retweeted": false, "coordinates": null, "entities": {"symbols": [], "user_mentions": [{"id": 1367531, "indices": [0, 8], "id_str": "1367531", "screen_name": "FoxNews", "name": "Fox News"}], "hashtags": [], "urls": []}, "in_reply_to_screen_name": "FoxNews", "id_str": "581162461807685632", "retweet_count": 0, "in_reply_to_user_id": 1367531, "favorited": false, "user": {"follow_request_sent": false, "profile_use_background_image": true, "profile_text_color": "333333", "default_profile_image": false, "id": 615327247, "profile_background_image_url_https": "https://abs.twimg.com/images/themes/theme1/bg.png", "verified": false, "profile_location": null, "profile_image_url_https": "https://pbs.twimg.com/profile_images/581453042362540032/Fovh2mST_normal.jpg", "profile_sidebar_fill_color": "DDEEF6", "entities": {"description": {"urls": []}}, "followers_count": 1412, "profile_sidebar_border_color": "C0DEED", "id_str": "615327247", "profile_background_color": "C0DEED", "listed_count": 18, "is_translation_enabled": false, "utc_offset": null, "statuses_count": 26219, "description": "Just Cakes..  C0044AE18", "friends_count": 57, "location": "IBADAN,NIGERIA", "profile_link_color": "0084B4", "profile_image_url": "http://pbs.twimg.com/profile_images/581453042362540032/Fovh2mST_normal.jpg", "following": false, "geo_enabled": true, "profile_banner_url": "https://pbs.twimg.com/profile_banners/615327247/1422297897", "profile_background_image_url": "http://abs.twimg.com/images/themes/theme1/bg.png", "name": "Gbemisola", "lang": "en", "profile_background_tile": false, "favourites_count": 33, "screen_name": "gbemy01", "notifications": false, "url": null, "created_at": "Fri Jun 22 16:37:56 +0000 2012", "contributors_enabled": false, "time_zone": null, "protected": false, "default_profile": true, "is_translator": false}, "geo": null, "in_reply_to_user_id_str": "1367531", "lang": "en", "created_at": "Thu Mar 26 18:35:03 +0000 2015", "in_reply_to_status_id_str": "581153923987206146", "place": null}
