{"contributors": null, "truncated": false, "text": "@FoxNews six years ago... real good evidence.  Not!", "in_reply_to_status_id": 581153923987206146, "id": 581154995640221699, "favorite_count": 0, "source": "<a href=\"http://twitter.com/download/android\" rel=\"nofollow\">Twitter for Android</a>", "retweeted": false, "coordinates": null, "entities": {"symbols": [], "user_mentions": [{"id": 1367531, "indices": [0, 8], "id_str": "1367531", "screen_name": "FoxNews", "name": "Fox News"}], "hashtags": [], "urls": []}, "in_reply_to_screen_name": "FoxNews", "id_str": "581154995640221699", "retweet_count": 0, "in_reply_to_user_id": 1367531, "favorited": false, "user": {"follow_request_sent": false, "profile_use_background_image": true, "profile_text_color": "333333", "default_profile_image": false, "id": 412870436, "profile_background_image_url_https": "https://abs.twimg.com/images/themes/theme1/bg.png", "verified": false, "profile_location": null, "profile_image_url_https": "https://pbs.twimg.com/profile_images/516025212257992704/mib9QUf2_normal.jpeg", "profile_sidebar_fill_color": "DDEEF6", "entities": {"description": {"urls": []}}, "followers_count": 345, "profile_sidebar_border_color": "C0DEED", "id_str": "412870436", "profile_background_color": "C0DEED", "listed_count": 0, "is_translation_enabled": false, "utc_offset": -18000, "statuses_count": 6081, "description": "If you aren't living on the edge you're taking up to much space.", "friends_count": 306, "location": "Toledo", "profile_link_color": "0084B4", "profile_image_url": "http://pbs.twimg.com/profile_images/516025212257992704/mib9QUf2_normal.jpeg", "following": false, "geo_enabled": false, "profile_banner_url": "https://pbs.twimg.com/profile_banners/412870436/1423551995", "profile_background_image_url": "http://abs.twimg.com/images/themes/theme1/bg.png", "name": "Eddie Sureman", "lang": "en", "profile_background_tile": false, "favourites_count": 2099, "screen_name": "EddieSureman", "notifications": false, "url": null, "created_at": "Tue Nov 15 06:52:40 +0000 2011", "contributors_enabled": false, "time_zone": "Central Time (US & Canada)", "protected": false, "default_profile": true, "is_translator": false}, "geo": null, "in_reply_to_user_id_str": "1367531", "lang": "en", "created_at": "Thu Mar 26 18:05:22 +0000 2015", "in_reply_to_status_id_str": "581153923987206146", "place": null}
