{"contributors": null, "truncated": false, "text": "@FoxNews The saddest part, this story will be forgotten and buried within 4 weeks.", "in_reply_to_status_id": 581153923987206146, "id": 581159283175399424, "favorite_count": 1, "source": "<a href=\"http://twitter.com\" rel=\"nofollow\">Twitter Web Client</a>", "retweeted": false, "coordinates": null, "entities": {"symbols": [], "user_mentions": [{"id": 1367531, "indices": [0, 8], "id_str": "1367531", "screen_name": "FoxNews", "name": "Fox News"}], "hashtags": [], "urls": []}, "in_reply_to_screen_name": "FoxNews", "id_str": "581159283175399424", "retweet_count": 0, "in_reply_to_user_id": 1367531, "favorited": false, "user": {"follow_request_sent": false, "profile_use_background_image": true, "profile_text_color": "333333", "default_profile_image": false, "id": 27859283, "profile_background_image_url_https": "https://abs.twimg.com/images/themes/theme1/bg.png", "verified": false, "profile_location": null, "profile_image_url_https": "https://pbs.twimg.com/profile_images/3610185735/aaa0ce691a8d3f16e05f86fe26d2b6db_normal.jpeg", "profile_sidebar_fill_color": "DDEEF6", "entities": {"description": {"urls": []}}, "followers_count": 47, "profile_sidebar_border_color": "C0DEED", "id_str": "27859283", "profile_background_color": "C0DEED", "listed_count": 0, "is_translation_enabled": false, "utc_offset": -18000, "statuses_count": 1392, "description": "Softball Home Run Champ.  Cool Dad, unless you stand in the way of TV during football", "friends_count": 70, "location": "Houston, TX", "profile_link_color": "0084B4", "profile_image_url": "http://pbs.twimg.com/profile_images/3610185735/aaa0ce691a8d3f16e05f86fe26d2b6db_normal.jpeg", "following": false, "geo_enabled": false, "profile_background_image_url": "http://abs.twimg.com/images/themes/theme1/bg.png", "name": "Fun loving Texas boy", "lang": "en", "profile_background_tile": false, "favourites_count": 347, "screen_name": "CalTexAzBoy", "notifications": false, "url": null, "created_at": "Tue Mar 31 12:28:51 +0000 2009", "contributors_enabled": false, "time_zone": "Central Time (US & Canada)", "protected": false, "default_profile": true, "is_translator": false}, "geo": null, "in_reply_to_user_id_str": "1367531", "lang": "en", "created_at": "Thu Mar 26 18:22:25 +0000 2015", "in_reply_to_status_id_str": "581153923987206146", "place": null}
