{"contributors": null, "truncated": false, "text": "@FoxNews this is the saddest story ever. ... what a waste of life.  How terrifying 4 those innocent passengers.", "in_reply_to_status_id": 581153923987206146, "id": 581157167220277248, "favorite_count": 1, "source": "<a href=\"http://twitter.com/download/android\" rel=\"nofollow\">Twitter for Android</a>", "retweeted": false, "coordinates": {"type": "Point", "coordinates": [-76.6654962, 39.4907606]}, "entities": {"symbols": [], "user_mentions": [{"id": 1367531, "indices": [0, 8], "id_str": "1367531", "screen_name": "FoxNews", "name": "Fox News"}], "hashtags": [], "urls": []}, "in_reply_to_screen_name": "FoxNews", "id_str": "581157167220277248", "retweet_count": 0, "in_reply_to_user_id": 1367531, "favorited": false, "user": {"follow_request_sent": false, "profile_use_background_image": true, "profile_text_color": "362720", "default_profile_image": false, "id": 120493964, "profile_background_image_url_https": "https://abs.twimg.com/images/themes/theme11/bg.gif", "verified": false, "profile_location": null, "profile_image_url_https": "https://pbs.twimg.com/profile_images/736165743/bella_normal.png", "profile_sidebar_fill_color": "E5507E", "entities": {"description": {"urls": []}}, "followers_count": 445, "profile_sidebar_border_color": "CC3366", "id_str": "120493964", "profile_background_color": "FF6699", "listed_count": 6, "is_translation_enabled": false, "utc_offset": -14400, "statuses_count": 12108, "description": "I am a Senior Advocate for a national Insurance company.  I enjoying spending time with my rescue animals and I love football.", "friends_count": 1967, "location": "Baltimore", "profile_link_color": "B40B43", "profile_image_url": "http://pbs.twimg.com/profile_images/736165743/bella_normal.png", "following": false, "geo_enabled": true, "profile_banner_url": "https://pbs.twimg.com/profile_banners/120493964/1348179888", "profile_background_image_url": "http://abs.twimg.com/images/themes/theme11/bg.gif", "name": "Lynn Holthaus", "lang": "en", "profile_background_tile": true, "favourites_count": 364, "screen_name": "lonilynn910", "notifications": false, "url": null, "created_at": "Sat Mar 06 16:08:38 +0000 2010", "contributors_enabled": false, "time_zone": "Eastern Time (US & Canada)", "protected": false, "default_profile": false, "is_translator": false}, "geo": {"type": "Point", "coordinates": [39.4907606, -76.6654962]}, "in_reply_to_user_id_str": "1367531", "lang": "en", "created_at": "Thu Mar 26 18:14:00 +0000 2015", "in_reply_to_status_id_str": "581153923987206146", "place": {"full_name": "Cockeysville, MD", "url": "https://api.twitter.com/1.1/geo/id/014f4cd64f60daea.json", "country": "United States", "place_type": "city", "bounding_box": {"type": "Polygon", "coordinates": [[[-76.6729123, 39.453647], [-76.58212, 39.453647], [-76.58212, 39.534252], [-76.6729123, 39.534252]]]}, "contained_within": [], "country_code": "US", "attributes": {}, "id": "014f4cd64f60daea", "name": "Cockeysville"}}
