{"contributors":null,"truncated":false,"text":"@FoxNews The airline should have known that!","in_reply_to_status_id":581153923987206146,"id":581161281199161346,"favorite_count":0,"source":"<a href=\"http:\/\/twitter.com\" rel=\"nofollow\">Twitter Web Client<\/a>","retweeted":false,"coordinates":null,"entities":{"symbols":[],"user_mentions":[{"id":1367531,"indices":[0,8],"id_str":"1367531","screen_name":"FoxNews","name":"Fox News"}],"hashtags":[],"urls":[]},"in_reply_to_screen_name":"FoxNews","id_str":"581161281199161346","retweet_count":0,"in_reply_to_user_id":1367531,"favorited":false,"user":{"follow_request_sent":false,"profile_use_background_image":true,"profile_text_color":"4BB7DF","default_profile_image":false,"id":17679507,"profile_background_image_url_https":"https:\/\/pbs.twimg.com\/profile_background_images\/466854483108966400\/z25cfrSl.jpeg","verified":false,"profile_location":null,"profile_image_url_https":"https:\/\/pbs.twimg.com\/profile_images\/589076332673282049\/vUYELb6v_normal.jpg","profile_sidebar_fill_color":"191F22","entities":{"description":{"urls":[]}},"followers_count":2166,"profile_sidebar_border_color":"FFFFFF","id_str":"17679507","profile_background_color":"46788A","listed_count":63,"is_translation_enabled":false,"utc_offset":16200,"statuses_count":108361,"description":"Born in U.S.was an actress a few years; moved to Israel 30 yrs ago where I work as an ESL teacher and now do my acting in the classroom.","friends_count":1949,"location":"Israel","profile_link_color":"9266CC","profile_image_url":"http:\/\/pbs.twimg.com\/profile_images\/589076332673282049\/vUYELb6v_normal.jpg","following":false,"geo_enabled":true,"profile_banner_url":"https:\/\/pbs.twimg.com\/profile_banners\/17679507\/1427982861","profile_background_image_url":"http:\/\/pbs.twimg.com\/profile_background_images\/466854483108966400\/z25cfrSl.jpeg","name":"Haya Eytan","lang":"en","profile_background_tile":false,"favourites_count":17030,"screen_name":"TeachESL","notifications":false,"url":null,"created_at":"Thu Nov 27 14:49:24 +0000 2008","contributors_enabled":false,"time_zone":"Tehran","protected":false,"default_profile":false,"is_translator":false},"geo":null,"in_reply_to_user_id_str":"1367531","lang":"en","created_at":"Thu Mar 26 18:30:21 +0000 2015","in_reply_to_status_id_str":"581153923987206146","place":null}