{"contributors": null, "truncated": false, "text": "@FoxNews ...pilot is a f*cking coward!!!...should have jump off a dam bridge instead of killing innocent people...poor families..\ud83d\ude22", "in_reply_to_status_id": 581153923987206146, "id": 581169458040934400, "favorite_count": 3, "source": "<a href=\"http://twitter.com/download/android\" rel=\"nofollow\">Twitter for Android</a>", "retweeted": false, "coordinates": null, "entities": {"symbols": [], "user_mentions": [{"id": 1367531, "indices": [0, 8], "id_str": "1367531", "screen_name": "FoxNews", "name": "Fox News"}], "hashtags": [], "urls": []}, "in_reply_to_screen_name": "FoxNews", "id_str": "581169458040934400", "retweet_count": 0, "in_reply_to_user_id": 1367531, "favorited": false, "user": {"follow_request_sent": false, "profile_use_background_image": true, "profile_text_color": "333333", "default_profile_image": false, "id": 1931848874, "profile_background_image_url_https": "https://abs.twimg.com/images/themes/theme1/bg.png", "verified": false, "profile_location": null, "profile_image_url_https": "https://pbs.twimg.com/profile_images/378800000544028701/ad385d2a8f8df34555262526a2c06cc2_normal.jpeg", "profile_sidebar_fill_color": "DDEEF6", "entities": {"description": {"urls": []}}, "followers_count": 124, "profile_sidebar_border_color": "C0DEED", "id_str": "1931848874", "profile_background_color": "C0DEED", "listed_count": 0, "is_translation_enabled": false, "utc_offset": -14400, "statuses_count": 1501, "description": "~ Award Winning Commentator ~ Professional Drinker ~ Comedian ~  Playboy Mansion Key Holder ~ Child Actor ~ Dog Lover", "friends_count": 55, "location": "Ft. Myers Beach ~ Florida", "profile_link_color": "0084B4", "profile_image_url": "http://pbs.twimg.com/profile_images/378800000544028701/ad385d2a8f8df34555262526a2c06cc2_normal.jpeg", "following": false, "geo_enabled": false, "profile_background_image_url": "http://abs.twimg.com/images/themes/theme1/bg.png", "name": "Harry Doyle", "lang": "en", "profile_background_tile": false, "favourites_count": 2961, "screen_name": "HarryDoyleESPN", "notifications": false, "url": null, "created_at": "Thu Oct 03 19:37:49 +0000 2013", "contributors_enabled": false, "time_zone": "Eastern Time (US & Canada)", "protected": false, "default_profile": true, "is_translator": false}, "geo": null, "in_reply_to_user_id_str": "1367531", "lang": "en", "created_at": "Thu Mar 26 19:02:51 +0000 2015", "in_reply_to_status_id_str": "581153923987206146", "place": null}
