{"contributors": null, "truncated": false, "text": "@HippoluATX @FoxNews 12 minutes silence .bit suspicious if you asked me!", "in_reply_to_status_id": 581154859715530752, "id": 581162102414557184, "favorite_count": 2, "source": "<a href=\"http://twitter.com/download/android\" rel=\"nofollow\">Twitter for Android</a>", "retweeted": false, "coordinates": null, "entities": {"symbols": [], "user_mentions": [{"id": 2956625407, "indices": [0, 11], "id_str": "2956625407", "screen_name": "HippoluATX", "name": "Laura Phillips"}, {"id": 1367531, "indices": [12, 20], "id_str": "1367531", "screen_name": "FoxNews", "name": "Fox News"}], "hashtags": [], "urls": []}, "in_reply_to_screen_name": "HippoluATX", "id_str": "581162102414557184", "retweet_count": 0, "in_reply_to_user_id": 2956625407, "favorited": false, "user": {"follow_request_sent": false, "profile_use_background_image": true, "profile_text_color": "333333", "default_profile_image": false, "id": 2982327641, "profile_background_image_url_https": "https://abs.twimg.com/images/themes/theme1/bg.png", "verified": false, "profile_location": null, "profile_image_url_https": "https://pbs.twimg.com/profile_images/574603760019832833/0dDOkktr_normal.jpeg", "profile_sidebar_fill_color": "DDEEF6", "entities": {"description": {"urls": []}}, "followers_count": 65, "profile_sidebar_border_color": "C0DEED", "id_str": "2982327641", "profile_background_color": "C0DEED", "listed_count": 1, "is_translation_enabled": false, "utc_offset": null, "statuses_count": 1308, "description": "Normal", "friends_count": 278, "location": "Brighton, England", "profile_link_color": "0084B4", "profile_image_url": "http://pbs.twimg.com/profile_images/574603760019832833/0dDOkktr_normal.jpeg", "following": false, "geo_enabled": true, "profile_background_image_url": "http://abs.twimg.com/images/themes/theme1/bg.png", "name": "richard fowler", "lang": "en", "profile_background_tile": false, "favourites_count": 1017, "screen_name": "rickfowler77", "notifications": false, "url": null, "created_at": "Sat Jan 17 09:35:50 +0000 2015", "contributors_enabled": false, "time_zone": null, "protected": false, "default_profile": true, "is_translator": false}, "geo": null, "in_reply_to_user_id_str": "2956625407", "lang": "en", "created_at": "Thu Mar 26 18:33:37 +0000 2015", "in_reply_to_status_id_str": "581154859715530752", "place": null}
