{"contributors": null, "truncated": false, "text": "@FoxNews  #germanwings  suicide or terrorist attack the end result is the same, not the liability.", "in_reply_to_status_id": 581153923987206146, "id": 581157526391119872, "favorite_count": 1, "source": "<a href=\"http://twitter.com\" rel=\"nofollow\">Twitter Web Client</a>", "retweeted": false, "coordinates": null, "entities": {"symbols": [], "user_mentions": [{"id": 1367531, "indices": [0, 8], "id_str": "1367531", "screen_name": "FoxNews", "name": "Fox News"}], "hashtags": [{"indices": [10, 22], "text": "germanwings"}], "urls": []}, "in_reply_to_screen_name": "FoxNews", "id_str": "581157526391119872", "retweet_count": 0, "in_reply_to_user_id": 1367531, "favorited": false, "user": {"follow_request_sent": false, "profile_use_background_image": false, "profile_text_color": "000000", "default_profile_image": false, "id": 342296046, "profile_background_image_url_https": "https://abs.twimg.com/images/themes/theme1/bg.png", "verified": false, "profile_location": null, "profile_image_url_https": "https://pbs.twimg.com/profile_images/378800000351503029/5efb52bad2e07e9fa6052e5ca0ec586c_normal.jpeg", "profile_sidebar_fill_color": "000000", "entities": {"url": {"urls": [{"url": "http://t.co/fFkR9yDy6P", "indices": [0, 22], "expanded_url": "http://www.kidneydoctor.com", "display_url": "kidneydoctor.com"}]}, "description": {"urls": []}}, "followers_count": 23, "profile_sidebar_border_color": "000000", "id_str": "342296046", "profile_background_color": "000000", "listed_count": 1, "is_translation_enabled": false, "utc_offset": -14400, "statuses_count": 69, "description": "Physician", "friends_count": 75, "location": "New York", "profile_link_color": "0084B4", "profile_image_url": "http://pbs.twimg.com/profile_images/378800000351503029/5efb52bad2e07e9fa6052e5ca0ec586c_normal.jpeg", "following": false, "geo_enabled": false, "profile_banner_url": "https://pbs.twimg.com/profile_banners/342296046/1419453970", "profile_background_image_url": "http://abs.twimg.com/images/themes/theme1/bg.png", "name": "Ari Kostadaras", "lang": "en", "profile_background_tile": false, "favourites_count": 102, "screen_name": "AKostadaras", "notifications": false, "url": "http://t.co/fFkR9yDy6P", "created_at": "Mon Jul 25 19:51:53 +0000 2011", "contributors_enabled": false, "time_zone": "Eastern Time (US & Canada)", "protected": false, "default_profile": false, "is_translator": false}, "geo": null, "in_reply_to_user_id_str": "1367531", "lang": "en", "created_at": "Thu Mar 26 18:15:26 +0000 2015", "in_reply_to_status_id_str": "581153923987206146", "place": null}
