{"contributors": null, "truncated": false, "text": "@FoxNews I just wonder if he cried allah un abar b4killing all those people... was he one of the good muslims", "in_reply_to_status_id": 581153923987206146, "id": 581157421273522177, "favorite_count": 1, "source": "<a href=\"http://twitter.com\" rel=\"nofollow\">Twitter Web Client</a>", "retweeted": false, "coordinates": null, "entities": {"symbols": [], "user_mentions": [{"id": 1367531, "indices": [0, 8], "id_str": "1367531", "screen_name": "FoxNews", "name": "Fox News"}], "hashtags": [], "urls": []}, "in_reply_to_screen_name": "FoxNews", "id_str": "581157421273522177", "retweet_count": 0, "in_reply_to_user_id": 1367531, "favorited": false, "user": {"follow_request_sent": false, "profile_use_background_image": true, "profile_text_color": "333333", "default_profile_image": false, "id": 148291255, "profile_background_image_url_https": "https://pbs.twimg.com/profile_background_images/216535690/richard_grieco_im_gonna_see_you_again-320x240.jpg", "verified": false, "profile_location": null, "profile_image_url_https": "https://pbs.twimg.com/profile_images/1896897202/close_up_for_facebook2_normal.JPG", "profile_sidebar_fill_color": "F3F3F3", "entities": {"description": {"urls": []}}, "followers_count": 2653, "profile_sidebar_border_color": "DFDFDF", "id_str": "148291255", "profile_background_color": "EBEBEB", "listed_count": 60, "is_translation_enabled": false, "utc_offset": -18000, "statuses_count": 29246, "description": "married Conservative Republican Christian and the world greatest Richard Grieco fan.", "friends_count": 1804, "location": "United States", "profile_link_color": "990000", "profile_image_url": "http://pbs.twimg.com/profile_images/1896897202/close_up_for_facebook2_normal.JPG", "following": false, "geo_enabled": false, "profile_banner_url": "https://pbs.twimg.com/profile_banners/148291255/1410189370", "profile_background_image_url": "http://pbs.twimg.com/profile_background_images/216535690/richard_grieco_im_gonna_see_you_again-320x240.jpg", "name": "Laurinda Cole", "lang": "en", "profile_background_tile": true, "favourites_count": 6719, "screen_name": "apostlelaurinda", "notifications": false, "url": null, "created_at": "Wed May 26 09:46:30 +0000 2010", "contributors_enabled": false, "time_zone": "Central Time (US & Canada)", "protected": false, "default_profile": false, "is_translator": false}, "geo": null, "in_reply_to_user_id_str": "1367531", "lang": "en", "created_at": "Thu Mar 26 18:15:01 +0000 2015", "in_reply_to_status_id_str": "581153923987206146", "place": null}
