{"contributors": null, "truncated": false, "text": "@EddieSureman can't help but laugh at people that respond like that lol. Why didn't you just not respond cause you obviously read the tweet", "in_reply_to_status_id": 581190518044000256, "id": 581202636965355521, "favorite_count": 0, "source": "<a href=\"http://twitter.com/download/iphone\" rel=\"nofollow\">Twitter for iPhone</a>", "retweeted": false, "coordinates": null, "entities": {"symbols": [], "user_mentions": [{"id": 412870436, "indices": [0, 13], "id_str": "412870436", "screen_name": "EddieSureman", "name": "Eddie Sureman"}], "hashtags": [], "urls": []}, "in_reply_to_screen_name": "EddieSureman", "id_str": "581202636965355521", "retweet_count": 0, "in_reply_to_user_id": 412870436, "favorited": false, "user": {"follow_request_sent": false, "profile_use_background_image": true, "profile_text_color": "333333", "default_profile_image": false, "id": 295198089, "profile_background_image_url_https": "https://abs.twimg.com/images/themes/theme1/bg.png", "verified": false, "profile_location": null, "profile_image_url_https": "https://pbs.twimg.com/profile_images/574170060362772480/yp8CVVRm_normal.jpeg", "profile_sidebar_fill_color": "DDEEF6", "entities": {"description": {"urls": []}}, "followers_count": 22, "profile_sidebar_border_color": "C0DEED", "id_str": "295198089", "profile_background_color": "C0DEED", "listed_count": 0, "is_translation_enabled": false, "utc_offset": null, "statuses_count": 1614, "description": "", "friends_count": 121, "location": "Atlanta,Ga", "profile_link_color": "0084B4", "profile_image_url": "http://pbs.twimg.com/profile_images/574170060362772480/yp8CVVRm_normal.jpeg", "following": false, "geo_enabled": false, "profile_background_image_url": "http://abs.twimg.com/images/themes/theme1/bg.png", "name": "Slaven", "lang": "en", "profile_background_tile": false, "favourites_count": 802, "screen_name": "J_Slaven13", "notifications": false, "url": null, "created_at": "Sun May 08 15:15:04 +0000 2011", "contributors_enabled": false, "time_zone": null, "protected": false, "default_profile": true, "is_translator": false}, "geo": null, "in_reply_to_user_id_str": "412870436", "lang": "en", "created_at": "Thu Mar 26 21:14:41 +0000 2015", "in_reply_to_status_id_str": "581190518044000256", "place": null}
