{"contributors":null,"truncated":false,"text":"The gunman in Ottawa has been shot and killed. I'm at a loss for words this morning. That isn't my Canada.","in_reply_to_status_id":null,"id":524932935137628160,"favorite_count":331,"source":"<a href=\"http:\/\/twitter.com\" rel=\"nofollow\">Twitter Web Client<\/a>","retweeted":false,"coordinates":null,"entities":{"symbols":[],"user_mentions":[],"hashtags":[],"urls":[]},"in_reply_to_screen_name":null,"id_str":"524932935137628160","retweet_count":225,"in_reply_to_user_id":null,"favorited":false,"user":{"follow_request_sent":false,"profile_use_background_image":true,"default_profile_image":false,"id":22872643,"profile_background_image_url_https":"https:\/\/pbs.twimg.com\/profile_background_images\/15026724\/Care-O-Meter2.gif","verified":true,"profile_text_color":"211D1F","profile_image_url_https":"https:\/\/pbs.twimg.com\/profile_images\/583769950591909888\/3RfEdTLh_normal.jpg","profile_sidebar_fill_color":"F0EBD3","entities":{"description":{"urls":[]}},"followers_count":590928,"profile_sidebar_border_color":"000000","id_str":"22872643","profile_background_color":"D8D8ED","listed_count":11931,"is_translation_enabled":true,"utc_offset":-21600,"statuses_count":5865,"description":"New York Times Bestselling Author. I want to be the kind of girl Beyonce would be proud of. I am your Perestroika\r\n\r\nInstagram: kellyoxford","friends_count":907,"location":"","profile_link_color":"858AAD","profile_image_url":"http:\/\/pbs.twimg.com\/profile_images\/583769950591909888\/3RfEdTLh_normal.jpg","following":false,"geo_enabled":false,"profile_banner_url":"https:\/\/pbs.twimg.com\/profile_banners\/22872643\/1398199449","profile_background_image_url":"http:\/\/pbs.twimg.com\/profile_background_images\/15026724\/Care-O-Meter2.gif","screen_name":"kellyoxford","lang":"en","profile_background_tile":true,"favourites_count":26750,"name":"kelly oxford","notifications":false,"url":null,"created_at":"Thu Mar 05 03:24:25 +0000 2009","contributors_enabled":false,"time_zone":"Mountain Time (US & Canada)","protected":false,"default_profile":false,"is_translator":false},"geo":null,"in_reply_to_user_id_str":null,"lang":"en","created_at":"Wed Oct 22 14:38:59 +0000 2014","in_reply_to_status_id_str":null,"place":null}