{"contributors":null,"truncated":false,"text":"Hostages held in Sydney cafe, Islamic flag seen in window: local TV http:\/\/t.co\/BF78HpFgWh","in_reply_to_status_id":null,"id":544282449388519424,"favorite_count":66,"source":"<a href=\"http:\/\/www.socialflow.com\" rel=\"nofollow\">SocialFlow<\/a>","retweeted":false,"coordinates":null,"entities":{"symbols":[],"user_mentions":[],"hashtags":[],"urls":[{"url":"http:\/\/t.co\/BF78HpFgWh","indices":[68,90],"expanded_url":"http:\/\/reut.rs\/1xiOVNc","display_url":"reut.rs\/1xiOVNc"}]},"in_reply_to_screen_name":null,"id_str":"544282449388519424","retweet_count":392,"in_reply_to_user_id":null,"favorited":false,"user":{"follow_request_sent":false,"profile_use_background_image":true,"profile_text_color":"000000","default_profile_image":false,"id":1652541,"profile_background_image_url_https":"https:\/\/pbs.twimg.com\/profile_background_images\/735542174\/340f8869cdcabbcc436096587143cc38.png","verified":true,"profile_location":null,"profile_image_url_https":"https:\/\/pbs.twimg.com\/profile_images\/3379693153\/1008914c0ae75c9efb5f9c0161fce9a2_normal.png","profile_sidebar_fill_color":"F5F5F5","entities":{"url":{"urls":[{"url":"http:\/\/t.co\/BmHxhkm3Mh","indices":[0,22],"expanded_url":"http:\/\/www.reuters.com","display_url":"reuters.com"}]},"description":{"urls":[]}},"followers_count":5637829,"profile_sidebar_border_color":"000000","id_str":"1652541","profile_background_color":"444444","listed_count":88899,"is_translation_enabled":true,"utc_offset":-18000,"statuses_count":112870,"description":"Top and breaking news, pictures, and videos from Reuters.","friends_count":1043,"location":"Around the world","profile_link_color":"006F97","profile_image_url":"http:\/\/pbs.twimg.com\/profile_images\/3379693153\/1008914c0ae75c9efb5f9c0161fce9a2_normal.png","following":false,"geo_enabled":false,"profile_banner_url":"https:\/\/pbs.twimg.com\/profile_banners\/1652541\/1418412552","profile_background_image_url":"http:\/\/pbs.twimg.com\/profile_background_images\/735542174\/340f8869cdcabbcc436096587143cc38.png","name":"Reuters Top News","lang":"en","profile_background_tile":false,"favourites_count":843,"screen_name":"Reuters","notifications":false,"url":"http:\/\/t.co\/BmHxhkm3Mh","created_at":"Tue Mar 20 17:46:05 +0000 2007","contributors_enabled":false,"time_zone":"Eastern Time (US & Canada)","protected":false,"default_profile":false,"is_translator":false},"geo":null,"in_reply_to_user_id_str":null,"possibly_sensitive":false,"lang":"en","created_at":"Mon Dec 15 00:07:02 +0000 2014","in_reply_to_status_id_str":null,"place":null}