{"contributors":null,"truncated":false,"text":"@RT_com jetzt gehts hier schon zu wie in Amerika, Live\u00fcbertragung von Verfolgungsfahrten mit Heli-Einsatz ... Mann, wenn das SO weitergeht","in_reply_to_status_id":553476880339599360,"id":553478941798051841,"favorite_count":0,"source":"<a href=\"http:\/\/twitter.com\" rel=\"nofollow\">Twitter Web Client<\/a>","retweeted":false,"coordinates":null,"entities":{"symbols":[],"user_mentions":[{"id":64643056,"indices":[0,7],"id_str":"64643056","screen_name":"RT_com","name":"RT"}],"hashtags":[],"urls":[]},"in_reply_to_screen_name":"RT_com","id_str":"553478941798051841","retweet_count":0,"in_reply_to_user_id":64643056,"favorited":false,"user":{"follow_request_sent":false,"profile_use_background_image":false,"profile_text_color":"333333","default_profile_image":false,"id":609355875,"profile_background_image_url_https":"https:\/\/pbs.twimg.com\/profile_background_images\/553293078421712896\/CgfEBWeM.jpeg","verified":false,"profile_location":null,"profile_image_url_https":"https:\/\/pbs.twimg.com\/profile_images\/569755092492881920\/NibxhKBN_normal.jpeg","profile_sidebar_fill_color":"DDEEF6","entities":{"description":{"urls":[]}},"followers_count":2341,"profile_sidebar_border_color":"000000","id_str":"609355875","profile_background_color":"8A969C","listed_count":118,"is_translation_enabled":false,"utc_offset":3600,"statuses_count":10741,"description":"#Livestream #Oper #HumanAnimalNatureRights","friends_count":2561,"location":"107.517 km\/h + 1.667 km\/h","profile_link_color":"1A799C","profile_image_url":"http:\/\/pbs.twimg.com\/profile_images\/569755092492881920\/NibxhKBN_normal.jpeg","following":false,"geo_enabled":false,"profile_banner_url":"https:\/\/pbs.twimg.com\/profile_banners\/609355875\/1421532918","profile_background_image_url":"http:\/\/pbs.twimg.com\/profile_background_images\/553293078421712896\/CgfEBWeM.jpeg","name":"sphericon","lang":"de","profile_background_tile":false,"favourites_count":37961,"screen_name":"sphericon","notifications":false,"url":null,"created_at":"Fri Jun 15 17:16:12 +0000 2012","contributors_enabled":false,"time_zone":"Paris","protected":false,"default_profile":false,"is_translator":false},"geo":null,"in_reply_to_user_id_str":"64643056","lang":"de","created_at":"Fri Jan 09 09:10:37 +0000 2015","in_reply_to_status_id_str":"553476880339599360","place":null}