{"contributors": null, "truncated": false, "text": "@RT_com Geschickt w\u00e4re, die 2 T\u00e4ter auszul\u00f6schen, dann g\u00e4be es keinen st\u00f6renden, verr\u00e4terischen PROOZESS mehr anschl.", "in_reply_to_status_id": 553480929612943361, "id": 553484905125281792, "favorite_count": 0, "source": "<a href=\"http://twitter.com\" rel=\"nofollow\">Twitter Web Client</a>", "retweeted": false, "coordinates": null, "entities": {"symbols": [], "user_mentions": [{"id": 64643056, "indices": [0, 7], "id_str": "64643056", "screen_name": "RT_com", "name": "RT"}], "hashtags": [], "urls": []}, "in_reply_to_screen_name": "weidenkatzl", "id_str": "553484905125281792", "retweet_count": 0, "in_reply_to_user_id": 2941652236, "favorited": false, "user": {"follow_request_sent": false, "profile_use_background_image": false, "profile_text_color": "000000", "default_profile_image": false, "id": 2941652236, "profile_background_image_url_https": "https://abs.twimg.com/images/themes/theme1/bg.png", "verified": false, "profile_location": null, "profile_image_url_https": "https://pbs.twimg.com/profile_images/549773768680144897/f4yd247l_normal.jpeg", "profile_sidebar_fill_color": "000000", "entities": {"description": {"urls": []}}, "followers_count": 193, "profile_sidebar_border_color": "000000", "id_str": "2941652236", "profile_background_color": "000000", "listed_count": 1, "is_translation_enabled": false, "utc_offset": 3600, "statuses_count": 4280, "description": "ICQ Fan - Musik, Politik, Natur, Heidentum, Ziegen, Katzen, Filmkunst,  Non-Mainstream, Wetter FOTOs  uvam  . too old to rock`n roll, to young to die. Korrespon", "friends_count": 354, "location": "Schwarzwald / Alemania", "profile_link_color": "9266CC", "profile_image_url": "http://pbs.twimg.com/profile_images/549773768680144897/f4yd247l_normal.jpeg", "following": false, "geo_enabled": false, "profile_background_image_url": "http://abs.twimg.com/images/themes/theme1/bg.png", "name": "Anton Heideman", "lang": "de", "profile_background_tile": false, "favourites_count": 1628, "screen_name": "weidenkatzl", "notifications": false, "url": null, "created_at": "Fri Dec 26 02:05:53 +0000 2014", "contributors_enabled": false, "time_zone": "Paris", "protected": false, "default_profile": false, "is_translator": false}, "geo": null, "in_reply_to_user_id_str": "2941652236", "lang": "de", "created_at": "Fri Jan 09 09:34:19 +0000 2015", "in_reply_to_status_id_str": "553480929612943361", "place": null}
