{"contributors":null,"truncated":false,"text":"@weidenkatzl @RT_com Du glaubst doch nicht ernsthaft, das die beiden muslimischen M\u00f6rder da LEBEND herauskommen!?","in_reply_to_status_id":553484905125281792,"id":553496235320303616,"favorite_count":0,"source":"<a href=\"http:\/\/twitter.com\/download\/android\" rel=\"nofollow\">Twitter for Android<\/a>","retweeted":false,"coordinates":null,"entities":{"symbols":[],"user_mentions":[{"id":2941652236,"indices":[0,12],"id_str":"2941652236","screen_name":"weidenkatzl","name":"Anton Heideman"},{"id":64643056,"indices":[13,20],"id_str":"64643056","screen_name":"RT_com","name":"RT"}],"hashtags":[],"urls":[]},"in_reply_to_screen_name":"weidenkatzl","id_str":"553496235320303616","retweet_count":0,"in_reply_to_user_id":2941652236,"favorited":false,"user":{"follow_request_sent":false,"profile_use_background_image":true,"profile_text_color":"333333","default_profile_image":false,"id":334136215,"profile_background_image_url_https":"https:\/\/pbs.twimg.com\/profile_background_images\/833725554\/57fe5954618a1fbc20aa1b40dedd2ba4.jpeg","verified":false,"profile_location":null,"profile_image_url_https":"https:\/\/pbs.twimg.com\/profile_images\/563991848122068992\/_U_d62kL_normal.jpeg","profile_sidebar_fill_color":"DDEEF6","entities":{"description":{"urls":[]}},"followers_count":638,"profile_sidebar_border_color":"FFFFFF","id_str":"334136215","profile_background_color":"8B542B","listed_count":17,"is_translation_enabled":false,"utc_offset":3600,"statuses_count":15491,"description":"Anti Islam \/ #DR \/ #WR \/ Nur die Toten haben das Ende des Krieges gesehen!","friends_count":569,"location":"","profile_link_color":"9D592E","profile_image_url":"http:\/\/pbs.twimg.com\/profile_images\/563991848122068992\/_U_d62kL_normal.jpeg","following":false,"geo_enabled":false,"profile_banner_url":"https:\/\/pbs.twimg.com\/profile_banners\/334136215\/1400929059","profile_background_image_url":"http:\/\/pbs.twimg.com\/profile_background_images\/833725554\/57fe5954618a1fbc20aa1b40dedd2ba4.jpeg","name":"SENTENZA NP #DR #WR","lang":"de","profile_background_tile":true,"favourites_count":10484,"screen_name":"sentenza66","notifications":false,"url":null,"created_at":"Tue Jul 12 16:46:06 +0000 2011","contributors_enabled":false,"time_zone":"Amsterdam","protected":false,"default_profile":false,"is_translator":false},"geo":null,"in_reply_to_user_id_str":"2941652236","lang":"de","created_at":"Fri Jan 09 10:19:20 +0000 2015","in_reply_to_status_id_str":"553484905125281792","place":null}