{"contributors":null,"truncated":false,"text":"@RT_com found similar by @hempembassy here:~ http:\/\/t.co\/5e0AXpCueV entitled: 'Police raid cannabis crops'","in_reply_to_status_id":553476880339599360,"id":555631356286234624,"favorite_count":0,"source":"<a href=\"http:\/\/simonaroberts.com\" rel=\"nofollow\">SimonARoberts dot Com<\/a>","retweeted":false,"coordinates":null,"entities":{"symbols":[],"user_mentions":[{"id":64643056,"indices":[0,7],"id_str":"64643056","screen_name":"RT_com","name":"RT"},{"id":22445331,"indices":[25,37],"id_str":"22445331","screen_name":"hempembassy","name":"HEMP Embassy"}],"hashtags":[],"urls":[{"url":"http:\/\/t.co\/5e0AXpCueV","indices":[45,67],"expanded_url":"http:\/\/hempembassy.net\/modules\/xforum\/viewtopic.php?forum=21&topic_id=1683&post_id=2743#forumpost2743","display_url":"hempembassy.net\/modules\/xforum\u2026"}]},"in_reply_to_screen_name":"RT_com","id_str":"555631356286234624","retweet_count":0,"in_reply_to_user_id":64643056,"favorited":false,"user":{"follow_request_sent":false,"profile_use_background_image":true,"profile_text_color":"152C4F","default_profile_image":false,"id":39871064,"profile_background_image_url_https":"https:\/\/pbs.twimg.com\/profile_background_images\/547177764575404032\/uF_fvJBY.png","verified":false,"profile_location":null,"profile_image_url_https":"https:\/\/pbs.twimg.com\/profile_images\/586383828098224128\/-GYzYAM8_normal.jpg","profile_sidebar_fill_color":"91C7AA","entities":{"url":{"urls":[{"url":"http:\/\/t.co\/kPu5VWN3YL","indices":[0,22],"expanded_url":"http:\/\/blog.simonaroberts.com","display_url":"blog.simonaroberts.com"}]},"description":{"urls":[{"url":"http:\/\/t.co\/ZXnZ4jrc7y","indices":[46,68],"expanded_url":"http:\/\/labs.coop","display_url":"labs.coop"},{"url":"http:\/\/t.co\/jjsHp9j6PU","indices":[75,97],"expanded_url":"http:\/\/bit.ly\/MyVCard","display_url":"bit.ly\/MyVCard"},{"url":"http:\/\/t.co\/n1A2kBXHj4","indices":[133,155],"expanded_url":"http:\/\/bit.ly\/openrend","display_url":"bit.ly\/openrend"}]}},"followers_count":4047,"profile_sidebar_border_color":"000000","id_str":"39871064","profile_background_color":"009111","listed_count":191,"is_translation_enabled":false,"utc_offset":39600,"statuses_count":522300,"description":"Omnipotent EBE; Major Internet Founder | #CEO http:\/\/t.co\/ZXnZ4jrc7y vCard http:\/\/t.co\/jjsHp9j6PU | Opted no @verified | @OpenRend - http:\/\/t.co\/n1A2kBXHj4","friends_count":2894,"location":"Marrickville, NSW, Australia","profile_link_color":"EE3333","profile_image_url":"http:\/\/pbs.twimg.com\/profile_images\/586383828098224128\/-GYzYAM8_normal.jpg","following":false,"geo_enabled":true,"profile_banner_url":"https:\/\/pbs.twimg.com\/profile_banners\/39871064\/1420113803","profile_background_image_url":"http:\/\/pbs.twimg.com\/profile_background_images\/547177764575404032\/uF_fvJBY.png","name":"\u2764  Simon A Roberts \u2764","lang":"en","profile_background_tile":true,"favourites_count":218,"screen_name":"Cipherhouse","notifications":false,"url":"http:\/\/t.co\/kPu5VWN3YL","created_at":"Wed May 13 23:40:43 +0000 2009","contributors_enabled":false,"time_zone":"Sydney","protected":false,"default_profile":false,"is_translator":false},"geo":null,"in_reply_to_user_id_str":"64643056","possibly_sensitive":true,"lang":"en","created_at":"Thu Jan 15 07:43:33 +0000 2015","in_reply_to_status_id_str":"553476880339599360","place":null}