{"contributors":null,"truncated":false,"text":"#BREAKING #GERMANWINGS co-pilot confirmed name at Press Conference: FirstName: Andreas Guenter \/ LastName: Lubitz","in_reply_to_status_id":null,"id":581063957684850688,"favorite_count":4,"source":"<a href=\"http:\/\/twitter.com\" rel=\"nofollow\">Twitter Web Client<\/a>","retweeted":false,"coordinates":null,"entities":{"user_mentions":[],"symbols":[],"trends":[],"hashtags":[{"indices":[0,9],"text":"BREAKING"},{"indices":[10,22],"text":"GERMANWINGS"}],"urls":[]},"in_reply_to_screen_name":null,"id_str":"581063957684850688","retweet_count":36,"in_reply_to_user_id":null,"favorited":false,"user":{"follow_request_sent":null,"profile_use_background_image":true,"default_profile_image":false,"id":26738483,"verified":true,"profile_image_url_https":"https:\/\/pbs.twimg.com\/profile_images\/3606461598\/cb816d951cb0a66d9fec6fdae67f0482_normal.jpeg","profile_sidebar_fill_color":"F2F2F2","profile_text_color":"383838","followers_count":44886,"profile_sidebar_border_color":"FFFFFF","id_str":"26738483","profile_background_color":"D99AE8","listed_count":961,"profile_background_image_url_https":"https:\/\/pbs.twimg.com\/profile_background_images\/378800000171852715\/gsUQoTEb.jpeg","utc_offset":0,"statuses_count":13974,"description":"International Affairs Correspondent, ABC America","friends_count":733,"location":"","profile_link_color":"0084B4","profile_image_url":"http:\/\/pbs.twimg.com\/profile_images\/3606461598\/cb816d951cb0a66d9fec6fdae67f0482_normal.jpeg","following":null,"geo_enabled":false,"profile_banner_url":"https:\/\/pbs.twimg.com\/profile_banners\/26738483\/1390275688","profile_background_image_url":"http:\/\/pbs.twimg.com\/profile_background_images\/378800000171852715\/gsUQoTEb.jpeg","name":"Hamish Macdonald","lang":"en","profile_background_tile":true,"favourites_count":490,"screen_name":"hamishNews","notifications":null,"url":null,"created_at":"Thu Mar 26 12:33:47 +0000 2009","contributors_enabled":false,"time_zone":"London","protected":false,"default_profile":false,"is_translator":false},"geo":null,"in_reply_to_user_id_str":null,"possibly_sensitive":false,"lang":"en","created_at":"Thu Mar 26 12:03:37 +0000 2015","filter_level":"low","in_reply_to_status_id_str":null,"place":null}