{"contributors":null,"truncated":false,"text":"DEVELOPING: Police pursuing #CharlieHebdo shooting suspects, helicopters deployed - LIVE FEED: http:\/\/t.co\/GRxHibEau2 http:\/\/t.co\/pDlmmCax1B","in_reply_to_status_id":null,"id":553476880339599360,"favorite_count":19,"source":"<a href=\"https:\/\/about.twitter.com\/products\/tweetdeck\" rel=\"nofollow\">TweetDeck<\/a>","retweeted":false,"coordinates":null,"entities":{"symbols":[],"media":[{"expanded_url":"http:\/\/twitter.com\/RT_com\/status\/553476880339599360\/photo\/1","display_url":"pic.twitter.com\/pDlmmCax1B","url":"http:\/\/t.co\/pDlmmCax1B","media_url_https":"https:\/\/pbs.twimg.com\/media\/B65YERmCEAAJ7Sa.png","id_str":"553476634678792192","sizes":{"small":{"h":189,"resize":"fit","w":340},"large":{"h":519,"resize":"fit","w":929},"medium":{"h":334,"resize":"fit","w":600},"thumb":{"h":150,"resize":"crop","w":150}},"indices":[118,140],"type":"photo","id":553476634678792192,"media_url":"http:\/\/pbs.twimg.com\/media\/B65YERmCEAAJ7Sa.png"}],"hashtags":[{"indices":[28,41],"text":"CharlieHebdo"}],"user_mentions":[],"trends":[],"urls":[{"url":"http:\/\/t.co\/GRxHibEau2","indices":[95,117],"expanded_url":"http:\/\/on.rt.com\/psgnqk","display_url":"on.rt.com\/psgnqk"}]},"in_reply_to_screen_name":null,"id_str":"553476880339599360","retweet_count":101,"in_reply_to_user_id":null,"favorited":false,"user":{"follow_request_sent":null,"profile_use_background_image":true,"default_profile_image":false,"id":64643056,"verified":true,"profile_image_url_https":"https:\/\/pbs.twimg.com\/profile_images\/423103093069205504\/eTXULFRS_normal.png","profile_sidebar_fill_color":"EBEBEB","profile_text_color":"000000","followers_count":843768,"profile_sidebar_border_color":"FFFFFF","id_str":"64643056","profile_background_color":"1D1D1D","listed_count":13599,"profile_background_image_url_https":"https:\/\/pbs.twimg.com\/profile_background_images\/448107225769193472\/16jIvlg2.jpeg","utc_offset":14400,"statuses_count":105173,"description":"RT, the global news network, broadcasts from Moscow, London and Washington studios to over 100 countries.","friends_count":460,"location":"","profile_link_color":"3D990F","profile_image_url":"http:\/\/pbs.twimg.com\/profile_images\/423103093069205504\/eTXULFRS_normal.png","following":null,"geo_enabled":false,"profile_banner_url":"https:\/\/pbs.twimg.com\/profile_banners\/64643056\/1409741388","profile_background_image_url":"http:\/\/pbs.twimg.com\/profile_background_images\/448107225769193472\/16jIvlg2.jpeg","name":"RT","lang":"en","profile_background_tile":false,"favourites_count":26,"screen_name":"RT_com","notifications":null,"url":"http:\/\/RT.com","created_at":"Tue Aug 11 06:12:45 +0000 2009","contributors_enabled":false,"time_zone":"Moscow","protected":false,"default_profile":false,"is_translator":false},"geo":null,"in_reply_to_user_id_str":null,"possibly_sensitive":false,"lang":"en","created_at":"Fri Jan 09 09:02:26 +0000 2015","filter_level":"low","in_reply_to_status_id_str":null,"place":null,"extended_entities":{"media":[{"expanded_url":"http:\/\/twitter.com\/RT_com\/status\/553476880339599360\/photo\/1","display_url":"pic.twitter.com\/pDlmmCax1B","url":"http:\/\/t.co\/pDlmmCax1B","media_url_https":"https:\/\/pbs.twimg.com\/media\/B65YERmCEAAJ7Sa.png","id_str":"553476634678792192","sizes":{"small":{"h":189,"resize":"fit","w":340},"large":{"h":519,"resize":"fit","w":929},"medium":{"h":334,"resize":"fit","w":600},"thumb":{"h":150,"resize":"crop","w":150}},"indices":[118,140],"type":"photo","id":553476634678792192,"media_url":"http:\/\/pbs.twimg.com\/media\/B65YERmCEAAJ7Sa.png"}]}}