{"contributors":null,"truncated":false,"text":"schoolmates of co-pilot who crashed #4U9525 tell german reporters he took 6-months break from flight training in 2009 due to burnout-syndrom","in_reply_to_status_id":null,"id":581107798932631552,"favorite_count":27,"source":"<a href=\"http:\/\/twitter.com\/download\/iphone\" rel=\"nofollow\">Twitter for iPhone<\/a>","retweeted":false,"coordinates":{"type":"Point","coordinates":[13.37603,52.515331]},"entities":{"user_mentions":[],"symbols":[],"trends":[],"hashtags":[{"indices":[36,43],"text":"4U9525"}],"urls":[]},"in_reply_to_screen_name":null,"id_str":"581107798932631552","retweet_count":113,"in_reply_to_user_id":null,"favorited":false,"user":{"follow_request_sent":null,"profile_use_background_image":true,"default_profile_image":false,"id":255187660,"verified":true,"profile_image_url_https":"https:\/\/pbs.twimg.com\/profile_images\/1273395603\/image_normal.jpg","profile_sidebar_fill_color":"DDEEF6","profile_text_color":"333333","followers_count":4019,"profile_sidebar_border_color":"C0DEED","id_str":"255187660","profile_background_color":"C0DEED","listed_count":188,"profile_background_image_url_https":"https:\/\/abs.twimg.com\/images\/themes\/theme1\/bg.png","utc_offset":null,"statuses_count":1584,"description":"Chief Correspondent for the online edition of DER SPIEGEL \/ Germany","friends_count":1148,"location":"Berlin (base)","profile_link_color":"0084B4","profile_image_url":"http:\/\/pbs.twimg.com\/profile_images\/1273395603\/image_normal.jpg","following":null,"geo_enabled":true,"profile_background_image_url":"http:\/\/abs.twimg.com\/images\/themes\/theme1\/bg.png","name":"Matthias Gebauer","lang":"en","profile_background_tile":false,"favourites_count":12,"screen_name":"gebauerspon","notifications":null,"url":"http:\/\/www.spiegel.de","created_at":"Sun Feb 20 21:23:09 +0000 2011","contributors_enabled":false,"time_zone":null,"protected":false,"default_profile":true,"is_translator":false},"geo":{"type":"Point","coordinates":[52.515331,13.37603]},"in_reply_to_user_id_str":null,"possibly_sensitive":false,"lang":"en","created_at":"Thu Mar 26 14:57:50 +0000 2015","filter_level":"low","in_reply_to_status_id_str":null,"place":{"full_name":"Berlin, Germany","url":"https:\/\/api.twitter.com\/1.1\/geo\/id\/3078869807f9dd36.json","country":"Deutschland","place_type":"city","bounding_box":{"type":"Polygon","coordinates":[[[13.088304,52.338079],[13.088304,52.675323],[13.760909,52.675323],[13.760909,52.338079]]]},"country_code":"DE","attributes":{},"id":"3078869807f9dd36","name":"Berlin"}}