{"contributors":null,"truncated":false,"text":"Shooting in downtown Ottawa, police evacuating Rideau Centre and closing off Wellington. Stay safe #uOttawa students","in_reply_to_status_id":null,"id":524932327907270656,"favorite_count":14,"source":"<a href=\"http:\/\/twitter.com\" rel=\"nofollow\">Twitter Web Client<\/a>","retweeted":false,"coordinates":null,"entities":{"symbols":[],"user_mentions":[],"hashtags":[{"indices":[99,107],"text":"uOttawa"}],"urls":[]},"in_reply_to_screen_name":null,"id_str":"524932327907270656","retweet_count":110,"in_reply_to_user_id":null,"favorited":false,"user":{"follow_request_sent":false,"profile_use_background_image":true,"default_profile_image":false,"id":18277355,"profile_background_image_url_https":"https:\/\/abs.twimg.com\/images\/themes\/theme14\/bg.gif","verified":false,"profile_text_color":"333333","profile_image_url_https":"https:\/\/pbs.twimg.com\/profile_images\/1865086597\/SFUO_in_the_red_normal.gif","profile_sidebar_fill_color":"EFEFEF","entities":{"url":{"urls":[{"url":"http:\/\/t.co\/mSP5fGq5MN","indices":[0,22],"expanded_url":"http:\/\/sfuo.ca","display_url":"sfuo.ca"}]},"description":{"urls":[]}},"followers_count":3597,"profile_sidebar_border_color":"EEEEEE","id_str":"18277355","profile_background_color":"131516","listed_count":84,"is_translation_enabled":false,"utc_offset":-14400,"statuses_count":1871,"description":"La F\u00e9d\u00e9ration \u00c9tudiante de l'Universit\u00e9 d'Ottawa!\r\n\r\nThe Student Federation of the University of Ottawa!","friends_count":1895,"location":"Ottawa, Canada","profile_link_color":"009999","profile_image_url":"http:\/\/pbs.twimg.com\/profile_images\/1865086597\/SFUO_in_the_red_normal.gif","following":false,"geo_enabled":false,"profile_banner_url":"https:\/\/pbs.twimg.com\/profile_banners\/18277355\/1402668172","profile_background_image_url":"http:\/\/abs.twimg.com\/images\/themes\/theme14\/bg.gif","screen_name":"SFUO_FEUO","lang":"en","profile_background_tile":true,"favourites_count":60,"name":"SFUO F\u00c9UO","notifications":false,"url":"http:\/\/t.co\/mSP5fGq5MN","created_at":"Sun Dec 21 02:27:36 +0000 2008","contributors_enabled":false,"time_zone":"Eastern Time (US & Canada)","protected":false,"default_profile":false,"is_translator":false},"geo":null,"in_reply_to_user_id_str":null,"lang":"en","created_at":"Wed Oct 22 14:36:34 +0000 2014","in_reply_to_status_id_str":null,"place":null}