{"contributors":null,"truncated":false,"text":"French prosecutor names co-pilot of #germanwings plane that crashed in the Alps as Andreas Lubitz. He was at controls of plane.","in_reply_to_status_id":null,"id":581064144394285056,"favorite_count":21,"source":"<a href=\"http:\/\/www.hootsuite.com\" rel=\"nofollow\">Hootsuite<\/a>","retweeted":false,"coordinates":null,"entities":{"user_mentions":[],"symbols":[],"trends":[],"hashtags":[{"indices":[36,48],"text":"germanwings"}],"urls":[]},"in_reply_to_screen_name":null,"id_str":"581064144394285056","retweet_count":67,"in_reply_to_user_id":null,"favorited":false,"user":{"follow_request_sent":null,"profile_use_background_image":false,"default_profile_image":false,"id":15754281,"verified":true,"profile_image_url_https":"https:\/\/pbs.twimg.com\/profile_images\/461560356314165249\/Ik1AqEj4_normal.png","profile_sidebar_fill_color":"FFFFFF","profile_text_color":"000000","followers_count":1537786,"profile_sidebar_border_color":"FFFFFF","id_str":"15754281","profile_background_color":"0092D0","listed_count":24904,"profile_background_image_url_https":"https:\/\/pbs.twimg.com\/profile_background_images\/378800000089862470\/7aa9f896147a89917aa047e30ab6ebc2.jpeg","utc_offset":-14400,"statuses_count":113944,"description":"The latest news and most interesting stories from USA TODAY. News that's meant to be shared.","friends_count":800,"location":"USA TODAY HQ, McLean, Va.","profile_link_color":"0000FF","profile_image_url":"http:\/\/pbs.twimg.com\/profile_images\/461560356314165249\/Ik1AqEj4_normal.png","following":null,"geo_enabled":false,"profile_banner_url":"https:\/\/pbs.twimg.com\/profile_banners\/15754281\/1414526404","profile_background_image_url":"http:\/\/pbs.twimg.com\/profile_background_images\/378800000089862470\/7aa9f896147a89917aa047e30ab6ebc2.jpeg","name":"USA TODAY","lang":"en","profile_background_tile":false,"favourites_count":942,"screen_name":"USATODAY","notifications":null,"url":"http:\/\/www.usatoday.com","created_at":"Wed Aug 06 19:55:31 +0000 2008","contributors_enabled":false,"time_zone":"Eastern Time (US & Canada)","protected":false,"default_profile":false,"is_translator":false},"geo":null,"in_reply_to_user_id_str":null,"possibly_sensitive":false,"lang":"en","created_at":"Thu Mar 26 12:04:22 +0000 2015","filter_level":"low","in_reply_to_status_id_str":null,"place":null}