{"contributors": null, "truncated": false, "text": "Schulfreunde in Montabaur oder in Bremen? Danke @gebauerspon", "in_reply_to_status_id": 581107798932631552, "id": 581193493739139072, "favorite_count": 0, "source": "<a href=\"http://twitter.com/download/iphone\" rel=\"nofollow\">Twitter for iPhone</a>", "retweeted": false, "coordinates": null, "entities": {"symbols": [], "user_mentions": [{"id": 255187660, "indices": [48, 60], "id_str": "255187660", "screen_name": "gebauerspon", "name": "Matthias Gebauer"}], "hashtags": [], "urls": []}, "in_reply_to_screen_name": "gebauerspon", "id_str": "581193493739139072", "retweet_count": 0, "in_reply_to_user_id": 255187660, "favorited": false, "user": {"follow_request_sent": false, "profile_use_background_image": true, "profile_text_color": "333333", "default_profile_image": false, "id": 207441433, "profile_background_image_url_https": "https://abs.twimg.com/images/themes/theme15/bg.png", "verified": true, "profile_location": null, "profile_image_url_https": "https://pbs.twimg.com/profile_images/1307664045/BojanKateSnapshot01_normal.jpg", "profile_sidebar_fill_color": "C0DFEC", "entities": {"description": {"urls": [{"url": "http://t.co/PeVo1Nscid", "indices": [131, 153], "expanded_url": "http://sundaytimes.co.uk", "display_url": "sundaytimes.co.uk"}]}}, "followers_count": 5559, "profile_sidebar_border_color": "A8C7F7", "id_str": "207441433", "profile_background_color": "022330", "listed_count": 455, "is_translation_enabled": false, "utc_offset": 7200, "statuses_count": 4588, "description": "Journalist, Author, #EU Correspondent for @TheSundayTimes of London. Tweeting, mainly, from and about Europe. bojan.pancevski (at) http://t.co/PeVo1Nscid", "friends_count": 908, "location": "", "profile_link_color": "0084B4", "profile_image_url": "http://pbs.twimg.com/profile_images/1307664045/BojanKateSnapshot01_normal.jpg", "following": false, "geo_enabled": false, "profile_banner_url": "https://pbs.twimg.com/profile_banners/207441433/1367510325", "profile_background_image_url": "http://abs.twimg.com/images/themes/theme15/bg.png", "name": "Bojan Pancevski", "lang": "en", "profile_background_tile": false, "favourites_count": 610, "screen_name": "bopanc", "notifications": false, "url": null, "created_at": "Mon Oct 25 10:15:14 +0000 2010", "contributors_enabled": false, "time_zone": "Vienna", "protected": false, "default_profile": false, "is_translator": false}, "geo": null, "in_reply_to_user_id_str": "255187660", "lang": "de", "created_at": "Thu Mar 26 20:38:21 +0000 2015", "in_reply_to_status_id_str": "581107798932631552", "place": null}
