{"contributors": null, "truncated": false, "text": "@gebauerspon Means, we better don't ever fly Lufthansa again, psychos on board? (I could take a break every day due to burnout syndrom)", "in_reply_to_status_id": 581107798932631552, "id": 581165273555832833, "favorite_count": 1, "source": "<a href=\"http://twitter.com\" rel=\"nofollow\">Twitter Web Client</a>", "retweeted": false, "coordinates": null, "entities": {"symbols": [], "user_mentions": [{"id": 255187660, "indices": [0, 12], "id_str": "255187660", "screen_name": "gebauerspon", "name": "Matthias Gebauer"}], "hashtags": [], "urls": []}, "in_reply_to_screen_name": "gebauerspon", "id_str": "581165273555832833", "retweet_count": 1, "in_reply_to_user_id": 255187660, "favorited": false, "user": {"follow_request_sent": false, "profile_use_background_image": true, "profile_text_color": "333333", "default_profile_image": false, "id": 2208541680, "profile_background_image_url_https": "https://pbs.twimg.com/profile_background_images/525513409182191616/zsKXsWXJ.jpeg", "verified": false, "profile_location": null, "profile_image_url_https": "https://pbs.twimg.com/profile_images/378800000774067942/b9d3d12e3eaf41d9ded5745b4f419902_normal.jpeg", "profile_sidebar_fill_color": "EFEFEF", "entities": {"url": {"urls": [{"url": "http://t.co/hYaKGkuMiN", "indices": [0, 22], "expanded_url": "http://www.amazon.com/Quantum-Fading-Strategies-Leveraged-Inverse/dp/3954891026/ref=sr_1_sc_1?ie=UTF8&qid=1403866237&sr=8-1-spell&keywords=andreascseh", "display_url": "amazon.com/Quantum-Fading\u2026"}]}, "description": {"urls": []}}, "followers_count": 1044, "profile_sidebar_border_color": "000000", "id_str": "2208541680", "profile_background_color": "131516", "listed_count": 112, "is_translation_enabled": false, "utc_offset": 28800, "statuses_count": 16047, "description": "Author of Quantum Fading Strategies for Leveraged & Inverse ETFs, # ISBN: 978-395489-102 #Chief Investment Strategist", "friends_count": 1997, "location": "Hong Kong, New York, Budapest", "profile_link_color": "001499", "profile_image_url": "http://pbs.twimg.com/profile_images/378800000774067942/b9d3d12e3eaf41d9ded5745b4f419902_normal.jpeg", "following": false, "geo_enabled": true, "profile_banner_url": "https://pbs.twimg.com/profile_banners/2208541680/1405165443", "profile_background_image_url": "http://pbs.twimg.com/profile_background_images/525513409182191616/zsKXsWXJ.jpeg", "name": "Andreas Cseh", "lang": "en", "profile_background_tile": false, "favourites_count": 31319, "screen_name": "andreascseh", "notifications": false, "url": "http://t.co/hYaKGkuMiN", "created_at": "Fri Nov 22 07:49:08 +0000 2013", "contributors_enabled": false, "time_zone": "Hong Kong", "protected": false, "default_profile": false, "is_translator": false}, "geo": null, "in_reply_to_user_id_str": "255187660", "lang": "en", "created_at": "Thu Mar 26 18:46:13 +0000 2015", "in_reply_to_status_id_str": "581107798932631552", "place": null}
