{"contributors": null, "truncated": false, "text": "@ffschweden @gebauerspon agree, they DO harm themselves, and in some cases do harm others too, like maybe in this one.", "in_reply_to_status_id": 581113676763107328, "id": 581116522640355328, "favorite_count": 1, "source": "<a href=\"http://twitter.com/download/android\" rel=\"nofollow\">Twitter for Android</a>", "retweeted": false, "coordinates": {"type": "Point", "coordinates": [8.6484284, 50.1215028]}, "entities": {"symbols": [], "user_mentions": [{"id": 108621770, "indices": [0, 11], "id_str": "108621770", "screen_name": "ffschweden", "name": "Rainer"}, {"id": 255187660, "indices": [12, 24], "id_str": "255187660", "screen_name": "gebauerspon", "name": "Matthias Gebauer"}], "hashtags": [], "urls": []}, "in_reply_to_screen_name": "ffschweden", "id_str": "581116522640355328", "retweet_count": 0, "in_reply_to_user_id": 108621770, "favorited": false, "user": {"follow_request_sent": false, "profile_use_background_image": true, "profile_text_color": "333333", "default_profile_image": false, "id": 842437584, "profile_background_image_url_https": "https://abs.twimg.com/images/themes/theme1/bg.png", "verified": false, "profile_location": null, "profile_image_url_https": "https://pbs.twimg.com/profile_images/573129657228378112/gigW2IJm_normal.jpeg", "profile_sidebar_fill_color": "DDEEF6", "entities": {"url": {"urls": [{"url": "http://t.co/28z2Ig1OfU", "indices": [0, 22], "expanded_url": "http://instagram.com/e.dzano", "display_url": "instagram.com/e.dzano"}]}, "description": {"urls": []}}, "followers_count": 222, "profile_sidebar_border_color": "C0DEED", "id_str": "842437584", "profile_background_color": "C0DEED", "listed_count": 3, "is_translation_enabled": false, "utc_offset": 10800, "statuses_count": 1421, "description": "A traveller-avgeek-visited many exotic places in Asia, Africa and S.America- still countin  - fluent in german&english", "friends_count": 527, "location": "Bosnia / Germany / theWorld", "profile_link_color": "0084B4", "profile_image_url": "http://pbs.twimg.com/profile_images/573129657228378112/gigW2IJm_normal.jpeg", "following": false, "geo_enabled": true, "profile_banner_url": "https://pbs.twimg.com/profile_banners/842437584/1425479018", "profile_background_image_url": "http://abs.twimg.com/images/themes/theme1/bg.png", "name": "Dzano", "lang": "de", "profile_background_tile": false, "favourites_count": 10577, "screen_name": "EdiFFM", "notifications": false, "url": "http://t.co/28z2Ig1OfU", "created_at": "Sun Sep 23 21:35:48 +0000 2012", "contributors_enabled": false, "time_zone": "Athens", "protected": false, "default_profile": true, "is_translator": false}, "geo": {"type": "Point", "coordinates": [50.1215028, 8.6484284]}, "in_reply_to_user_id_str": "108621770", "lang": "en", "created_at": "Thu Mar 26 15:32:30 +0000 2015", "in_reply_to_status_id_str": "581113676763107328", "place": {"full_name": "Frankfurt, Hessen", "url": "https://api.twitter.com/1.1/geo/id/c589d9d6ed38927c.json", "country": "Deutschland", "place_type": "city", "bounding_box": {"type": "Polygon", "coordinates": [[[8.472715, 50.01552], [8.800496, 50.01552], [8.800496, 50.2269512], [8.472715, 50.2269512]]]}, "contained_within": [], "country_code": "DE", "attributes": {}, "id": "c589d9d6ed38927c", "name": "Frankfurt"}}
