{"contributors": null, "truncated": false, "text": "@gebauerspon \ndon't be an ass gebauer, depression doesn't make you kill 150 people. dark, sadist tendencies do.", "in_reply_to_status_id": 581107798932631552, "id": 581125371187359745, "favorite_count": 2, "source": "<a href=\"http://twitter.com\" rel=\"nofollow\">Twitter Web Client</a>", "retweeted": false, "coordinates": null, "entities": {"symbols": [], "user_mentions": [{"id": 255187660, "indices": [0, 12], "id_str": "255187660", "screen_name": "gebauerspon", "name": "Matthias Gebauer"}], "hashtags": [], "urls": []}, "in_reply_to_screen_name": "gebauerspon", "id_str": "581125371187359745", "retweet_count": 0, "in_reply_to_user_id": 255187660, "favorited": false, "user": {"follow_request_sent": false, "profile_use_background_image": true, "profile_text_color": "333333", "default_profile_image": false, "id": 775646406, "profile_background_image_url_https": "https://abs.twimg.com/images/themes/theme1/bg.png", "verified": false, "profile_location": null, "profile_image_url_https": "https://pbs.twimg.com/profile_images/541194356879675392/sFgFYwdH_normal.jpeg", "profile_sidebar_fill_color": "DDEEF6", "entities": {"url": {"urls": [{"url": "http://t.co/ACa2PEGY8E", "indices": [0, 22], "expanded_url": "http://www.liveleak.com/c/Jon_Rohnson", "display_url": "liveleak.com/c/Jon_Rohnson"}]}, "description": {"urls": []}}, "followers_count": 422, "profile_sidebar_border_color": "C0DEED", "id_str": "775646406", "profile_background_color": "C0DEED", "listed_count": 17, "is_translation_enabled": false, "utc_offset": null, "statuses_count": 27650, "description": "Covert PSYOP is not a function of the U.S. military but instead is used in special operations due to their political sensitivity & need for compartmentalization", "friends_count": 45, "location": "D.C.", "profile_link_color": "0084B4", "profile_image_url": "http://pbs.twimg.com/profile_images/541194356879675392/sFgFYwdH_normal.jpeg", "following": false, "geo_enabled": false, "profile_banner_url": "https://pbs.twimg.com/profile_banners/775646406/1425564612", "profile_background_image_url": "http://abs.twimg.com/images/themes/theme1/bg.png", "name": "psyOP.gov", "lang": "en", "profile_background_tile": false, "favourites_count": 321, "screen_name": "jonrohnson", "notifications": false, "url": "http://t.co/ACa2PEGY8E", "created_at": "Thu Aug 23 10:19:49 +0000 2012", "contributors_enabled": false, "time_zone": null, "protected": false, "default_profile": true, "is_translator": false}, "geo": null, "in_reply_to_user_id_str": "255187660", "lang": "en", "created_at": "Thu Mar 26 16:07:39 +0000 2015", "in_reply_to_status_id_str": "581107798932631552", "place": null}
