{"contributors": null, "truncated": false, "text": "@gebauerspon well that is not the issue here! it is 2015 &amp; problem is the pilots apparently aren't going through frequent psyche evaluations", "in_reply_to_status_id": 581107798932631552, "id": 581154604005629952, "favorite_count": 0, "source": "<a href=\"http://twitter.com\" rel=\"nofollow\">Twitter Web Client</a>", "retweeted": false, "coordinates": null, "entities": {"symbols": [], "user_mentions": [{"id": 255187660, "indices": [0, 12], "id_str": "255187660", "screen_name": "gebauerspon", "name": "Matthias Gebauer"}], "hashtags": [], "urls": []}, "in_reply_to_screen_name": "gebauerspon", "id_str": "581154604005629952", "retweet_count": 0, "in_reply_to_user_id": 255187660, "favorited": false, "user": {"follow_request_sent": false, "profile_use_background_image": true, "profile_text_color": "666666", "default_profile_image": false, "id": 36145560, "profile_background_image_url_https": "https://pbs.twimg.com/profile_background_images/511178034351587328/Gd4aHUjc.jpeg", "verified": false, "profile_location": null, "profile_image_url_https": "https://pbs.twimg.com/profile_images/415963859728343040/9zGzi64T_normal.jpeg", "profile_sidebar_fill_color": "252429", "entities": {"url": {"urls": [{"url": "http://t.co/39ZeQkqKEU", "indices": [0, 22], "expanded_url": "http://europeanizingre.wordpress.com/", "display_url": "europeanizingre.wordpress.com"}]}, "description": {"urls": []}}, "followers_count": 549, "profile_sidebar_border_color": "FFFFFF", "id_str": "36145560", "profile_background_color": "ABB8C2", "listed_count": 8, "is_translation_enabled": false, "utc_offset": -25200, "statuses_count": 19359, "description": "Political Scientist; Mercator-IPC Fellow. DGAP EUMEF Alumni. Tweets in TR/ENG/SP/GER/FR on politics and other stuff. Views are my own. RTs are not endorsements", "friends_count": 1005, "location": "", "profile_link_color": "3B94D9", "profile_image_url": "http://pbs.twimg.com/profile_images/415963859728343040/9zGzi64T_normal.jpeg", "following": false, "geo_enabled": true, "profile_banner_url": "https://pbs.twimg.com/profile_banners/36145560/1410709153", "profile_background_image_url": "http://pbs.twimg.com/profile_background_images/511178034351587328/Gd4aHUjc.jpeg", "name": "Ay\u015fe Ezgi G\u00fcrcan", "lang": "en", "profile_background_tile": true, "favourites_count": 9132, "screen_name": "Cephalinia", "notifications": false, "url": "http://t.co/39ZeQkqKEU", "created_at": "Tue Apr 28 18:47:57 +0000 2009", "contributors_enabled": false, "time_zone": "Pacific Time (US & Canada)", "protected": false, "default_profile": false, "is_translator": false}, "geo": null, "in_reply_to_user_id_str": "255187660", "lang": "en", "created_at": "Thu Mar 26 18:03:49 +0000 2015", "in_reply_to_status_id_str": "581107798932631552", "place": null}
