{"contributors": null, "truncated": false, "text": "@gebauerspon People who suffer of depression do normally not harm others. Unlikely reason, Mr Gebauer.", "in_reply_to_status_id": 581107798932631552, "id": 581113676763107328, "favorite_count": 1, "source": "<a href=\"http://twitter.com\" rel=\"nofollow\">Twitter Web Client</a>", "retweeted": false, "coordinates": null, "entities": {"symbols": [], "user_mentions": [{"id": 255187660, "indices": [0, 12], "id_str": "255187660", "screen_name": "gebauerspon", "name": "Matthias Gebauer"}], "hashtags": [], "urls": []}, "in_reply_to_screen_name": "gebauerspon", "id_str": "581113676763107328", "retweet_count": 3, "in_reply_to_user_id": 255187660, "favorited": false, "user": {"follow_request_sent": false, "profile_use_background_image": true, "profile_text_color": "333333", "default_profile_image": false, "id": 108621770, "profile_background_image_url_https": "https://pbs.twimg.com/profile_background_images/402175991/lkpg_djurg.jpg", "verified": false, "profile_location": null, "profile_image_url_https": "https://pbs.twimg.com/profile_images/1758584614/rf_normal.jpg", "profile_sidebar_fill_color": "DDEEF6", "entities": {"url": {"urls": [{"url": "http://t.co/qw6hWKLHDu", "indices": [0, 22], "expanded_url": "http://ffschweden.wordpress.com", "display_url": "ffschweden.wordpress.com"}]}, "description": {"urls": [{"url": "http://t.co/YNXwaaTR2n", "indices": [12, 34], "expanded_url": "http://damfotboll.com", "display_url": "damfotboll.com"}, {"url": "http://t.co/ETZLve4uyt", "indices": [36, 58], "expanded_url": "http://ourgamemagazine.com", "display_url": "ourgamemagazine.com"}]}}, "followers_count": 565, "profile_sidebar_border_color": "C0DEED", "id_str": "108621770", "profile_background_color": "C0DEED", "listed_count": 21, "is_translation_enabled": false, "utc_offset": 7200, "statuses_count": 8002, "description": "writing for http://t.co/YNXwaaTR2n, http://t.co/ETZLve4uyt and my growing blog in German", "friends_count": 547, "location": "Stockholm", "profile_link_color": "0084B4", "profile_image_url": "http://pbs.twimg.com/profile_images/1758584614/rf_normal.jpg", "following": false, "geo_enabled": true, "profile_banner_url": "https://pbs.twimg.com/profile_banners/108621770/1399074039", "profile_background_image_url": "http://pbs.twimg.com/profile_background_images/402175991/lkpg_djurg.jpg", "name": "Rainer", "lang": "en", "profile_background_tile": false, "favourites_count": 199, "screen_name": "ffschweden", "notifications": false, "url": "http://t.co/qw6hWKLHDu", "created_at": "Tue Jan 26 14:40:43 +0000 2010", "contributors_enabled": false, "time_zone": "Stockholm", "protected": false, "default_profile": false, "is_translator": false}, "geo": null, "in_reply_to_user_id_str": "255187660", "lang": "en", "created_at": "Thu Mar 26 15:21:11 +0000 2015", "in_reply_to_status_id_str": "581107798932631552", "place": null}
