{"contributors": null, "truncated": false, "text": "@ffschweden @gebauerspon They dont? I have been depressed, and you dont care about other people at all.", "in_reply_to_status_id": 581113676763107328, "id": 581125840899039232, "favorite_count": 0, "source": "<a href=\"http://twitter.com\" rel=\"nofollow\">Twitter Web Client</a>", "retweeted": false, "coordinates": null, "entities": {"symbols": [], "user_mentions": [{"id": 108621770, "indices": [0, 11], "id_str": "108621770", "screen_name": "ffschweden", "name": "Rainer"}, {"id": 255187660, "indices": [12, 24], "id_str": "255187660", "screen_name": "gebauerspon", "name": "Matthias Gebauer"}], "hashtags": [], "urls": []}, "in_reply_to_screen_name": "ffschweden", "id_str": "581125840899039232", "retweet_count": 0, "in_reply_to_user_id": 108621770, "favorited": false, "user": {"follow_request_sent": false, "profile_use_background_image": true, "profile_text_color": "333333", "default_profile_image": false, "id": 2994520977, "profile_background_image_url_https": "https://abs.twimg.com/images/themes/theme13/bg.gif", "verified": false, "profile_location": null, "profile_image_url_https": "https://pbs.twimg.com/profile_images/558701225042923520/nwsorCFS_normal.jpeg", "profile_sidebar_fill_color": "FFFFFF", "entities": {"description": {"urls": []}}, "followers_count": 23, "profile_sidebar_border_color": "EEEEEE", "id_str": "2994520977", "profile_background_color": "B2DFDA", "listed_count": 0, "is_translation_enabled": true, "utc_offset": 7200, "statuses_count": 540, "description": "", "friends_count": 48, "location": "", "profile_link_color": "93A644", "profile_image_url": "http://pbs.twimg.com/profile_images/558701225042923520/nwsorCFS_normal.jpeg", "following": false, "geo_enabled": false, "profile_banner_url": "https://pbs.twimg.com/profile_banners/2994520977/1426287290", "profile_background_image_url": "http://abs.twimg.com/images/themes/theme13/bg.gif", "name": "voyagevoyage", "lang": "en", "profile_background_tile": false, "favourites_count": 123, "screen_name": "Ripilen", "notifications": false, "url": null, "created_at": "Fri Jan 23 18:29:25 +0000 2015", "contributors_enabled": false, "time_zone": "Belgrade", "protected": false, "default_profile": false, "is_translator": false}, "geo": null, "in_reply_to_user_id_str": "108621770", "lang": "en", "created_at": "Thu Mar 26 16:09:31 +0000 2015", "in_reply_to_status_id_str": "581113676763107328", "place": null}
