{"contributors": null, "truncated": false, "text": "Am I the only one who is sensing a faint thwarted gay vibe off this whole story @gebauerspon", "in_reply_to_status_id": 581107798932631552, "id": 581193293012312064, "favorite_count": 0, "source": "<a href=\"http://twitter.com\" rel=\"nofollow\">Twitter Web Client</a>", "retweeted": false, "coordinates": null, "entities": {"symbols": [], "user_mentions": [{"id": 255187660, "indices": [80, 92], "id_str": "255187660", "screen_name": "gebauerspon", "name": "Matthias Gebauer"}], "hashtags": [], "urls": []}, "in_reply_to_screen_name": "gebauerspon", "id_str": "581193293012312064", "retweet_count": 0, "in_reply_to_user_id": 255187660, "favorited": false, "user": {"follow_request_sent": false, "profile_use_background_image": true, "profile_text_color": "0B0A0A", "default_profile_image": false, "id": 30805121, "profile_background_image_url_https": "https://pbs.twimg.com/profile_background_images/340803920/Japanese_Rice_Paper.jpg", "verified": false, "profile_location": null, "profile_image_url_https": "https://pbs.twimg.com/profile_images/210330970/gerardsqbw_normal.jpg", "profile_sidebar_fill_color": "FDFDF7", "entities": {"url": {"urls": [{"url": "http://t.co/EVSNJvMXiC", "indices": [0, 22], "expanded_url": "http://americandigest.org", "display_url": "americandigest.org"}]}, "description": {"urls": []}}, "followers_count": 754, "profile_sidebar_border_color": "F50A18", "id_str": "30805121", "profile_background_color": "FBFBEF", "listed_count": 15, "is_translation_enabled": false, "utc_offset": -25200, "statuses_count": 10051, "description": "Paradise Sacto UC Berkeley SF Organ NYC Penthouse London Omni Portugal Paris  Boston Houghton Mifflin EFF NYC Penthouse American Digest Laguna Seattle Paradise", "friends_count": 350, "location": "Seattle, WA", "profile_link_color": "E10C05", "profile_image_url": "http://pbs.twimg.com/profile_images/210330970/gerardsqbw_normal.jpg", "following": false, "geo_enabled": true, "profile_background_image_url": "http://pbs.twimg.com/profile_background_images/340803920/Japanese_Rice_Paper.jpg", "name": "Vanderleun", "lang": "en", "profile_background_tile": true, "favourites_count": 11, "screen_name": "Van_der_Leun", "notifications": false, "url": "http://t.co/EVSNJvMXiC", "created_at": "Mon Apr 13 04:16:05 +0000 2009", "contributors_enabled": false, "time_zone": "Pacific Time (US & Canada)", "protected": false, "default_profile": false, "is_translator": false}, "geo": null, "in_reply_to_user_id_str": "255187660", "lang": "en", "created_at": "Thu Mar 26 20:37:33 +0000 2015", "in_reply_to_status_id_str": "581107798932631552", "place": null}
