{"contributors": null, "truncated": false, "text": "@gebauerspon How, oh how could he do this so coldly, so deliberately ?? Is this 'the German way' ? Or is this the radical terrorist way ?", "in_reply_to_status_id": 581107798932631552, "id": 581168256901316609, "favorite_count": 2, "source": "<a href=\"http://twitter.com\" rel=\"nofollow\">Twitter Web Client</a>", "retweeted": false, "coordinates": null, "entities": {"symbols": [], "user_mentions": [{"id": 255187660, "indices": [0, 12], "id_str": "255187660", "screen_name": "gebauerspon", "name": "Matthias Gebauer"}], "hashtags": [], "urls": []}, "in_reply_to_screen_name": "gebauerspon", "id_str": "581168256901316609", "retweet_count": 1, "in_reply_to_user_id": 255187660, "favorited": false, "user": {"follow_request_sent": false, "profile_use_background_image": true, "profile_text_color": "333333", "default_profile_image": false, "id": 1538886572, "profile_background_image_url_https": "https://pbs.twimg.com/profile_background_images/378800000058723853/61312ef15878280b65d0dc3bfe5337b7.jpeg", "verified": false, "profile_location": null, "profile_image_url_https": "https://pbs.twimg.com/profile_images/378800000030051564/05fb51523f3810c5795c7efdcb5c2044_normal.jpeg", "profile_sidebar_fill_color": "DDEEF6", "entities": {"url": {"urls": [{"url": "http://t.co/VvFi5Md4Y0", "indices": [0, 22], "expanded_url": "http://www.sciencedaily.com/", "display_url": "sciencedaily.com"}]}, "description": {"urls": []}}, "followers_count": 105, "profile_sidebar_border_color": "000000", "id_str": "1538886572", "profile_background_color": "000000", "listed_count": 11, "is_translation_enabled": false, "utc_offset": -14400, "statuses_count": 4907, "description": "We rejoice in our sufferings, knowing that suffering produces endurance, & endurance produces character, & character produces hope, & hope does not disappoint.", "friends_count": 354, "location": "Saul of Tarsus", "profile_link_color": "ABB8C2", "profile_image_url": "http://pbs.twimg.com/profile_images/378800000030051564/05fb51523f3810c5795c7efdcb5c2044_normal.jpeg", "following": false, "geo_enabled": false, "profile_banner_url": "https://pbs.twimg.com/profile_banners/1538886572/1410136623", "profile_background_image_url": "http://pbs.twimg.com/profile_background_images/378800000058723853/61312ef15878280b65d0dc3bfe5337b7.jpeg", "name": "A. Shah", "lang": "en", "profile_background_tile": true, "favourites_count": 1671, "screen_name": "alekshah", "notifications": false, "url": "http://t.co/VvFi5Md4Y0", "created_at": "Sat Jun 22 14:55:24 +0000 2013", "contributors_enabled": false, "time_zone": "Eastern Time (US & Canada)", "protected": false, "default_profile": false, "is_translator": false}, "geo": null, "in_reply_to_user_id_str": "255187660", "lang": "en", "created_at": "Thu Mar 26 18:58:04 +0000 2015", "in_reply_to_status_id_str": "581107798932631552", "place": null}
