{"contributors": null, "truncated": false, "text": "@gebauerspon Burn out at 22?! \ud83d\udc40 #4U9525", "in_reply_to_status_id": 581107798932631552, "id": 581264312875900929, "favorite_count": 0, "source": "<a href=\"https://mobile.twitter.com\" rel=\"nofollow\">Mobile Web (M5)</a>", "retweeted": false, "coordinates": null, "entities": {"symbols": [], "user_mentions": [{"id": 255187660, "indices": [0, 12], "id_str": "255187660", "screen_name": "gebauerspon", "name": "Matthias Gebauer"}], "hashtags": [{"indices": [32, 39], "text": "4U9525"}], "urls": []}, "in_reply_to_screen_name": "gebauerspon", "id_str": "581264312875900929", "retweet_count": 0, "in_reply_to_user_id": 255187660, "favorited": false, "user": {"follow_request_sent": false, "profile_use_background_image": true, "profile_text_color": "333333", "default_profile_image": false, "id": 30460070, "profile_background_image_url_https": "https://pbs.twimg.com/profile_background_images/67755096/twitterProfilePhoto.jpg", "verified": false, "profile_location": null, "profile_image_url_https": "https://pbs.twimg.com/profile_images/488226565239492609/nOx4zcpF_normal.png", "profile_sidebar_fill_color": "F3F3F3", "entities": {"url": {"urls": [{"url": "http://t.co/VVYKm134k7", "indices": [0, 22], "expanded_url": "http://members.virtualtourist.com/m/91e86/", "display_url": "members.virtualtourist.com/m/91e86/"}]}, "description": {"urls": []}}, "followers_count": 976, "profile_sidebar_border_color": "DFDFDF", "id_str": "30460070", "profile_background_color": "EBEBEB", "listed_count": 84, "is_translation_enabled": false, "utc_offset": 28800, "statuses_count": 53662, "description": "Cosmopolitan Citizen of the World! ;-) Nonconformist! Passionate against injustice!\nRTs are NOT NECESSARILY endorsements!", "friends_count": 900, "location": "Kuala Lumpur, Malaysia", "profile_link_color": "990000", "profile_image_url": "http://pbs.twimg.com/profile_images/488226565239492609/nOx4zcpF_normal.png", "following": false, "geo_enabled": false, "profile_banner_url": "https://pbs.twimg.com/profile_banners/30460070/1398081055", "profile_background_image_url": "http://pbs.twimg.com/profile_background_images/67755096/twitterProfilePhoto.jpg", "name": "NR", "lang": "en", "profile_background_tile": false, "favourites_count": 6242, "screen_name": "isodera", "notifications": false, "url": "http://t.co/VVYKm134k7", "created_at": "Sat Apr 11 14:59:38 +0000 2009", "contributors_enabled": false, "time_zone": "Kuala Lumpur", "protected": false, "default_profile": false, "is_translator": false}, "geo": null, "in_reply_to_user_id_str": "255187660", "lang": "en", "created_at": "Fri Mar 27 01:19:46 +0000 2015", "in_reply_to_status_id_str": "581107798932631552", "place": null}
