{"contributors": null, "truncated": false, "text": "@EdiFFM @ffschweden @gebauerspon  ADAD-Sydrom? May be he was a solipsistic misanthrop...we now too less about the situation...", "in_reply_to_status_id": 581116522640355328, "id": 581223070880391170, "favorite_count": 1, "source": "<a href=\"http://twitter.com\" rel=\"nofollow\">Twitter Web Client</a>", "retweeted": false, "coordinates": null, "entities": {"symbols": [], "user_mentions": [{"id": 842437584, "indices": [0, 7], "id_str": "842437584", "screen_name": "EdiFFM", "name": "Dzano"}, {"id": 108621770, "indices": [8, 19], "id_str": "108621770", "screen_name": "ffschweden", "name": "Rainer"}, {"id": 255187660, "indices": [20, 32], "id_str": "255187660", "screen_name": "gebauerspon", "name": "Matthias Gebauer"}], "hashtags": [], "urls": []}, "in_reply_to_screen_name": "EdiFFM", "id_str": "581223070880391170", "retweet_count": 0, "in_reply_to_user_id": 842437584, "favorited": false, "user": {"follow_request_sent": false, "profile_use_background_image": true, "profile_text_color": "333333", "default_profile_image": false, "id": 49243439, "profile_background_image_url_https": "https://abs.twimg.com/images/themes/theme9/bg.gif", "verified": false, "profile_location": null, "profile_image_url_https": "https://pbs.twimg.com/profile_images/572298910685597696/1C3IR0-0_normal.jpeg", "profile_sidebar_fill_color": "EFEFEF", "entities": {"description": {"urls": []}}, "followers_count": 21, "profile_sidebar_border_color": "EEEEEE", "id_str": "49243439", "profile_background_color": "D40C1D", "listed_count": 0, "is_translation_enabled": false, "utc_offset": -7200, "statuses_count": 157, "description": "musician, logo designer, free artist, dissident,", "friends_count": 171, "location": "South Black Forrest", "profile_link_color": "4A913C", "profile_image_url": "http://pbs.twimg.com/profile_images/572298910685597696/1C3IR0-0_normal.jpeg", "following": false, "geo_enabled": false, "profile_banner_url": "https://pbs.twimg.com/profile_banners/49243439/1425281417", "profile_background_image_url": "http://abs.twimg.com/images/themes/theme9/bg.gif", "name": "\u00f8\u00f8\u00f8", "lang": "de", "profile_background_tile": true, "favourites_count": 19, "screen_name": "asiokope", "notifications": false, "url": null, "created_at": "Sun Jun 21 05:31:20 +0000 2009", "contributors_enabled": false, "time_zone": "Greenland", "protected": false, "default_profile": false, "is_translator": false}, "geo": null, "in_reply_to_user_id_str": "842437584", "lang": "en", "created_at": "Thu Mar 26 22:35:53 +0000 2015", "in_reply_to_status_id_str": "581116522640355328", "place": null}
