{"contributors": null, "truncated": false, "text": "So basically #Ferguson PD hijacked what was supposed to be a press conference about Darren Wilson to call Michael Brown a criminal #NMOS14", "in_reply_to_status_id": null, "id": 500292202845982720, "favorite_count": 160, "source": "<a href=\"http://twitter.com\" rel=\"nofollow\">Twitter Web Client</a>", "retweeted": false, "coordinates": null, "entities": {"symbols": [], "user_mentions": [], "hashtags": [{"indices": [13, 22], "text": "Ferguson"}, {"indices": [131, 138], "text": "NMOS14"}], "urls": []}, "in_reply_to_screen_name": null, "id_str": "500292202845982720", "retweet_count": 445, "in_reply_to_user_id": null, "favorited": false, "user": {"follow_request_sent": false, "profile_use_background_image": true, "default_profile_image": false, "id": 12004852, "profile_background_image_url_https": "https://pbs.twimg.com/profile_background_images/589734407/tngto5tza0jfopjnhu9o.jpeg", "verified": false, "profile_text_color": "333333", "profile_image_url_https": "https://pbs.twimg.com/profile_images/378800000072340309/c570d8836eb74a3f8cab75fc34a6d6a7_normal.jpeg", "profile_sidebar_fill_color": "DDEEF6", "entities": {"description": {"urls": []}}, "followers_count": 3752, "profile_sidebar_border_color": "C0DEED", "id_str": "12004852", "profile_background_color": "C0DEED", "listed_count": 121, "is_translation_enabled": false, "utc_offset": -14400, "statuses_count": 126475, "description": "If you're always criticizing stuff you don't listen to as opposed to uplifting music you love ... you really can't say you love hip-hop. #SoulfulButNotSoft", "friends_count": 2607, "location": "#LakerGang #Cowboys #Obama", "profile_link_color": "0084B4", "profile_image_url": "http://pbs.twimg.com/profile_images/378800000072340309/c570d8836eb74a3f8cab75fc34a6d6a7_normal.jpeg", "following": false, "geo_enabled": true, "profile_banner_url": "https://pbs.twimg.com/profile_banners/12004852/1371395997", "profile_background_image_url": "http://pbs.twimg.com/profile_background_images/589734407/tngto5tza0jfopjnhu9o.jpeg", "screen_name": "GrooveSDC", "lang": "en", "profile_background_tile": false, "favourites_count": 35346, "name": "GrooveSDC", "notifications": false, "url": null, "created_at": "Tue Jan 08 23:31:12 +0000 2008", "contributors_enabled": false, "time_zone": "Eastern Time (US & Canada)", "protected": false, "default_profile": false, "is_translator": false}, "geo": null, "in_reply_to_user_id_str": null, "lang": "en", "created_at": "Fri Aug 15 14:45:30 +0000 2014", "in_reply_to_status_id_str": null, "place": null}
