{"contributors":null,"truncated":false,"text":"@eclark1st If that is what they think they are wrong! Nat'l many 1000's all races protesting this. @admiralmpj @GrooveSDC @thedahlimmama","in_reply_to_status_id":500325109979439104,"id":500325582245089280,"favorite_count":1,"source":"<a href=\"http:\/\/twitter.com\" rel=\"nofollow\">Twitter Web Client<\/a>","retweeted":false,"coordinates":null,"entities":{"symbols":[],"user_mentions":[{"id":40148207,"indices":[0,10],"id_str":"40148207","screen_name":"eclark1st","name":"Eric V. Clark"},{"id":14731096,"indices":[99,110],"id_str":"14731096","screen_name":"admiralmpj","name":"Malcolm Johnson"},{"id":12004852,"indices":[111,121],"id_str":"12004852","screen_name":"GrooveSDC","name":"GrooveSDC"},{"id":100880543,"indices":[122,136],"id_str":"100880543","screen_name":"thedahlimmama","name":"Jackie"}],"hashtags":[],"urls":[]},"in_reply_to_screen_name":"eclark1st","id_str":"500325582245089280","retweet_count":1,"in_reply_to_user_id":40148207,"favorited":false,"user":{"follow_request_sent":false,"profile_use_background_image":true,"default_profile_image":false,"id":26070572,"profile_background_image_url_https":"https:\/\/pbs.twimg.com\/profile_background_images\/378800000178345390\/-E-0Mtah.jpeg","verified":false,"profile_text_color":"2280A9","profile_image_url_https":"https:\/\/pbs.twimg.com\/profile_images\/576260548880269312\/oQsUID-d_normal.jpeg","profile_sidebar_fill_color":"020812","entities":{"description":{"urls":[]}},"followers_count":6637,"profile_sidebar_border_color":"000000","id_str":"26070572","profile_background_color":"020812","listed_count":179,"is_translation_enabled":false,"utc_offset":-18000,"statuses_count":135881,"description":"Staunchly Liberal Dem-Female-Equal Rights For All - Say what I mean & mean what I say #Vets #OFA #SeniorCitizens #LGBT #Immigration\r\nI'm also @_Beach_Combing","friends_count":6289,"location":"","profile_link_color":"17406C","profile_image_url":"http:\/\/pbs.twimg.com\/profile_images\/576260548880269312\/oQsUID-d_normal.jpeg","following":false,"geo_enabled":false,"profile_background_image_url":"http:\/\/pbs.twimg.com\/profile_background_images\/378800000178345390\/-E-0Mtah.jpeg","screen_name":"Alasscan_","lang":"en","profile_background_tile":true,"favourites_count":10583,"name":"    Alasscan\u2122","notifications":false,"url":null,"created_at":"Mon Mar 23 19:30:32 +0000 2009","contributors_enabled":false,"time_zone":"Central Time (US & Canada)","protected":false,"default_profile":false,"is_translator":false},"geo":null,"in_reply_to_user_id_str":"40148207","lang":"en","created_at":"Fri Aug 15 16:58:09 +0000 2014","in_reply_to_status_id_str":"500325109979439104","place":null}