{"contributors": null, "truncated": false, "text": "@GrooveSDC sprinkling the crack around the murdered dead kid 7 days too late.", "in_reply_to_status_id": 500292202845982720, "id": 500332736033202176, "favorite_count": 0, "source": "<a href=\"http://twitter.com/#!/download/ipad\" rel=\"nofollow\">Twitter for iPad</a>", "retweeted": false, "coordinates": null, "entities": {"symbols": [], "user_mentions": [{"id": 12004852, "indices": [0, 10], "id_str": "12004852", "screen_name": "GrooveSDC", "name": "GrooveSDC"}], "hashtags": [], "urls": []}, "in_reply_to_screen_name": "GrooveSDC", "id_str": "500332736033202176", "retweet_count": 0, "in_reply_to_user_id": 12004852, "favorited": false, "user": {"follow_request_sent": false, "profile_use_background_image": true, "default_profile_image": false, "id": 259953309, "profile_background_image_url_https": "https://pbs.twimg.com/profile_background_images/655289910/1lp734ek6ruymu7qxffb.jpeg", "verified": false, "profile_text_color": "333333", "profile_image_url_https": "https://pbs.twimg.com/profile_images/496538822755119104/-LtFxSuq_normal.jpeg", "profile_sidebar_fill_color": "DDEEF6", "entities": {"url": {"urls": [{"url": "http://t.co/NnehajkHtd", "indices": [0, 22], "expanded_url": "http://littlewhitedogblog-1.blogspot.com", "display_url": "littlewhitedogblog-1.blogspot.com"}]}, "description": {"urls": []}}, "followers_count": 3109, "profile_sidebar_border_color": "C0DEED", "id_str": "259953309", "profile_background_color": "000000", "listed_count": 81, "is_translation_enabled": false, "utc_offset": -25200, "statuses_count": 41856, "description": "Blocked by @OpenCarryTexas and proud of it! GunFilth can't handle reality.\r\n-- I follow back. Missed you? Sorry, tweet me --\r\nUSA is #1", "friends_count": 2077, "location": "'Merica", "profile_link_color": "8502C7", "profile_image_url": "http://pbs.twimg.com/profile_images/496538822755119104/-LtFxSuq_normal.jpeg", "following": false, "geo_enabled": false, "profile_banner_url": "https://pbs.twimg.com/profile_banners/259953309/1396569298", "profile_background_image_url": "http://pbs.twimg.com/profile_background_images/655289910/1lp734ek6ruymu7qxffb.jpeg", "screen_name": "Ryy01", "lang": "en", "profile_background_tile": false, "favourites_count": 7179, "name": "Little Black Dog", "notifications": false, "url": "http://t.co/NnehajkHtd", "created_at": "Wed Mar 02 22:53:11 +0000 2011", "contributors_enabled": false, "time_zone": "Arizona", "protected": false, "default_profile": false, "is_translator": false}, "geo": null, "in_reply_to_user_id_str": "12004852", "lang": "en", "created_at": "Fri Aug 15 17:26:34 +0000 2014", "in_reply_to_status_id_str": "500292202845982720", "place": null}
