{"contributors":null,"truncated":false,"text":"@admiralmpj @eclark1st @GrooveSDC Thank you. I can't believe this is STILL happening in 2014!","in_reply_to_status_id":500330085606379522,"id":500332972772691968,"favorite_count":0,"source":"<a href=\"https:\/\/twitter.com\/download\/android\" rel=\"nofollow\">Twitter for Android Tablets<\/a>","retweeted":false,"coordinates":null,"entities":{"symbols":[],"user_mentions":[{"id":14731096,"indices":[0,11],"id_str":"14731096","screen_name":"admiralmpj","name":"Malcolm Johnson"},{"id":40148207,"indices":[12,22],"id_str":"40148207","screen_name":"eclark1st","name":"Eric V. Clark"},{"id":12004852,"indices":[23,33],"id_str":"12004852","screen_name":"GrooveSDC","name":"GrooveSDC"}],"hashtags":[],"urls":[]},"in_reply_to_screen_name":"admiralmpj","id_str":"500332972772691968","retweet_count":0,"in_reply_to_user_id":14731096,"favorited":false,"user":{"follow_request_sent":false,"profile_use_background_image":true,"default_profile_image":false,"id":100880543,"profile_background_image_url_https":"https:\/\/abs.twimg.com\/images\/themes\/theme4\/bg.gif","verified":false,"profile_text_color":"3C3940","profile_image_url_https":"https:\/\/pbs.twimg.com\/profile_images\/589933476310343680\/chd6w_zr_normal.jpg","profile_sidebar_fill_color":"95E8EC","entities":{"description":{"urls":[]}},"followers_count":6286,"profile_sidebar_border_color":"5ED4DC","id_str":"100880543","profile_background_color":"0099B9","listed_count":109,"is_translation_enabled":false,"utc_offset":-14400,"statuses_count":46357,"description":"Wife, mom, Dem, sports&music lover, eternally searching for knowledge, or at least question that's answered by 42. #UniteBlue","friends_count":6181,"location":"U.S.A.","profile_link_color":"0099B9","profile_image_url":"http:\/\/pbs.twimg.com\/profile_images\/589933476310343680\/chd6w_zr_normal.jpg","following":false,"geo_enabled":false,"profile_banner_url":"https:\/\/pbs.twimg.com\/profile_banners\/100880543\/1410525734","profile_background_image_url":"http:\/\/abs.twimg.com\/images\/themes\/theme4\/bg.gif","screen_name":"thedahlimmama","lang":"en","profile_background_tile":false,"favourites_count":18608,"name":"Jackie","notifications":false,"url":null,"created_at":"Fri Jan 01 01:57:05 +0000 2010","contributors_enabled":false,"time_zone":"Eastern Time (US & Canada)","protected":false,"default_profile":false,"is_translator":false},"geo":null,"in_reply_to_user_id_str":"14731096","lang":"en","created_at":"Fri Aug 15 17:27:31 +0000 2014","in_reply_to_status_id_str":"500330085606379522","place":null}