{"contributors": null, "truncated": false, "text": "@GrooveSDC @GoddamnedBear I hope you didnt expect any thing more than that. Of course they were going to spin it", "in_reply_to_status_id": 500292202845982720, "id": 500331565155909632, "favorite_count": 0, "source": "<a href=\"http://twitter.com/#!/download/ipad\" rel=\"nofollow\">Twitter for iPad</a>", "retweeted": false, "coordinates": null, "entities": {"symbols": [], "user_mentions": [{"id": 12004852, "indices": [0, 10], "id_str": "12004852", "screen_name": "GrooveSDC", "name": "GrooveSDC"}, {"id": 330459560, "indices": [11, 25], "id_str": "330459560", "screen_name": "GoddamnedBear", "name": "Ol' GDB\u2664KillJoy"}], "hashtags": [], "urls": []}, "in_reply_to_screen_name": "GrooveSDC", "id_str": "500331565155909632", "retweet_count": 0, "in_reply_to_user_id": 12004852, "favorited": false, "user": {"follow_request_sent": false, "profile_use_background_image": true, "default_profile_image": false, "id": 1342776674, "profile_background_image_url_https": "https://pbs.twimg.com/profile_background_images/378800000061736620/0626f4b443b66d7e12c493973c5d9dba.jpeg", "verified": false, "profile_text_color": "333333", "profile_image_url_https": "https://pbs.twimg.com/profile_images/412361097891438592/bwlskM4B_normal.png", "profile_sidebar_fill_color": "DDEEF6", "entities": {"url": {"urls": [{"url": "http://t.co/154ss6VBHW", "indices": [0, 22], "expanded_url": "http://thenursechronicles.wordpress.com", "display_url": "thenursechronicles.wordpress.com"}]}, "description": {"urls": []}}, "followers_count": 2287, "profile_sidebar_border_color": "FFFFFF", "id_str": "1342776674", "profile_background_color": "E3C1EB", "listed_count": 69, "is_translation_enabled": false, "utc_offset": -10800, "statuses_count": 58801, "description": "cosmos mariner- destination unknown Future First Lady of Russia", "friends_count": 2434, "location": "", "profile_link_color": "1B4757", "profile_image_url": "http://pbs.twimg.com/profile_images/412361097891438592/bwlskM4B_normal.png", "following": false, "geo_enabled": false, "profile_banner_url": "https://pbs.twimg.com/profile_banners/1342776674/1370549205", "profile_background_image_url": "http://pbs.twimg.com/profile_background_images/378800000061736620/0626f4b443b66d7e12c493973c5d9dba.jpeg", "screen_name": "Blondetigressnc", "lang": "en", "profile_background_tile": true, "favourites_count": 2580, "name": "Anna(Andrea)Putina ", "notifications": false, "url": "http://t.co/154ss6VBHW", "created_at": "Wed Apr 10 20:15:58 +0000 2013", "contributors_enabled": false, "time_zone": "Atlantic Time (Canada)", "protected": false, "default_profile": false, "is_translator": false}, "geo": null, "in_reply_to_user_id_str": "12004852", "lang": "en", "created_at": "Fri Aug 15 17:21:55 +0000 2014", "in_reply_to_status_id_str": "500292202845982720", "place": null}
