{"contributors":null,"truncated":false,"text":"Not going to happen. When they do give out the cops ID, he will be a law abiding angel @African_dudes @thedahlimmama @admiralmpj @GrooveSDC","in_reply_to_status_id":500328335134576640,"id":500329158418112512,"favorite_count":0,"source":"<a href=\"http:\/\/twitter.com\/download\/iphone\" rel=\"nofollow\">Twitter for iPhone<\/a>","retweeted":false,"coordinates":null,"entities":{"symbols":[],"user_mentions":[{"id":378163190,"indices":[87,101],"id_str":"378163190","screen_name":"African_dudes","name":"MEN"},{"id":100880543,"indices":[102,116],"id_str":"100880543","screen_name":"thedahlimmama","name":"Jackie"},{"id":14731096,"indices":[117,128],"id_str":"14731096","screen_name":"admiralmpj","name":"Malcolm Johnson"},{"id":12004852,"indices":[129,139],"id_str":"12004852","screen_name":"GrooveSDC","name":"GrooveSDC"}],"hashtags":[],"urls":[]},"in_reply_to_screen_name":"African_dudes","id_str":"500329158418112512","retweet_count":0,"in_reply_to_user_id":378163190,"favorited":false,"user":{"follow_request_sent":false,"profile_use_background_image":true,"default_profile_image":false,"id":40148207,"profile_background_image_url_https":"https:\/\/abs.twimg.com\/images\/themes\/theme14\/bg.gif","verified":false,"profile_text_color":"333333","profile_image_url_https":"https:\/\/pbs.twimg.com\/profile_images\/513062596380213248\/R45_N5Wp_normal.jpeg","profile_sidebar_fill_color":"EFEFEF","entities":{"description":{"urls":[]}},"followers_count":1265,"profile_sidebar_border_color":"FFFFFF","id_str":"40148207","profile_background_color":"131516","listed_count":29,"is_translation_enabled":false,"utc_offset":-14400,"statuses_count":15696,"description":"Proud believer and supporter of My President Barack Obama! Liberal control of Congress in 2014 #UniteBlue","friends_count":1574,"location":"Pennsauken, NJ","profile_link_color":"000099","profile_image_url":"http:\/\/pbs.twimg.com\/profile_images\/513062596380213248\/R45_N5Wp_normal.jpeg","following":false,"geo_enabled":true,"profile_banner_url":"https:\/\/pbs.twimg.com\/profile_banners\/40148207\/1407844314","profile_background_image_url":"http:\/\/abs.twimg.com\/images\/themes\/theme14\/bg.gif","screen_name":"eclark1st","lang":"en","profile_background_tile":true,"favourites_count":2950,"name":"Eric V. Clark","notifications":false,"url":null,"created_at":"Fri May 15 01:59:56 +0000 2009","contributors_enabled":false,"time_zone":"Eastern Time (US & Canada)","protected":false,"default_profile":false,"is_translator":false},"geo":null,"in_reply_to_user_id_str":"378163190","lang":"en","created_at":"Fri Aug 15 17:12:21 +0000 2014","in_reply_to_status_id_str":"500328335134576640","place":null}