{"contributors":null,"truncated":false,"text":"Report: Hostages taken at a printing shop northeast of Paris; some injuries - @FRANCE24 broadcast http:\/\/t.co\/hasCHjOVnC","in_reply_to_status_id":null,"id":553477554041257985,"favorite_count":60,"source":"<a href=\"http:\/\/www.breakingnews.com\" rel=\"nofollow\">Breaking News +<\/a>","retweeted":false,"coordinates":null,"entities":{"symbols":[],"user_mentions":[{"id":1994321,"indices":[78,87],"id_str":"1994321","screen_name":"FRANCE24","name":"FRANCE 24"}],"hashtags":[],"urls":[{"url":"http:\/\/t.co\/hasCHjOVnC","indices":[98,120],"expanded_url":"http:\/\/bit.ly\/1tPNRdE","display_url":"bit.ly\/1tPNRdE"}]},"in_reply_to_screen_name":null,"id_str":"553477554041257985","retweet_count":272,"in_reply_to_user_id":null,"favorited":false,"user":{"follow_request_sent":false,"profile_use_background_image":true,"profile_text_color":"333333","default_profile_image":false,"id":6017542,"profile_background_image_url_https":"https:\/\/pbs.twimg.com\/profile_background_images\/661943965\/2eu2ntwqt6ereyyumm38.png","verified":true,"profile_location":null,"profile_image_url_https":"https:\/\/pbs.twimg.com\/profile_images\/378800000700003994\/53d967d27656bd5941e7e1fcddf47e0b_normal.png","profile_sidebar_fill_color":"F3F3F3","entities":{"url":{"urls":[{"url":"http:\/\/t.co\/kmGFmDDoPa","indices":[0,22],"expanded_url":"http:\/\/www.breakingnews.com\/about\/mobile","display_url":"breakingnews.com\/about\/mobile"}]},"description":{"urls":[]}},"followers_count":7197412,"profile_sidebar_border_color":"FFFFFF","id_str":"6017542","profile_background_color":"EEEEEE","listed_count":89498,"is_translation_enabled":true,"utc_offset":-18000,"statuses_count":89005,"description":"Get our free iOS or Android app to unlock more updates, see news near you and customize your own alerts...","friends_count":509,"location":"Global","profile_link_color":"CC0000","profile_image_url":"http:\/\/pbs.twimg.com\/profile_images\/378800000700003994\/53d967d27656bd5941e7e1fcddf47e0b_normal.png","following":false,"geo_enabled":true,"profile_banner_url":"https:\/\/pbs.twimg.com\/profile_banners\/6017542\/1409182076","profile_background_image_url":"http:\/\/pbs.twimg.com\/profile_background_images\/661943965\/2eu2ntwqt6ereyyumm38.png","name":"Breaking News","lang":"en","profile_background_tile":false,"favourites_count":19,"screen_name":"BreakingNews","notifications":false,"url":"http:\/\/t.co\/kmGFmDDoPa","created_at":"Sun May 13 23:06:45 +0000 2007","contributors_enabled":false,"time_zone":"Eastern Time (US & Canada)","protected":false,"default_profile":false,"is_translator":false},"geo":null,"in_reply_to_user_id_str":null,"possibly_sensitive":false,"lang":"en","created_at":"Fri Jan 09 09:05:06 +0000 2015","in_reply_to_status_id_str":null,"place":null}