{"contributors":null,"truncated":false,"text":"#UPDATE: Car chase, hostage drama as Paris massacre suspects cornered http:\/\/t.co\/G958ogOrXZ","in_reply_to_status_id":null,"id":553476600985948160,"favorite_count":32,"source":"<a href=\"http:\/\/twitter.com\" rel=\"nofollow\">Twitter Web Client<\/a>","retweeted":false,"coordinates":null,"entities":{"symbols":[],"user_mentions":[],"hashtags":[{"indices":[0,7],"text":"UPDATE"}],"urls":[{"url":"http:\/\/t.co\/G958ogOrXZ","indices":[70,92],"expanded_url":"http:\/\/u.afp.com\/R6R","display_url":"u.afp.com\/R6R"}]},"in_reply_to_screen_name":null,"id_str":"553476600985948160","retweet_count":191,"in_reply_to_user_id":null,"favorited":false,"user":{"follow_request_sent":false,"profile_use_background_image":true,"profile_text_color":"333333","default_profile_image":false,"id":380648579,"profile_background_image_url_https":"https:\/\/pbs.twimg.com\/profile_background_images\/579525526\/bk1nk0d4v59httnhh2uu.jpeg","verified":true,"profile_location":null,"profile_image_url_https":"https:\/\/pbs.twimg.com\/profile_images\/557099613715324930\/0Az9ucH3_normal.jpeg","profile_sidebar_fill_color":"E6F6F9","entities":{"url":{"urls":[{"url":"http:\/\/t.co\/kqhCI1Bvmj","indices":[0,22],"expanded_url":"http:\/\/www.afp.com\/en","display_url":"afp.com\/en"}]},"description":{"urls":[]}},"followers_count":304117,"profile_sidebar_border_color":"DBE9ED","id_str":"380648579","profile_background_color":"C0DEED","listed_count":8305,"is_translation_enabled":true,"utc_offset":3600,"statuses_count":64646,"description":"News - and the stories behind the news - from AFP's reporters around the world. In French: @afpfr. In Spanish: @AFPespanol. For photos: @AFPphoto","friends_count":482,"location":"France","profile_link_color":"0084B4","profile_image_url":"http:\/\/pbs.twimg.com\/profile_images\/557099613715324930\/0Az9ucH3_normal.jpeg","following":false,"geo_enabled":false,"profile_banner_url":"https:\/\/pbs.twimg.com\/profile_banners\/380648579\/1420711006","profile_background_image_url":"http:\/\/pbs.twimg.com\/profile_background_images\/579525526\/bk1nk0d4v59httnhh2uu.jpeg","name":"Agence France-Presse","lang":"en","profile_background_tile":false,"favourites_count":1,"screen_name":"AFP","notifications":false,"url":"http:\/\/t.co\/kqhCI1Bvmj","created_at":"Tue Sep 27 00:35:10 +0000 2011","contributors_enabled":false,"time_zone":"Paris","protected":false,"default_profile":false,"is_translator":false},"geo":null,"in_reply_to_user_id_str":null,"possibly_sensitive":false,"lang":"en","created_at":"Fri Jan 09 09:01:19 +0000 2015","in_reply_to_status_id_str":null,"place":null}