{"contributors":null,"truncated":false,"text":"BREAKING: Car chase under way in Paris as officers pursue #CharlieHebdo suspects down motorway http:\/\/t.co\/f30TSVt1yN http:\/\/t.co\/1ShVASm5ym","in_reply_to_status_id":null,"id":553475729187680258,"favorite_count":39,"source":"<a href=\"https:\/\/about.twitter.com\/products\/tweetdeck\" rel=\"nofollow\">TweetDeck<\/a>","retweeted":false,"coordinates":null,"entities":{"symbols":[],"media":[{"expanded_url":"http:\/\/twitter.com\/Independent\/status\/553475729187680258\/photo\/1","display_url":"pic.twitter.com\/1ShVASm5ym","url":"http:\/\/t.co\/1ShVASm5ym","media_url_https":"https:\/\/pbs.twimg.com\/media\/B65XNcBCIAAfGrr.jpg","id_str":"553475692583591936","sizes":{"large":{"h":400,"resize":"fit","w":500},"small":{"h":272,"resize":"fit","w":340},"medium":{"h":400,"resize":"fit","w":500},"thumb":{"h":150,"resize":"crop","w":150}},"indices":[118,140],"type":"photo","id":553475692583591936,"media_url":"http:\/\/pbs.twimg.com\/media\/B65XNcBCIAAfGrr.jpg"}],"hashtags":[{"indices":[58,71],"text":"CharlieHebdo"}],"user_mentions":[],"trends":[],"urls":[{"url":"http:\/\/t.co\/f30TSVt1yN","indices":[95,117],"expanded_url":"http:\/\/ind.pn\/1BNSmKb","display_url":"ind.pn\/1BNSmKb"}]},"in_reply_to_screen_name":null,"id_str":"553475729187680258","retweet_count":169,"in_reply_to_user_id":null,"favorited":false,"user":{"follow_request_sent":null,"profile_use_background_image":true,"default_profile_image":false,"id":16973333,"verified":true,"profile_image_url_https":"https:\/\/pbs.twimg.com\/profile_images\/583628771972018176\/ztJn926g_normal.png","profile_sidebar_fill_color":"FFFFFF","profile_text_color":"333333","followers_count":974866,"profile_sidebar_border_color":"FFFFFF","id_str":"16973333","profile_background_color":"EBEBEB","listed_count":11793,"profile_background_image_url_https":"https:\/\/pbs.twimg.com\/profile_background_images\/378800000119288704\/4ac964c83462c88837dc1e735aa1a45e.png","utc_offset":0,"statuses_count":124269,"description":"News, comment and features from The Independent. Also follow: @IndyVoices, \r\n@IndyPolitics, @IndyWorld and our journalists at http:\/\/ind.pn\/Wdlm9a","friends_count":1763,"location":"London, United Kingdom","profile_link_color":"FC051A","profile_image_url":"http:\/\/pbs.twimg.com\/profile_images\/583628771972018176\/ztJn926g_normal.png","following":null,"geo_enabled":false,"profile_background_image_url":"http:\/\/pbs.twimg.com\/profile_background_images\/378800000119288704\/4ac964c83462c88837dc1e735aa1a45e.png","name":"The Independent","lang":"en","profile_background_tile":true,"favourites_count":39,"screen_name":"Independent","notifications":null,"url":"http:\/\/www.independent.co.uk","created_at":"Sun Oct 26 00:00:29 +0000 2008","contributors_enabled":false,"time_zone":"London","protected":false,"default_profile":false,"is_translator":false},"geo":null,"in_reply_to_user_id_str":null,"possibly_sensitive":false,"lang":"en","created_at":"Fri Jan 09 08:57:51 +0000 2015","filter_level":"low","in_reply_to_status_id_str":null,"place":null,"extended_entities":{"media":[{"expanded_url":"http:\/\/twitter.com\/Independent\/status\/553475729187680258\/photo\/1","display_url":"pic.twitter.com\/1ShVASm5ym","url":"http:\/\/t.co\/1ShVASm5ym","media_url_https":"https:\/\/pbs.twimg.com\/media\/B65XNcBCIAAfGrr.jpg","id_str":"553475692583591936","sizes":{"large":{"h":400,"resize":"fit","w":500},"small":{"h":272,"resize":"fit","w":340},"medium":{"h":400,"resize":"fit","w":500},"thumb":{"h":150,"resize":"crop","w":150}},"indices":[118,140],"type":"photo","id":553475692583591936,"media_url":"http:\/\/pbs.twimg.com\/media\/B65XNcBCIAAfGrr.jpg"}]}}