{"contributors": null, "truncated": false, "text": "@rkn429 #Ferguson Police thinks we \"niggas\" are docile and stupid.  Arrest Darren Wilson for the First Degree Murder of #MikeBrown. NOW!!.", "in_reply_to_status_id": 500292917957648384, "id": 500299607696756736, "favorite_count": 5, "source": "<a href=\"http://twitter.com\" rel=\"nofollow\">Twitter Web Client</a>", "retweeted": false, "coordinates": null, "entities": {"symbols": [], "user_mentions": [{"id": 360129829, "indices": [0, 7], "id_str": "360129829", "screen_name": "rkn429", "name": "rkn429"}], "hashtags": [{"indices": [8, 17], "text": "Ferguson"}, {"indices": [120, 130], "text": "MikeBrown"}], "urls": []}, "in_reply_to_screen_name": "rkn429", "id_str": "500299607696756736", "retweet_count": 2, "in_reply_to_user_id": 360129829, "favorited": false, "user": {"follow_request_sent": false, "profile_use_background_image": true, "default_profile_image": false, "id": 162674848, "profile_background_image_url_https": "https://pbs.twimg.com/profile_background_images/378800000118705492/dd051ad78aa5470a2ddac299782023bf.jpeg", "verified": false, "profile_text_color": "362720", "profile_image_url_https": "https://pbs.twimg.com/profile_images/454852461799305216/aCV_6Ws8_normal.jpeg", "profile_sidebar_fill_color": "E5507E", "entities": {"url": {"urls": [{"url": "http://t.co/NY1soNXLdv", "indices": [0, 22], "expanded_url": "http://www.pinkcottonent.com", "display_url": "pinkcottonent.com"}]}, "description": {"urls": []}}, "followers_count": 4148, "profile_sidebar_border_color": "FFFFFF", "id_str": "162674848", "profile_background_color": "FF6699", "listed_count": 50, "is_translation_enabled": false, "utc_offset": -14400, "statuses_count": 46298, "description": "Too ghetto for the burbs & too burb for the ghetto. I'm where Hip Hop Meets Scripture legally. Wife, Mom, AKA, Conservative Legal Pundit, & God's child.", "friends_count": 4487, "location": "Atlanta, GA via Paterson, NJ", "profile_link_color": "B40B43", "profile_image_url": "http://pbs.twimg.com/profile_images/454852461799305216/aCV_6Ws8_normal.jpeg", "following": false, "geo_enabled": false, "profile_banner_url": "https://pbs.twimg.com/profile_banners/162674848/1403444353", "profile_background_image_url": "http://pbs.twimg.com/profile_background_images/378800000118705492/dd051ad78aa5470a2ddac299782023bf.jpeg", "screen_name": "PinkCottonMom", "lang": "en", "profile_background_tile": true, "favourites_count": 377, "name": "Attorneymom", "notifications": false, "url": "http://t.co/NY1soNXLdv", "created_at": "Sun Jul 04 10:48:56 +0000 2010", "contributors_enabled": false, "time_zone": "Eastern Time (US & Canada)", "protected": false, "default_profile": false, "is_translator": false}, "geo": null, "in_reply_to_user_id_str": "360129829", "lang": "en", "created_at": "Fri Aug 15 15:14:56 +0000 2014", "in_reply_to_status_id_str": "500292917957648384", "place": null}
