{"contributors":null,"truncated":false,"text":"So in 5mins mike brown shaved his head and changed his scandals to shoes. I think your being lied too #Ferguson http:\/\/t.co\/GSaYdYUhJr","in_reply_to_status_id":null,"id":500292917957648384,"favorite_count":60,"source":"<a href=\"http:\/\/twitter.com\/download\/iphone\" rel=\"nofollow\">Twitter for iPhone<\/a>","retweeted":false,"coordinates":null,"entities":{"symbols":[],"user_mentions":[],"hashtags":[{"indices":[102,111],"text":"Ferguson"}],"urls":[],"media":[{"expanded_url":"http:\/\/twitter.com\/rkn429\/status\/500292917957648384\/photo\/1","display_url":"pic.twitter.com\/GSaYdYUhJr","url":"http:\/\/t.co\/GSaYdYUhJr","media_url_https":"https:\/\/pbs.twimg.com\/media\/BvFlwOLCQAEFwbN.jpg","id_str":"500292912727343105","sizes":{"small":{"h":352,"resize":"fit","w":340},"large":{"h":664,"resize":"fit","w":640},"medium":{"h":622,"resize":"fit","w":600},"thumb":{"h":150,"resize":"crop","w":150}},"indices":[112,134],"type":"photo","id":500292912727343105,"media_url":"http:\/\/pbs.twimg.com\/media\/BvFlwOLCQAEFwbN.jpg"}]},"in_reply_to_screen_name":null,"id_str":"500292917957648384","retweet_count":132,"in_reply_to_user_id":null,"favorited":false,"user":{"follow_request_sent":false,"profile_use_background_image":true,"default_profile_image":false,"id":360129829,"profile_background_image_url_https":"https:\/\/pbs.twimg.com\/profile_background_images\/439891722269495296\/Hjniodh1.jpeg","verified":false,"profile_text_color":"4A66C1","profile_image_url_https":"https:\/\/pbs.twimg.com\/profile_images\/560208344141795328\/9LlN_f7a_normal.jpeg","profile_sidebar_fill_color":"0E0E0E","entities":{"description":{"urls":[]}},"followers_count":1273,"profile_sidebar_border_color":"FFFFFF","id_str":"360129829","profile_background_color":"24888F","listed_count":67,"is_translation_enabled":false,"utc_offset":-18000,"statuses_count":42842,"description":"We are on the brink of extinction","friends_count":1238,"location":"canada","profile_link_color":"000000","profile_image_url":"http:\/\/pbs.twimg.com\/profile_images\/560208344141795328\/9LlN_f7a_normal.jpeg","following":false,"geo_enabled":true,"profile_banner_url":"https:\/\/pbs.twimg.com\/profile_banners\/360129829\/1390618206","profile_background_image_url":"http:\/\/pbs.twimg.com\/profile_background_images\/439891722269495296\/Hjniodh1.jpeg","screen_name":"rkn429","lang":"en","profile_background_tile":true,"favourites_count":7595,"name":"rkn429","notifications":false,"url":null,"created_at":"Mon Aug 22 18:46:41 +0000 2011","contributors_enabled":false,"time_zone":"Quito","protected":false,"default_profile":false,"is_translator":false},"geo":null,"in_reply_to_user_id_str":null,"possibly_sensitive":false,"lang":"en","created_at":"Fri Aug 15 14:48:21 +0000 2014","in_reply_to_status_id_str":null,"place":null,"extended_entities":{"media":[{"expanded_url":"http:\/\/twitter.com\/rkn429\/status\/500292917957648384\/photo\/1","display_url":"pic.twitter.com\/GSaYdYUhJr","url":"http:\/\/t.co\/GSaYdYUhJr","media_url_https":"https:\/\/pbs.twimg.com\/media\/BvFlwOLCQAEFwbN.jpg","id_str":"500292912727343105","sizes":{"small":{"h":352,"resize":"fit","w":340},"large":{"h":664,"resize":"fit","w":640},"medium":{"h":622,"resize":"fit","w":600},"thumb":{"h":150,"resize":"crop","w":150}},"indices":[112,134],"type":"photo","id":500292912727343105,"media_url":"http:\/\/pbs.twimg.com\/media\/BvFlwOLCQAEFwbN.jpg"},{"expanded_url":"http:\/\/twitter.com\/rkn429\/status\/500292917957648384\/photo\/1","display_url":"pic.twitter.com\/GSaYdYUhJr","url":"http:\/\/t.co\/GSaYdYUhJr","media_url_https":"https:\/\/pbs.twimg.com\/media\/BvFlwdlCAAE8JfK.jpg","id_str":"500292916862910465","sizes":{"small":{"h":340,"resize":"fit","w":340},"large":{"h":1024,"resize":"fit","w":1024},"medium":{"h":600,"resize":"fit","w":600},"thumb":{"h":150,"resize":"crop","w":150}},"indices":[112,134],"type":"photo","id":500292916862910465,"media_url":"http:\/\/pbs.twimg.com\/media\/BvFlwdlCAAE8JfK.jpg"}]}}