{"contributors": null, "truncated": false, "text": "@rkn429 I think you may need Lasik. He's clearly wearing the sneakers from the convenience store still images.", "in_reply_to_status_id": 500292917957648384, "id": 500318792606433280, "favorite_count": 0, "source": "<a href=\"http://twitter.com\" rel=\"nofollow\">Twitter Web Client</a>", "retweeted": false, "coordinates": null, "entities": {"symbols": [], "user_mentions": [{"id": 360129829, "indices": [0, 7], "id_str": "360129829", "screen_name": "rkn429", "name": "rkn429"}], "hashtags": [], "urls": []}, "in_reply_to_screen_name": "rkn429", "id_str": "500318792606433280", "retweet_count": 0, "in_reply_to_user_id": 360129829, "favorited": false, "user": {"follow_request_sent": false, "profile_use_background_image": true, "default_profile_image": true, "id": 115750555, "profile_background_image_url_https": "https://abs.twimg.com/images/themes/theme1/bg.png", "verified": false, "profile_text_color": "333333", "profile_image_url_https": "https://abs.twimg.com/sticky/default_profile_images/default_profile_4_normal.png", "profile_sidebar_fill_color": "DDEEF6", "entities": {"description": {"urls": []}}, "followers_count": 32, "profile_sidebar_border_color": "C0DEED", "id_str": "115750555", "profile_background_color": "C0DEED", "listed_count": 2, "is_translation_enabled": false, "utc_offset": -25200, "statuses_count": 29, "description": "", "friends_count": 16, "location": "Lake Tahoe", "profile_link_color": "0084B4", "profile_image_url": "http://abs.twimg.com/sticky/default_profile_images/default_profile_4_normal.png", "following": false, "geo_enabled": true, "profile_banner_url": "https://pbs.twimg.com/profile_banners/115750555/1376451138", "profile_background_image_url": "http://abs.twimg.com/images/themes/theme1/bg.png", "screen_name": "everytrade", "lang": "en", "profile_background_tile": false, "favourites_count": 1, "name": "hedgefunder", "notifications": false, "url": null, "created_at": "Fri Feb 19 20:16:07 +0000 2010", "contributors_enabled": false, "time_zone": "Pacific Time (US & Canada)", "protected": false, "default_profile": true, "is_translator": false}, "geo": null, "in_reply_to_user_id_str": "360129829", "lang": "en", "created_at": "Fri Aug 15 16:31:10 +0000 2014", "in_reply_to_status_id_str": "500292917957648384", "place": null}
