{"contributors": null, "truncated": false, "text": "@rkn429 : just read this post on @SandraRose 's blog! I've been asking about sandals all day since @Fly_Times brought it up!;)PEACE", "in_reply_to_status_id": 500292917957648384, "id": 500309225772687360, "favorite_count": 1, "source": "<a href=\"http://blackberry.com/twitter\" rel=\"nofollow\">Twitter for BlackBerry\u00ae</a>", "retweeted": false, "coordinates": null, "entities": {"symbols": [], "user_mentions": [{"id": 360129829, "indices": [0, 7], "id_str": "360129829", "screen_name": "rkn429", "name": "rkn429"}, {"id": 29287030, "indices": [33, 44], "id_str": "29287030", "screen_name": "SandraRose", "name": "Sandra Rose"}, {"id": 66505046, "indices": [99, 109], "id_str": "66505046", "screen_name": "Fly_Times", "name": "FlyTimes"}], "hashtags": [], "urls": []}, "in_reply_to_screen_name": "rkn429", "id_str": "500309225772687360", "retweet_count": 0, "in_reply_to_user_id": 360129829, "favorited": false, "user": {"follow_request_sent": false, "profile_use_background_image": true, "default_profile_image": false, "id": 169890210, "profile_background_image_url_https": "https://abs.twimg.com/images/themes/theme1/bg.png", "verified": false, "profile_text_color": "333333", "profile_image_url_https": "https://pbs.twimg.com/profile_images/1590290736/IMG-20110905-00016_normal.jpg", "profile_sidebar_fill_color": "DDEEF6", "entities": {"url": {"urls": [{"url": "http://t.co/TH9T1761wl", "indices": [0, 22], "expanded_url": "http://www.twitter.com/motherhustler", "display_url": "twitter.com/motherhustler"}]}, "description": {"urls": []}}, "followers_count": 733, "profile_sidebar_border_color": "C0DEED", "id_str": "169890210", "profile_background_color": "C0DEED", "listed_count": 14, "is_translation_enabled": false, "utc_offset": null, "statuses_count": 34113, "description": "WRITING MY FIRST BOOK(THAT I WILL PUBLISH!), WORKING ON MILLION $ IDEA & BACK TO BILLIARDS!", "friends_count": 1259, "location": "MINNEAPOLIS", "profile_link_color": "0084B4", "profile_image_url": "http://pbs.twimg.com/profile_images/1590290736/IMG-20110905-00016_normal.jpg", "following": false, "geo_enabled": false, "profile_background_image_url": "http://abs.twimg.com/images/themes/theme1/bg.png", "screen_name": "MOTHERHUSTLER", "lang": "en", "profile_background_tile": false, "favourites_count": 4962, "name": "MOTHERHUSTLER", "notifications": false, "url": "http://t.co/TH9T1761wl", "created_at": "Fri Jul 23 12:22:40 +0000 2010", "contributors_enabled": false, "time_zone": null, "protected": false, "default_profile": true, "is_translator": false}, "geo": null, "in_reply_to_user_id_str": "360129829", "lang": "en", "created_at": "Fri Aug 15 15:53:09 +0000 2014", "in_reply_to_status_id_str": "500292917957648384", "place": null}
