{"contributors":null,"truncated":false,"text":"@everytrade soooooo who shaved his head then  5 min the guy is bald see the gleem off his head ???","in_reply_to_status_id":500318792606433280,"id":500321307045543938,"favorite_count":0,"source":"<a href=\"http:\/\/twitter.com\/download\/iphone\" rel=\"nofollow\">Twitter for iPhone<\/a>","retweeted":false,"coordinates":null,"entities":{"symbols":[],"user_mentions":[{"id":115750555,"indices":[0,11],"id_str":"115750555","screen_name":"everytrade","name":"hedgefunder"}],"hashtags":[],"urls":[]},"in_reply_to_screen_name":"everytrade","id_str":"500321307045543938","retweet_count":0,"in_reply_to_user_id":115750555,"favorited":false,"user":{"follow_request_sent":false,"profile_use_background_image":true,"default_profile_image":false,"id":360129829,"profile_background_image_url_https":"https:\/\/pbs.twimg.com\/profile_background_images\/439891722269495296\/Hjniodh1.jpeg","verified":false,"profile_text_color":"4A66C1","profile_image_url_https":"https:\/\/pbs.twimg.com\/profile_images\/560208344141795328\/9LlN_f7a_normal.jpeg","profile_sidebar_fill_color":"0E0E0E","entities":{"description":{"urls":[]}},"followers_count":1249,"profile_sidebar_border_color":"FFFFFF","id_str":"360129829","profile_background_color":"24888F","listed_count":66,"is_translation_enabled":false,"utc_offset":-18000,"statuses_count":41692,"description":"We are on the brink of extinction","friends_count":1206,"location":"canada","profile_link_color":"000000","profile_image_url":"http:\/\/pbs.twimg.com\/profile_images\/560208344141795328\/9LlN_f7a_normal.jpeg","following":false,"geo_enabled":true,"profile_banner_url":"https:\/\/pbs.twimg.com\/profile_banners\/360129829\/1390618206","profile_background_image_url":"http:\/\/pbs.twimg.com\/profile_background_images\/439891722269495296\/Hjniodh1.jpeg","screen_name":"rkn429","lang":"en","profile_background_tile":true,"favourites_count":7385,"name":"rkn429","notifications":false,"url":null,"created_at":"Mon Aug 22 18:46:41 +0000 2011","contributors_enabled":false,"time_zone":"Quito","protected":false,"default_profile":false,"is_translator":false},"geo":null,"in_reply_to_user_id_str":"115750555","lang":"en","created_at":"Fri Aug 15 16:41:09 +0000 2014","in_reply_to_status_id_str":"500318792606433280","place":null}