{"contributors":null,"truncated":false,"text":"Nawwww.... @everytrade @rkn429 he's actually barefoot http:\/\/t.co\/vAjjJPhr2O","in_reply_to_status_id":500318792606433280,"id":500324241120571392,"favorite_count":1,"source":"<a href=\"http:\/\/twitter.com\/download\/iphone\" rel=\"nofollow\">Twitter for iPhone<\/a>","retweeted":false,"coordinates":null,"entities":{"symbols":[],"user_mentions":[{"id":115750555,"indices":[11,22],"id_str":"115750555","screen_name":"everytrade","name":"hedgefunder"},{"id":360129829,"indices":[23,30],"id_str":"360129829","screen_name":"rkn429","name":"rkn429"}],"hashtags":[],"urls":[],"media":[{"expanded_url":"http:\/\/twitter.com\/sincerelyabitch\/status\/500324241120571392\/photo\/1","display_url":"pic.twitter.com\/vAjjJPhr2O","url":"http:\/\/t.co\/vAjjJPhr2O","media_url_https":"https:\/\/pbs.twimg.com\/media\/BvGCPs7CEAAAkih.jpg","id_str":"500324239883243520","sizes":{"small":{"h":75,"resize":"fit","w":134},"large":{"h":75,"resize":"fit","w":134},"medium":{"h":75,"resize":"fit","w":134},"thumb":{"h":75,"resize":"crop","w":134}},"indices":[54,76],"type":"photo","id":500324239883243520,"media_url":"http:\/\/pbs.twimg.com\/media\/BvGCPs7CEAAAkih.jpg"}]},"in_reply_to_screen_name":"everytrade","id_str":"500324241120571392","retweet_count":1,"in_reply_to_user_id":115750555,"favorited":false,"user":{"follow_request_sent":false,"profile_use_background_image":true,"default_profile_image":false,"id":21613942,"profile_background_image_url_https":"https:\/\/pbs.twimg.com\/profile_background_images\/573988228\/jonw0idlzdmedhhzxp34.jpeg","verified":false,"profile_text_color":"FF3388","profile_image_url_https":"https:\/\/pbs.twimg.com\/profile_images\/526129071202131968\/lC83N-zS_normal.png","profile_sidebar_fill_color":"FFBFD1","entities":{"url":{"urls":[{"url":"http:\/\/t.co\/kGasXF66R6","indices":[0,22],"expanded_url":"http:\/\/pinkmusiclovelife.tumblr.com","display_url":"pinkmusiclovelife.tumblr.com"}]},"description":{"urls":[]}},"followers_count":28431,"profile_sidebar_border_color":"FF9CC4","id_str":"21613942","profile_background_color":"F27B9D","listed_count":18,"is_translation_enabled":false,"utc_offset":-14400,"statuses_count":81311,"description":"Every flower must grow through there","friends_count":834,"location":"Atlanta ","profile_link_color":"FF61B0","profile_image_url":"http:\/\/pbs.twimg.com\/profile_images\/526129071202131968\/lC83N-zS_normal.png","following":false,"geo_enabled":true,"profile_banner_url":"https:\/\/pbs.twimg.com\/profile_banners\/21613942\/1400560374","profile_background_image_url":"http:\/\/pbs.twimg.com\/profile_background_images\/573988228\/jonw0idlzdmedhhzxp34.jpeg","screen_name":"sincerelyabitch","lang":"en","profile_background_tile":true,"favourites_count":965,"name":"Jade","notifications":false,"url":"http:\/\/t.co\/kGasXF66R6","created_at":"Mon Feb 23 00:10:40 +0000 2009","contributors_enabled":false,"time_zone":"Eastern Time (US & Canada)","protected":false,"default_profile":false,"is_translator":false},"geo":null,"in_reply_to_user_id_str":"115750555","possibly_sensitive":false,"lang":"en","created_at":"Fri Aug 15 16:52:49 +0000 2014","in_reply_to_status_id_str":"500318792606433280","place":null,"extended_entities":{"media":[{"expanded_url":"http:\/\/twitter.com\/sincerelyabitch\/status\/500324241120571392\/photo\/1","display_url":"pic.twitter.com\/vAjjJPhr2O","url":"http:\/\/t.co\/vAjjJPhr2O","media_url_https":"https:\/\/pbs.twimg.com\/media\/BvGCPs7CEAAAkih.jpg","id_str":"500324239883243520","sizes":{"small":{"h":75,"resize":"fit","w":134},"large":{"h":75,"resize":"fit","w":134},"medium":{"h":75,"resize":"fit","w":134},"thumb":{"h":75,"resize":"crop","w":134}},"indices":[54,76],"type":"photo","id":500324239883243520,"media_url":"http:\/\/pbs.twimg.com\/media\/BvGCPs7CEAAAkih.jpg"}]}}