{"contributors":null,"truncated":false,"text":"@rkn429 I was thinking the same thing!","in_reply_to_status_id":500292917957648384,"id":500318190535069697,"favorite_count":1,"source":"<a href=\"http:\/\/twitter.com\/#!\/download\/ipad\" rel=\"nofollow\">Twitter for iPad<\/a>","retweeted":false,"coordinates":null,"entities":{"symbols":[],"user_mentions":[{"id":360129829,"indices":[0,7],"id_str":"360129829","screen_name":"rkn429","name":"rkn429"}],"hashtags":[],"urls":[]},"in_reply_to_screen_name":"rkn429","id_str":"500318190535069697","retweet_count":0,"in_reply_to_user_id":360129829,"favorited":false,"user":{"follow_request_sent":false,"profile_use_background_image":true,"default_profile_image":false,"id":34619653,"profile_background_image_url_https":"https:\/\/pbs.twimg.com\/profile_background_images\/490332342620127232\/OfSpqeaC.png","verified":false,"profile_text_color":"333333","profile_image_url_https":"https:\/\/pbs.twimg.com\/profile_images\/535639274801360896\/hhu0p0_u_normal.jpeg","profile_sidebar_fill_color":"4F494F","entities":{"url":{"urls":[{"url":"http:\/\/t.co\/YGlKRh9bC5","indices":[0,22],"expanded_url":"http:\/\/theskinnyglutton.com","display_url":"theskinnyglutton.com"}]},"description":{"urls":[]}},"followers_count":482,"profile_sidebar_border_color":"000000","id_str":"34619653","profile_background_color":"131516","listed_count":9,"is_translation_enabled":false,"utc_offset":-25200,"statuses_count":13051,"description":"I tweet; therefore, I am.","friends_count":1919,"location":"Los Angeles, CA","profile_link_color":"282B5C","profile_image_url":"http:\/\/pbs.twimg.com\/profile_images\/535639274801360896\/hhu0p0_u_normal.jpeg","following":false,"geo_enabled":false,"profile_banner_url":"https:\/\/pbs.twimg.com\/profile_banners\/34619653\/1405547485","profile_background_image_url":"http:\/\/pbs.twimg.com\/profile_background_images\/490332342620127232\/OfSpqeaC.png","screen_name":"ratchet_since85","lang":"en","profile_background_tile":true,"favourites_count":662,"name":"\u0628\u0648\u0644 \u0631\u0648\u0628\u0631\u0633\u0648\u0646","notifications":false,"url":"http:\/\/t.co\/YGlKRh9bC5","created_at":"Thu Apr 23 14:04:44 +0000 2009","contributors_enabled":false,"time_zone":"Pacific Time (US & Canada)","protected":false,"default_profile":false,"is_translator":false},"geo":null,"in_reply_to_user_id_str":"360129829","lang":"en","created_at":"Fri Aug 15 16:28:46 +0000 2014","in_reply_to_status_id_str":"500292917957648384","place":null}