{"contributors":null,"truncated":false,"text":"@ShmooReport @sheBASEDAF @rkn429 interesting...","in_reply_to_status_id":500530496242475010,"id":500540635141521410,"favorite_count":0,"source":"<a href=\"http:\/\/twitter.com\/download\/iphone\" rel=\"nofollow\">Twitter for iPhone<\/a>","retweeted":false,"coordinates":null,"entities":{"symbols":[],"user_mentions":[{"id":17798031,"indices":[0,12],"id_str":"17798031","screen_name":"ShmooReport","name":"Shmoo Report"},{"id":334583558,"indices":[13,24],"id_str":"334583558","screen_name":"sheBASEDAF","name":"\u2640\u2640W!AA\u270a"},{"id":360129829,"indices":[25,32],"id_str":"360129829","screen_name":"rkn429","name":"rkn429"}],"hashtags":[],"urls":[]},"in_reply_to_screen_name":"ShmooReport","id_str":"500540635141521410","retweet_count":0,"in_reply_to_user_id":17798031,"favorited":false,"user":{"follow_request_sent":false,"profile_use_background_image":true,"default_profile_image":false,"id":2386012770,"profile_background_image_url_https":"https:\/\/pbs.twimg.com\/profile_background_images\/462452925252382720\/joP_Lq59.jpeg","verified":false,"profile_text_color":"333333","profile_image_url_https":"https:\/\/pbs.twimg.com\/profile_images\/524424300078460928\/lFuPqKe0_normal.jpeg","profile_sidebar_fill_color":"DDEEF6","entities":{"url":{"urls":[{"url":"http:\/\/t.co\/ftYrdAttlA","indices":[0,22],"expanded_url":"http:\/\/www.youtube.com\/\/user\/iannarino007","display_url":"youtube.com\/\/user\/iannarin\u2026"}]},"description":{"urls":[]}},"followers_count":2142,"profile_sidebar_border_color":"000000","id_str":"2386012770","profile_background_color":"C0DEED","listed_count":25,"is_translation_enabled":false,"utc_offset":null,"statuses_count":6391,"description":"Writer\/Producer for new show The Flip Side Starring Michael Loftus Sept. 6 everywhere check local listings!","friends_count":2295,"location":"www.jakeiannarino.com ","profile_link_color":"0084B4","profile_image_url":"http:\/\/pbs.twimg.com\/profile_images\/524424300078460928\/lFuPqKe0_normal.jpeg","following":false,"geo_enabled":false,"profile_banner_url":"https:\/\/pbs.twimg.com\/profile_banners\/2386012770\/1396538653","profile_background_image_url":"http:\/\/pbs.twimg.com\/profile_background_images\/462452925252382720\/joP_Lq59.jpeg","screen_name":"Iannarino007","lang":"en","profile_background_tile":true,"favourites_count":2318,"name":"Jake Iannarino","notifications":false,"url":"http:\/\/t.co\/ftYrdAttlA","created_at":"Thu Mar 13 00:32:04 +0000 2014","contributors_enabled":false,"time_zone":null,"protected":false,"default_profile":false,"is_translator":false},"geo":null,"in_reply_to_user_id_str":"17798031","lang":"en","created_at":"Sat Aug 16 07:12:41 +0000 2014","in_reply_to_status_id_str":"500530496242475010","place":null}