{"contributors": null, "truncated": false, "text": "Canadian here too. I am glad that our police are not -usually- accused of such abhorrently unjust crimes! \n@ddsnorth @rkn429", "in_reply_to_status_id": 500535747892350977, "id": 500538339234435072, "favorite_count": 0, "source": "<a href=\"http://twitter.com/download/android\" rel=\"nofollow\">Twitter for Android</a>", "retweeted": false, "coordinates": null, "entities": {"symbols": [], "user_mentions": [{"id": 17300548, "indices": [107, 116], "id_str": "17300548", "screen_name": "ddsnorth", "name": "ddsnorth \u2122"}, {"id": 360129829, "indices": [117, 124], "id_str": "360129829", "screen_name": "rkn429", "name": "rkn429"}], "hashtags": [], "urls": []}, "in_reply_to_screen_name": "ddsnorth", "id_str": "500538339234435072", "retweet_count": 1, "in_reply_to_user_id": 17300548, "favorited": false, "user": {"follow_request_sent": false, "profile_use_background_image": true, "default_profile_image": false, "id": 2412689935, "profile_background_image_url_https": "https://pbs.twimg.com/profile_background_images/450520625241546752/RJhsKA3B.jpeg", "verified": false, "profile_text_color": "FFFAAE", "profile_image_url_https": "https://pbs.twimg.com/profile_images/448839843871604736/gkkObyFT_normal.jpeg", "profile_sidebar_fill_color": "E2D9FD", "entities": {"description": {"urls": []}}, "followers_count": 1594, "profile_sidebar_border_color": "FFFFFF", "id_str": "2412689935", "profile_background_color": "0ADAF6", "listed_count": 26, "is_translation_enabled": false, "utc_offset": null, "statuses_count": 24683, "description": "For beauty, justice & love that makes you want to do what's right, to preserve the living earth, for all creatures. RTs do not always represent my POV.", "friends_count": 2002, "location": "Canada", "profile_link_color": "AEB3D4", "profile_image_url": "http://pbs.twimg.com/profile_images/448839843871604736/gkkObyFT_normal.jpeg", "following": false, "geo_enabled": true, "profile_banner_url": "https://pbs.twimg.com/profile_banners/2412689935/1395844511", "profile_background_image_url": "http://pbs.twimg.com/profile_background_images/450520625241546752/RJhsKA3B.jpeg", "screen_name": "Love_maplesyrup", "lang": "en", "profile_background_tile": true, "favourites_count": 3734, "name": "Bearhug", "notifications": false, "url": null, "created_at": "Wed Mar 26 14:22:37 +0000 2014", "contributors_enabled": false, "time_zone": null, "protected": false, "default_profile": false, "is_translator": false}, "geo": null, "in_reply_to_user_id_str": "17300548", "lang": "en", "created_at": "Sat Aug 16 07:03:34 +0000 2014", "in_reply_to_status_id_str": "500535747892350977", "place": null}
