{"contributors":null,"truncated":false,"text":"@Love_maplesyrup the #G20 riots here, sure gave us a glimpse of our own loss of freedoms to protest. dd @rkn429","in_reply_to_status_id":500538339234435072,"id":500538931046137858,"favorite_count":1,"source":"<a href=\"http:\/\/twitter.com\" rel=\"nofollow\">Twitter Web Client<\/a>","retweeted":false,"coordinates":null,"entities":{"symbols":[],"user_mentions":[{"id":2412689935,"indices":[0,16],"id_str":"2412689935","screen_name":"Love_maplesyrup","name":"Bearhug"},{"id":360129829,"indices":[104,111],"id_str":"360129829","screen_name":"rkn429","name":"rkn429"}],"hashtags":[{"indices":[21,25],"text":"G20"}],"urls":[]},"in_reply_to_screen_name":"Love_maplesyrup","id_str":"500538931046137858","retweet_count":1,"in_reply_to_user_id":2412689935,"favorited":false,"user":{"follow_request_sent":false,"profile_use_background_image":true,"default_profile_image":false,"id":17300548,"profile_background_image_url_https":"https:\/\/pbs.twimg.com\/profile_background_images\/471517697537089536\/U4PvXeJl.jpeg","verified":false,"profile_text_color":"000A06","profile_image_url_https":"https:\/\/pbs.twimg.com\/profile_images\/589190580112003072\/fqr9b_5Y_normal.jpg","profile_sidebar_fill_color":"F9F7FA","entities":{"url":{"urls":[{"url":"http:\/\/t.co\/NFP8ySFTCW","indices":[0,22],"expanded_url":"http:\/\/ddsnorth.tumblr.com\/","display_url":"ddsnorth.tumblr.com"}]},"description":{"urls":[]}},"followers_count":5280,"profile_sidebar_border_color":"FFFFFF","id_str":"17300548","profile_background_color":"8F2B4C","listed_count":377,"is_translation_enabled":false,"utc_offset":-14400,"statuses_count":244445,"description":"Meningioma Brain Tumor Survivor, forced to live in dehumanized poverty, in a slumlord apartment, b\/c i'm old, chronic ill.  When did illness become a crime? dd","friends_count":59,"location":"","profile_link_color":"B8284F","profile_image_url":"http:\/\/pbs.twimg.com\/profile_images\/589190580112003072\/fqr9b_5Y_normal.jpg","following":false,"geo_enabled":false,"profile_banner_url":"https:\/\/pbs.twimg.com\/profile_banners\/17300548\/1408673627","profile_background_image_url":"http:\/\/pbs.twimg.com\/profile_background_images\/471517697537089536\/U4PvXeJl.jpeg","screen_name":"ddsnorth","lang":"en","profile_background_tile":true,"favourites_count":3330,"name":"ddsnorth \u2122","notifications":false,"url":"http:\/\/t.co\/NFP8ySFTCW","created_at":"Tue Nov 11 01:59:36 +0000 2008","contributors_enabled":false,"time_zone":"Eastern Time (US & Canada)","protected":false,"default_profile":false,"is_translator":false},"geo":null,"in_reply_to_user_id_str":"2412689935","lang":"en","created_at":"Sat Aug 16 07:05:55 +0000 2014","in_reply_to_status_id_str":"500538339234435072","place":null}