{"contributors":null,"truncated":false,"text":".@rkn429 @Love_maplesyrup OMG. that's the claim, police using? Indeed, how did #MikeBrown do wardrobe change, mid-flight from a bullet? dd","in_reply_to_status_id":500292917957648384,"id":500533703169163264,"favorite_count":0,"source":"<a href=\"http:\/\/twitter.com\" rel=\"nofollow\">Twitter Web Client<\/a>","retweeted":false,"coordinates":null,"entities":{"symbols":[],"user_mentions":[{"id":360129829,"indices":[1,8],"id_str":"360129829","screen_name":"rkn429","name":"rkn429"},{"id":2412689935,"indices":[9,25],"id_str":"2412689935","screen_name":"Love_maplesyrup","name":"Bearhug"}],"hashtags":[{"indices":[79,89],"text":"MikeBrown"}],"urls":[]},"in_reply_to_screen_name":"rkn429","id_str":"500533703169163264","retweet_count":1,"in_reply_to_user_id":360129829,"favorited":false,"user":{"follow_request_sent":false,"profile_use_background_image":true,"default_profile_image":false,"id":17300548,"profile_background_image_url_https":"https:\/\/pbs.twimg.com\/profile_background_images\/471517697537089536\/U4PvXeJl.jpeg","verified":false,"profile_text_color":"000A06","profile_image_url_https":"https:\/\/pbs.twimg.com\/profile_images\/589190580112003072\/fqr9b_5Y_normal.jpg","profile_sidebar_fill_color":"F9F7FA","entities":{"url":{"urls":[{"url":"http:\/\/t.co\/NFP8ySFTCW","indices":[0,22],"expanded_url":"http:\/\/ddsnorth.tumblr.com\/","display_url":"ddsnorth.tumblr.com"}]},"description":{"urls":[]}},"followers_count":5280,"profile_sidebar_border_color":"FFFFFF","id_str":"17300548","profile_background_color":"8F2B4C","listed_count":377,"is_translation_enabled":false,"utc_offset":-14400,"statuses_count":244445,"description":"Meningioma Brain Tumor Survivor, forced to live in dehumanized poverty, in a slumlord apartment, b\/c i'm old, chronic ill.  When did illness become a crime? dd","friends_count":59,"location":"","profile_link_color":"B8284F","profile_image_url":"http:\/\/pbs.twimg.com\/profile_images\/589190580112003072\/fqr9b_5Y_normal.jpg","following":false,"geo_enabled":false,"profile_banner_url":"https:\/\/pbs.twimg.com\/profile_banners\/17300548\/1408673627","profile_background_image_url":"http:\/\/pbs.twimg.com\/profile_background_images\/471517697537089536\/U4PvXeJl.jpeg","screen_name":"ddsnorth","lang":"en","profile_background_tile":true,"favourites_count":3330,"name":"ddsnorth \u2122","notifications":false,"url":"http:\/\/t.co\/NFP8ySFTCW","created_at":"Tue Nov 11 01:59:36 +0000 2008","contributors_enabled":false,"time_zone":"Eastern Time (US & Canada)","protected":false,"default_profile":false,"is_translator":false},"geo":null,"in_reply_to_user_id_str":"360129829","lang":"en","created_at":"Sat Aug 16 06:45:08 +0000 2014","in_reply_to_status_id_str":"500292917957648384","place":null}