{"contributors":null,"truncated":false,"text":"@ShmooReport @rkn429 there is no red hat in the pic on left....","in_reply_to_status_id":500530496242475010,"id":500535322921664512,"favorite_count":0,"source":"<a href=\"http:\/\/twitter.com\/download\/android\" rel=\"nofollow\">Twitter for Android<\/a>","retweeted":false,"coordinates":null,"entities":{"symbols":[],"user_mentions":[{"id":17798031,"indices":[0,12],"id_str":"17798031","screen_name":"ShmooReport","name":"Shmoo Report"},{"id":360129829,"indices":[13,20],"id_str":"360129829","screen_name":"rkn429","name":"rkn429"}],"hashtags":[],"urls":[]},"in_reply_to_screen_name":"ShmooReport","id_str":"500535322921664512","retweet_count":0,"in_reply_to_user_id":17798031,"favorited":false,"user":{"follow_request_sent":false,"profile_use_background_image":true,"default_profile_image":false,"id":1010456808,"profile_background_image_url_https":"https:\/\/abs.twimg.com\/images\/themes\/theme1\/bg.png","verified":false,"profile_text_color":"333333","profile_image_url_https":"https:\/\/pbs.twimg.com\/profile_images\/523861115374411776\/1mBYmQiI_normal.jpeg","profile_sidebar_fill_color":"DDEEF6","entities":{"url":{"urls":[{"url":"http:\/\/t.co\/IKLEWcG4vz","indices":[0,22],"expanded_url":"http:\/\/Soccernewsday.com\/columnists\/110\/james-perry","display_url":"Soccernewsday.com\/columnists\/110\u2026"}]},"description":{"urls":[]}},"followers_count":770,"profile_sidebar_border_color":"C0DEED","id_str":"1010456808","profile_background_color":"C0DEED","listed_count":5,"is_translation_enabled":false,"utc_offset":null,"statuses_count":21171,"description":"Real Boston Rams Public Address Announcer also, read my New England Revolution Summer Soldiers column on @soccernewsday.","friends_count":2000,"location":"Here","profile_link_color":"0084B4","profile_image_url":"http:\/\/pbs.twimg.com\/profile_images\/523861115374411776\/1mBYmQiI_normal.jpeg","following":false,"geo_enabled":true,"profile_banner_url":"https:\/\/pbs.twimg.com\/profile_banners\/1010456808\/1409439350","profile_background_image_url":"http:\/\/abs.twimg.com\/images\/themes\/theme1\/bg.png","screen_name":"James_M_Perry","lang":"en","profile_background_tile":false,"favourites_count":425,"name":"James Perry","notifications":false,"url":"http:\/\/t.co\/IKLEWcG4vz","created_at":"Fri Dec 14 05:28:07 +0000 2012","contributors_enabled":false,"time_zone":null,"protected":false,"default_profile":true,"is_translator":false},"geo":null,"in_reply_to_user_id_str":"17798031","lang":"en","created_at":"Sat Aug 16 06:51:35 +0000 2014","in_reply_to_status_id_str":"500530496242475010","place":null}