{"contributors": null, "truncated": false, "text": "@rkn429 @AntSeattle the family of mike brown has repeatedly asked ppl to stop posting the photo of their slaughtered child on social media", "in_reply_to_status_id": 500292917957648384, "id": 500531884578045952, "favorite_count": 1, "source": "<a href=\"http://twitter.com\" rel=\"nofollow\">Twitter Web Client</a>", "retweeted": false, "coordinates": null, "entities": {"symbols": [], "user_mentions": [{"id": 360129829, "indices": [0, 7], "id_str": "360129829", "screen_name": "rkn429", "name": "rkn429"}, {"id": 219855077, "indices": [8, 19], "id_str": "219855077", "screen_name": "AntSeattle", "name": "AntoinetteBonsignore"}], "hashtags": [], "urls": []}, "in_reply_to_screen_name": "rkn429", "id_str": "500531884578045952", "retweet_count": 3, "in_reply_to_user_id": 360129829, "favorited": false, "user": {"follow_request_sent": false, "profile_use_background_image": true, "default_profile_image": false, "id": 143313538, "profile_background_image_url_https": "https://pbs.twimg.com/profile_background_images/378800000064893353/b228266ed9186036cde57de9b88032ce.jpeg", "verified": false, "profile_text_color": "333333", "profile_image_url_https": "https://pbs.twimg.com/profile_images/485848264348954625/5j4lHmHW_normal.jpeg", "profile_sidebar_fill_color": "E6F6F9", "entities": {"url": {"urls": [{"url": "http://t.co/TbqZy3s6Fv", "indices": [0, 22], "expanded_url": "http://jessiejessup.com/", "display_url": "jessiejessup.com"}]}, "description": {"urls": []}}, "followers_count": 45647, "profile_sidebar_border_color": "000000", "id_str": "143313538", "profile_background_color": "131516", "listed_count": 55, "is_translation_enabled": false, "utc_offset": -18000, "statuses_count": 40537, "description": "watch, learn and don't touch my cookie.", "friends_count": 1403, "location": "Dallas", "profile_link_color": "451616", "profile_image_url": "http://pbs.twimg.com/profile_images/485848264348954625/5j4lHmHW_normal.jpeg", "following": false, "geo_enabled": false, "profile_banner_url": "https://pbs.twimg.com/profile_banners/143313538/1398657868", "profile_background_image_url": "http://pbs.twimg.com/profile_background_images/378800000064893353/b228266ed9186036cde57de9b88032ce.jpeg", "screen_name": "JessieJessup", "lang": "en", "profile_background_tile": true, "favourites_count": 18806, "name": "Jessie Jessup", "notifications": false, "url": "http://t.co/TbqZy3s6Fv", "created_at": "Thu May 13 04:12:11 +0000 2010", "contributors_enabled": false, "time_zone": "Central Time (US & Canada)", "protected": false, "default_profile": false, "is_translator": false}, "geo": null, "in_reply_to_user_id_str": "360129829", "lang": "en", "created_at": "Sat Aug 16 06:37:55 +0000 2014", "in_reply_to_status_id_str": "500292917957648384", "place": null}
