{"contributors": null, "truncated": false, "text": "\u201c@rkn429: In 5 mns mike brown shaved his head n changed his scandals 2 shoes. I think your being lied too #Ferguson http://t.co/e4kEdq4ma4\u201d", "in_reply_to_status_id": 500292917957648384, "id": 500530325974700032, "favorite_count": 15, "source": "<a href=\"http://twitter.com/#!/download/ipad\" rel=\"nofollow\">Twitter for iPad</a>", "retweeted": false, "coordinates": null, "entities": {"symbols": [], "user_mentions": [{"id": 360129829, "indices": [1, 8], "id_str": "360129829", "screen_name": "rkn429", "name": "rkn429"}], "hashtags": [{"indices": [106, 115], "text": "Ferguson"}], "urls": [], "media": [{"source_status_id_str": "500292917957648384", "expanded_url": "http://twitter.com/rkn429/status/500292917957648384/photo/1", "display_url": "pic.twitter.com/e4kEdq4ma4", "url": "http://t.co/e4kEdq4ma4", "media_url_https": "https://pbs.twimg.com/media/BvFlwOLCQAEFwbN.jpg", "source_status_id": 500292917957648384, "id_str": "500292912727343105", "sizes": {"large": {"h": 664, "resize": "fit", "w": 640}, "small": {"h": 353, "resize": "fit", "w": 340}, "medium": {"h": 623, "resize": "fit", "w": 600}, "thumb": {"h": 150, "resize": "crop", "w": 150}}, "indices": [116, 138], "type": "photo", "id": 500292912727343105, "media_url": "http://pbs.twimg.com/media/BvFlwOLCQAEFwbN.jpg"}]}, "in_reply_to_screen_name": "rkn429", "id_str": "500530325974700032", "retweet_count": 22, "in_reply_to_user_id": 360129829, "favorited": false, "user": {"follow_request_sent": false, "profile_use_background_image": true, "default_profile_image": false, "id": 17798031, "profile_background_image_url_https": "https://pbs.twimg.com/profile_background_images/718281089/78e3084ac8c23cafdfa2a7bbbf306aab.jpeg", "verified": false, "profile_text_color": "1A0C52", "profile_image_url_https": "https://pbs.twimg.com/profile_images/453597885/Shmoo_Report_normal.jpg", "profile_sidebar_fill_color": "FFE4CC", "entities": {"url": {"urls": [{"url": "http://t.co/T2Dx67CIOm", "indices": [0, 22], "expanded_url": "http://shmooreport.blogspot.com/", "display_url": "shmooreport.blogspot.com"}]}, "description": {"urls": []}}, "followers_count": 182878, "profile_sidebar_border_color": "FFFFFF", "id_str": "17798031", "profile_background_color": "DEBACD", "listed_count": 1312, "is_translation_enabled": false, "utc_offset": -25200, "statuses_count": 45092, "description": "A third generation Canadian: a respectable nobody. Into thoughtful humour. A true Shaman. An aspiring writer", "friends_count": 160776, "location": "Vancouver, BC", "profile_link_color": "FF0000", "profile_image_url": "http://pbs.twimg.com/profile_images/453597885/Shmoo_Report_normal.jpg", "following": false, "geo_enabled": false, "profile_banner_url": "https://pbs.twimg.com/profile_banners/17798031/1368724825", "profile_background_image_url": "http://pbs.twimg.com/profile_background_images/718281089/78e3084ac8c23cafdfa2a7bbbf306aab.jpeg", "screen_name": "ShmooReport", "lang": "en", "profile_background_tile": false, "favourites_count": 7014, "name": "Shmoo Report", "notifications": false, "url": "http://t.co/T2Dx67CIOm", "created_at": "Tue Dec 02 03:19:42 +0000 2008", "contributors_enabled": false, "time_zone": "Pacific Time (US & Canada)", "protected": false, "default_profile": false, "is_translator": false}, "geo": null, "in_reply_to_user_id_str": "360129829", "possibly_sensitive": false, "lang": "en", "created_at": "Sat Aug 16 06:31:43 +0000 2014", "in_reply_to_status_id_str": "500292917957648384", "place": null, "extended_entities": {"media": [{"source_status_id_str": "500292917957648384", "expanded_url": "http://twitter.com/rkn429/status/500292917957648384/photo/1", "display_url": "pic.twitter.com/e4kEdq4ma4", "url": "http://t.co/e4kEdq4ma4", "media_url_https": "https://pbs.twimg.com/media/BvFlwOLCQAEFwbN.jpg", "source_status_id": 500292917957648384, "id_str": "500292912727343105", "sizes": {"large": {"h": 664, "resize": "fit", "w": 640}, "small": {"h": 353, "resize": "fit", "w": 340}, "medium": {"h": 623, "resize": "fit", "w": 600}, "thumb": {"h": 150, "resize": "crop", "w": 150}}, "indices": [116, 138], "type": "photo", "id": 500292912727343105, "media_url": "http://pbs.twimg.com/media/BvFlwOLCQAEFwbN.jpg"}, {"source_status_id_str": "500292917957648384", "expanded_url": "http://twitter.com/rkn429/status/500292917957648384/photo/1", "display_url": "pic.twitter.com/e4kEdq4ma4", "url": "http://t.co/e4kEdq4ma4", "media_url_https": "https://pbs.twimg.com/media/BvFlwdlCAAE8JfK.jpg", "source_status_id": 500292917957648384, "id_str": "500292916862910465", "sizes": {"large": {"h": 1024, "resize": "fit", "w": 1024}, "small": {"h": 340, "resize": "fit", "w": 340}, "medium": {"h": 600, "resize": "fit", "w": 600}, "thumb": {"h": 150, "resize": "crop", "w": 150}}, "indices": [116, 138], "type": "photo", "id": 500292916862910465, "media_url": "http://pbs.twimg.com/media/BvFlwdlCAAE8JfK.jpg"}]}}
