{"contributors": null, "truncated": false, "text": "@bogbeagle @rkn429 Assuming the Crown or equivalent approve charges", "in_reply_to_status_id": 500538854982828032, "id": 500542312033058816, "favorite_count": 0, "source": "<a href=\"http://twitter.com/#!/download/ipad\" rel=\"nofollow\">Twitter for iPad</a>", "retweeted": false, "coordinates": null, "entities": {"symbols": [], "user_mentions": [{"id": 211280553, "indices": [0, 10], "id_str": "211280553", "screen_name": "bogbeagle", "name": "bogbeagle"}, {"id": 360129829, "indices": [11, 18], "id_str": "360129829", "screen_name": "rkn429", "name": "rkn429"}], "hashtags": [], "urls": []}, "in_reply_to_screen_name": "bogbeagle", "id_str": "500542312033058816", "retweet_count": 0, "in_reply_to_user_id": 211280553, "favorited": false, "user": {"follow_request_sent": false, "profile_use_background_image": true, "default_profile_image": false, "id": 17798031, "profile_background_image_url_https": "https://pbs.twimg.com/profile_background_images/718281089/78e3084ac8c23cafdfa2a7bbbf306aab.jpeg", "verified": false, "profile_text_color": "1A0C52", "profile_image_url_https": "https://pbs.twimg.com/profile_images/453597885/Shmoo_Report_normal.jpg", "profile_sidebar_fill_color": "FFE4CC", "entities": {"url": {"urls": [{"url": "http://t.co/T2Dx67CIOm", "indices": [0, 22], "expanded_url": "http://shmooreport.blogspot.com/", "display_url": "shmooreport.blogspot.com"}]}, "description": {"urls": []}}, "followers_count": 182879, "profile_sidebar_border_color": "FFFFFF", "id_str": "17798031", "profile_background_color": "DEBACD", "listed_count": 1312, "is_translation_enabled": false, "utc_offset": -25200, "statuses_count": 45092, "description": "A third generation Canadian: a respectable nobody. Into thoughtful humour. A true Shaman. An aspiring writer", "friends_count": 160776, "location": "Vancouver, BC", "profile_link_color": "FF0000", "profile_image_url": "http://pbs.twimg.com/profile_images/453597885/Shmoo_Report_normal.jpg", "following": false, "geo_enabled": false, "profile_banner_url": "https://pbs.twimg.com/profile_banners/17798031/1368724825", "profile_background_image_url": "http://pbs.twimg.com/profile_background_images/718281089/78e3084ac8c23cafdfa2a7bbbf306aab.jpeg", "screen_name": "ShmooReport", "lang": "en", "profile_background_tile": false, "favourites_count": 7014, "name": "Shmoo Report", "notifications": false, "url": "http://t.co/T2Dx67CIOm", "created_at": "Tue Dec 02 03:19:42 +0000 2008", "contributors_enabled": false, "time_zone": "Pacific Time (US & Canada)", "protected": false, "default_profile": false, "is_translator": false}, "geo": null, "in_reply_to_user_id_str": "211280553", "lang": "en", "created_at": "Sat Aug 16 07:19:21 +0000 2014", "in_reply_to_status_id_str": "500538854982828032", "place": null}
