{"contributors":null,"truncated":false,"text":"@RichardHarris32 @ShmooReport @rkn429 Who knows?","in_reply_to_status_id":500658592853553153,"id":500658927378247680,"favorite_count":1,"source":"<a href=\"http:\/\/twitter.com\" rel=\"nofollow\">Twitter Web Client<\/a>","retweeted":false,"coordinates":null,"entities":{"symbols":[],"user_mentions":[{"id":377696943,"indices":[0,16],"id_str":"377696943","screen_name":"RichardHarris32","name":"Richard Harris"},{"id":17798031,"indices":[17,29],"id_str":"17798031","screen_name":"ShmooReport","name":"Shmoo Report"},{"id":360129829,"indices":[30,37],"id_str":"360129829","screen_name":"rkn429","name":"rkn429"}],"hashtags":[],"urls":[]},"in_reply_to_screen_name":"RichardHarris32","id_str":"500658927378247680","retweet_count":1,"in_reply_to_user_id":377696943,"favorited":false,"user":{"follow_request_sent":false,"profile_use_background_image":true,"default_profile_image":false,"id":766996760,"profile_background_image_url_https":"https:\/\/abs.twimg.com\/images\/themes\/theme1\/bg.png","verified":false,"profile_text_color":"333333","profile_image_url_https":"https:\/\/pbs.twimg.com\/profile_images\/546812807883149312\/M8UdV_5m_normal.jpeg","profile_sidebar_fill_color":"DDEEF6","entities":{"description":{"urls":[]}},"followers_count":599,"profile_sidebar_border_color":"C0DEED","id_str":"766996760","profile_background_color":"C0DEED","listed_count":9,"is_translation_enabled":false,"utc_offset":-25200,"statuses_count":12082,"description":"If you plan on posting pictures of dead animals, children and people, I will unfollow you and block you. I don't want to see that. Thank you.","friends_count":1612,"location":"","profile_link_color":"19191A","profile_image_url":"http:\/\/pbs.twimg.com\/profile_images\/546812807883149312\/M8UdV_5m_normal.jpeg","following":false,"geo_enabled":false,"profile_banner_url":"https:\/\/pbs.twimg.com\/profile_banners\/766996760\/1406681006","profile_background_image_url":"http:\/\/abs.twimg.com\/images\/themes\/theme1\/bg.png","screen_name":"Renemies","lang":"en","profile_background_tile":false,"favourites_count":39399,"name":"Rene Rodriguez","notifications":false,"url":null,"created_at":"Sun Aug 19 05:44:01 +0000 2012","contributors_enabled":false,"time_zone":"Pacific Time (US & Canada)","protected":false,"default_profile":false,"is_translator":false},"geo":null,"in_reply_to_user_id_str":"377696943","lang":"en","created_at":"Sat Aug 16 15:02:44 +0000 2014","in_reply_to_status_id_str":"500658592853553153","place":null}