{"contributors": null, "truncated": false, "text": "@rkn429 and where is the red hat from the robbery?", "in_reply_to_status_id": 500292917957648384, "id": 500676745205268480, "favorite_count": 1, "source": "<a href=\"http://twitter.com/download/android\" rel=\"nofollow\">Twitter for Android</a>", "retweeted": false, "coordinates": null, "entities": {"symbols": [], "user_mentions": [{"id": 360129829, "indices": [0, 7], "id_str": "360129829", "screen_name": "rkn429", "name": "rkn429"}], "hashtags": [], "urls": []}, "in_reply_to_screen_name": "rkn429", "id_str": "500676745205268480", "retweet_count": 0, "in_reply_to_user_id": 360129829, "favorited": false, "user": {"follow_request_sent": false, "profile_use_background_image": true, "default_profile_image": false, "id": 421182984, "profile_background_image_url_https": "https://abs.twimg.com/images/themes/theme1/bg.png", "verified": false, "profile_text_color": "333333", "profile_image_url_https": "https://pbs.twimg.com/profile_images/378800000049289696/c998dc01ca4c1564a0607af60148cc28_normal.png", "profile_sidebar_fill_color": "DDEEF6", "entities": {"description": {"urls": []}}, "followers_count": 93, "profile_sidebar_border_color": "C0DEED", "id_str": "421182984", "profile_background_color": "C0DEED", "listed_count": 0, "is_translation_enabled": false, "utc_offset": -18000, "statuses_count": 48, "description": "", "friends_count": 520, "location": "Mob Town", "profile_link_color": "0084B4", "profile_image_url": "http://pbs.twimg.com/profile_images/378800000049289696/c998dc01ca4c1564a0607af60148cc28_normal.png", "following": false, "geo_enabled": true, "profile_banner_url": "https://pbs.twimg.com/profile_banners/421182984/1372260671", "profile_background_image_url": "http://abs.twimg.com/images/themes/theme1/bg.png", "screen_name": "Carameliciousss", "lang": "en", "profile_background_tile": false, "favourites_count": 8, "name": "Denisha Mosley", "notifications": false, "url": null, "created_at": "Fri Nov 25 16:19:33 +0000 2011", "contributors_enabled": false, "time_zone": "Central Time (US & Canada)", "protected": false, "default_profile": true, "is_translator": false}, "geo": null, "in_reply_to_user_id_str": "360129829", "lang": "en", "created_at": "Sat Aug 16 16:13:32 +0000 2014", "in_reply_to_status_id_str": "500292917957648384", "place": null}
