{"contributors": null, "truncated": false, "text": "@ShmooReport @Renemies @rkn429 very interesting pic maybe robbery was done at a different time or a different day", "in_reply_to_status_id": 500530496242475010, "id": 500658592853553153, "favorite_count": 0, "source": "<a href=\"http://twitter.com/download/android\" rel=\"nofollow\">Twitter for Android</a>", "retweeted": false, "coordinates": null, "entities": {"symbols": [], "user_mentions": [{"id": 17798031, "indices": [0, 12], "id_str": "17798031", "screen_name": "ShmooReport", "name": "Shmoo Report"}, {"id": 766996760, "indices": [13, 22], "id_str": "766996760", "screen_name": "Renemies", "name": "Rene Rodriguez"}, {"id": 360129829, "indices": [23, 30], "id_str": "360129829", "screen_name": "rkn429", "name": "rkn429"}], "hashtags": [], "urls": []}, "in_reply_to_screen_name": "ShmooReport", "id_str": "500658592853553153", "retweet_count": 0, "in_reply_to_user_id": 17798031, "favorited": false, "user": {"follow_request_sent": false, "profile_use_background_image": true, "default_profile_image": false, "id": 377696943, "profile_background_image_url_https": "https://abs.twimg.com/images/themes/theme1/bg.png", "verified": false, "profile_text_color": "333333", "profile_image_url_https": "https://pbs.twimg.com/profile_images/458160878681337856/MK2NXFF4_normal.jpeg", "profile_sidebar_fill_color": "DDEEF6", "entities": {"description": {"urls": []}}, "followers_count": 633, "profile_sidebar_border_color": "C0DEED", "id_str": "377696943", "profile_background_color": "C0DEED", "listed_count": 5, "is_translation_enabled": false, "utc_offset": null, "statuses_count": 5076, "description": "studying psychology demanding freedom justice  equality and the abolishment of political Republican insanity. US Army veteran OFA member #UniteBlue", "friends_count": 916, "location": "", "profile_link_color": "0084B4", "profile_image_url": "http://pbs.twimg.com/profile_images/458160878681337856/MK2NXFF4_normal.jpeg", "following": false, "geo_enabled": true, "profile_banner_url": "https://pbs.twimg.com/profile_banners/377696943/1398925245", "profile_background_image_url": "http://abs.twimg.com/images/themes/theme1/bg.png", "screen_name": "RichardHarris32", "lang": "en", "profile_background_tile": false, "favourites_count": 2239, "name": "Richard Harris", "notifications": false, "url": null, "created_at": "Wed Sep 21 23:58:02 +0000 2011", "contributors_enabled": false, "time_zone": null, "protected": false, "default_profile": true, "is_translator": false}, "geo": null, "in_reply_to_user_id_str": "17798031", "lang": "en", "created_at": "Sat Aug 16 15:01:24 +0000 2014", "in_reply_to_status_id_str": "500530496242475010", "place": null}
