{"contributors": null, "truncated": false, "text": "@ShmooReport @rkn429 Well, it's a favourite tactic ... to claim that there are no charges to answer, thus obviating any prospect of justice.", "in_reply_to_status_id": 500542312033058816, "id": 500628575062482946, "favorite_count": 0, "source": "<a href=\"https://dev.twitter.com/docs/tfw\" rel=\"nofollow\">Twitter for Websites</a>", "retweeted": false, "coordinates": null, "entities": {"symbols": [], "user_mentions": [{"id": 17798031, "indices": [0, 12], "id_str": "17798031", "screen_name": "ShmooReport", "name": "Shmoo Report"}, {"id": 360129829, "indices": [13, 20], "id_str": "360129829", "screen_name": "rkn429", "name": "rkn429"}], "hashtags": [], "urls": []}, "in_reply_to_screen_name": "ShmooReport", "id_str": "500628575062482946", "retweet_count": 0, "in_reply_to_user_id": 17798031, "favorited": false, "user": {"follow_request_sent": false, "profile_use_background_image": true, "default_profile_image": false, "id": 211280553, "profile_background_image_url_https": "https://abs.twimg.com/images/themes/theme1/bg.png", "verified": false, "profile_text_color": "333333", "profile_image_url_https": "https://pbs.twimg.com/profile_images/481001288734228480/Uz17BpYC_normal.jpeg", "profile_sidebar_fill_color": "DDEEF6", "entities": {"description": {"urls": []}}, "followers_count": 187, "profile_sidebar_border_color": "C0DEED", "id_str": "211280553", "profile_background_color": "C0DEED", "listed_count": 4, "is_translation_enabled": false, "utc_offset": null, "statuses_count": 911, "description": "Anarchist ... proponent of Non-Aggression Principle ... champion of Free Markets ... I  like sandwiches and dogs.", "friends_count": 272, "location": "Yorkshire, mostly., ", "profile_link_color": "0045B3", "profile_image_url": "http://pbs.twimg.com/profile_images/481001288734228480/Uz17BpYC_normal.jpeg", "following": false, "geo_enabled": true, "profile_background_image_url": "http://abs.twimg.com/images/themes/theme1/bg.png", "screen_name": "bogbeagle", "lang": "en", "profile_background_tile": false, "favourites_count": 1, "name": "bogbeagle", "notifications": false, "url": null, "created_at": "Tue Nov 02 20:36:38 +0000 2010", "contributors_enabled": false, "time_zone": null, "protected": false, "default_profile": false, "is_translator": false}, "geo": null, "in_reply_to_user_id_str": "17798031", "lang": "en", "created_at": "Sat Aug 16 13:02:08 +0000 2014", "in_reply_to_status_id_str": "500542312033058816", "place": null}
