{"contributors":null,"truncated":false,"text":"Please check these inconsistencies @dierdrelewis @AmandaTintero How is it that these inconsistencies are overlooked by #MSM?  @rkn429","in_reply_to_status_id":500292917957648384,"id":500800810713116672,"favorite_count":1,"source":"<a href=\"http:\/\/twitter.com\" rel=\"nofollow\">Twitter Web Client<\/a>","retweeted":false,"coordinates":null,"entities":{"symbols":[],"user_mentions":[{"id":51330975,"indices":[35,48],"id_str":"51330975","screen_name":"dierdrelewis","name":"Trayvon Martin"},{"id":592982462,"indices":[49,63],"id_str":"592982462","screen_name":"AmandaTintero","name":"Mme. Librarian"},{"id":360129829,"indices":[126,133],"id_str":"360129829","screen_name":"rkn429","name":"rkn429"}],"hashtags":[{"indices":[119,123],"text":"MSM"}],"urls":[]},"in_reply_to_screen_name":"rkn429","id_str":"500800810713116672","retweet_count":1,"in_reply_to_user_id":360129829,"favorited":false,"user":{"follow_request_sent":false,"profile_use_background_image":true,"default_profile_image":false,"id":2412689935,"profile_background_image_url_https":"https:\/\/pbs.twimg.com\/profile_background_images\/450520625241546752\/RJhsKA3B.jpeg","verified":false,"profile_text_color":"FFFAAE","profile_image_url_https":"https:\/\/pbs.twimg.com\/profile_images\/583785172400672770\/Y0cF4PRa_normal.jpg","profile_sidebar_fill_color":"E2D9FD","entities":{"description":{"urls":[]}},"followers_count":1594,"profile_sidebar_border_color":"FFFFFF","id_str":"2412689935","profile_background_color":"0ADAF6","listed_count":26,"is_translation_enabled":false,"utc_offset":null,"statuses_count":24683,"description":"For beauty, justice & love that makes you want to do what's right, to preserve the living earth, for all creatures. RTs do not always represent my POV.","friends_count":2002,"location":"Canada","profile_link_color":"AEB3D4","profile_image_url":"http:\/\/pbs.twimg.com\/profile_images\/583785172400672770\/Y0cF4PRa_normal.jpg","following":false,"geo_enabled":true,"profile_banner_url":"https:\/\/pbs.twimg.com\/profile_banners\/2412689935\/1395844511","profile_background_image_url":"http:\/\/pbs.twimg.com\/profile_background_images\/450520625241546752\/RJhsKA3B.jpeg","screen_name":"Love_maplesyrup","lang":"en","profile_background_tile":true,"favourites_count":3734,"name":"Bearhug","notifications":false,"url":null,"created_at":"Wed Mar 26 14:22:37 +0000 2014","contributors_enabled":false,"time_zone":null,"protected":false,"default_profile":false,"is_translator":false},"geo":null,"in_reply_to_user_id_str":"360129829","lang":"en","created_at":"Sun Aug 17 00:26:32 +0000 2014","in_reply_to_status_id_str":"500292917957648384","place":null}