{"contributors":null,"truncated":false,"text":"@rkn429 @chuddles11 Even if that was Brown in the store that doesn\u2019t mean a cop can just shoot him.","in_reply_to_status_id":500292917957648384,"id":500818556343181313,"favorite_count":0,"source":"<a href=\"https:\/\/about.twitter.com\/products\/tweetdeck\" rel=\"nofollow\">TweetDeck<\/a>","retweeted":false,"coordinates":null,"entities":{"symbols":[],"user_mentions":[{"id":360129829,"indices":[0,7],"id_str":"360129829","screen_name":"rkn429","name":"rkn429"},{"id":513739938,"indices":[8,19],"id_str":"513739938","screen_name":"chuddles11","name":"Christine Huddleston"}],"hashtags":[],"urls":[]},"in_reply_to_screen_name":"rkn429","id_str":"500818556343181313","retweet_count":1,"in_reply_to_user_id":360129829,"favorited":false,"user":{"follow_request_sent":false,"profile_use_background_image":true,"default_profile_image":false,"id":42147957,"profile_background_image_url_https":"https:\/\/pbs.twimg.com\/profile_background_images\/886066009\/bb23a427ece8e9b12f420bb7ba79a47c.jpeg","verified":false,"profile_text_color":"663B12","profile_image_url_https":"https:\/\/pbs.twimg.com\/profile_images\/564640725045084160\/m0srvFPw_normal.jpeg","profile_sidebar_fill_color":"DAECF4","entities":{"description":{"urls":[]}},"followers_count":950,"profile_sidebar_border_color":"FFFFFF","id_str":"42147957","profile_background_color":"C6E2EE","listed_count":12,"is_translation_enabled":false,"utc_offset":-18000,"statuses_count":14251,"description":"Teacher, community and NDP activist.  Follow me if you enjoy a lot of leftie stuff mixed with science links and the occasional obscure pun.","friends_count":1623,"location":"Ottawa","profile_link_color":"1F98C7","profile_image_url":"http:\/\/pbs.twimg.com\/profile_images\/564640725045084160\/m0srvFPw_normal.jpeg","following":false,"geo_enabled":false,"profile_banner_url":"https:\/\/pbs.twimg.com\/profile_banners\/42147957\/1362758728","profile_background_image_url":"http:\/\/pbs.twimg.com\/profile_background_images\/886066009\/bb23a427ece8e9b12f420bb7ba79a47c.jpeg","screen_name":"JamesHMcLaren","lang":"en","profile_background_tile":false,"favourites_count":267,"name":"James McLaren","notifications":false,"url":null,"created_at":"Sun May 24 02:38:57 +0000 2009","contributors_enabled":false,"time_zone":"Quito","protected":false,"default_profile":false,"is_translator":false},"geo":null,"in_reply_to_user_id_str":"360129829","lang":"en","created_at":"Sun Aug 17 01:37:03 +0000 2014","in_reply_to_status_id_str":"500292917957648384","place":null}