{"contributors": null, "truncated": false, "text": "@rkn429 @Astorix23 Also put on long pants &amp; lost his red hat.", "in_reply_to_status_id": 500292917957648384, "id": 500818917905162240, "favorite_count": 0, "source": "<a href=\"http://twitter.com/download/iphone\" rel=\"nofollow\">Twitter for iPhone</a>", "retweeted": false, "coordinates": null, "entities": {"symbols": [], "user_mentions": [{"id": 360129829, "indices": [0, 7], "id_str": "360129829", "screen_name": "rkn429", "name": "rkn429"}, {"id": 1571239068, "indices": [8, 18], "id_str": "1571239068", "screen_name": "Astorix23", "name": "Astor Gravelle"}], "hashtags": [], "urls": []}, "in_reply_to_screen_name": "rkn429", "id_str": "500818917905162240", "retweet_count": 0, "in_reply_to_user_id": 360129829, "favorited": false, "user": {"follow_request_sent": false, "profile_use_background_image": true, "default_profile_image": false, "id": 390696780, "profile_background_image_url_https": "https://abs.twimg.com/images/themes/theme1/bg.png", "verified": false, "profile_text_color": "333333", "profile_image_url_https": "https://pbs.twimg.com/profile_images/1587835328/image_normal.jpg", "profile_sidebar_fill_color": "DDEEF6", "entities": {"description": {"urls": []}}, "followers_count": 2174, "profile_sidebar_border_color": "C0DEED", "id_str": "390696780", "profile_background_color": "C0DEED", "listed_count": 60, "is_translation_enabled": false, "utc_offset": null, "statuses_count": 84829, "description": "", "friends_count": 2193, "location": "", "profile_link_color": "0084B4", "profile_image_url": "http://pbs.twimg.com/profile_images/1587835328/image_normal.jpg", "following": false, "geo_enabled": true, "profile_background_image_url": "http://abs.twimg.com/images/themes/theme1/bg.png", "screen_name": "MFL1956", "lang": "en", "profile_background_tile": false, "favourites_count": 20804, "name": "Mary", "notifications": false, "url": null, "created_at": "Fri Oct 14 11:44:02 +0000 2011", "contributors_enabled": false, "time_zone": null, "protected": false, "default_profile": true, "is_translator": false}, "geo": null, "in_reply_to_user_id_str": "360129829", "lang": "en", "created_at": "Sun Aug 17 01:38:29 +0000 2014", "in_reply_to_status_id_str": "500292917957648384", "place": null}
