{"contributors":null,"truncated":false,"text":"@James_M_Perry @shmooreport @rkn429 What car?","in_reply_to_status_id":500533236351901696,"id":500914555921641473,"favorite_count":0,"source":"<a href=\"http:\/\/twitter.com\/download\/iphone\" rel=\"nofollow\">Twitter for iPhone<\/a>","retweeted":false,"coordinates":null,"entities":{"symbols":[],"user_mentions":[{"id":1010456808,"indices":[0,14],"id_str":"1010456808","screen_name":"James_M_Perry","name":"James Perry"},{"id":17798031,"indices":[15,27],"id_str":"17798031","screen_name":"ShmooReport","name":"Shmoo Report"},{"id":360129829,"indices":[28,35],"id_str":"360129829","screen_name":"rkn429","name":"rkn429"}],"hashtags":[],"urls":[]},"in_reply_to_screen_name":"James_M_Perry","id_str":"500914555921641473","retweet_count":0,"in_reply_to_user_id":1010456808,"favorited":false,"user":{"follow_request_sent":false,"profile_use_background_image":true,"default_profile_image":false,"id":511167564,"profile_background_image_url_https":"https:\/\/abs.twimg.com\/images\/themes\/theme1\/bg.png","verified":false,"profile_text_color":"333333","profile_image_url_https":"https:\/\/pbs.twimg.com\/profile_images\/579871755872911360\/Hh1GepYT_normal.jpg","profile_sidebar_fill_color":"DDEEF6","entities":{"description":{"urls":[]}},"followers_count":1542,"profile_sidebar_border_color":"C0DEED","id_str":"511167564","profile_background_color":"C0DEED","listed_count":56,"is_translation_enabled":false,"utc_offset":null,"statuses_count":12657,"description":"The ceiling isn't glass. It's a dense layer of GOP men.","friends_count":2003,"location":"","profile_link_color":"0084B4","profile_image_url":"http:\/\/pbs.twimg.com\/profile_images\/579871755872911360\/Hh1GepYT_normal.jpg","following":false,"geo_enabled":false,"profile_background_image_url":"http:\/\/abs.twimg.com\/images\/themes\/theme1\/bg.png","screen_name":"Womenspeakup","lang":"en","profile_background_tile":false,"favourites_count":5575,"name":"J","notifications":false,"url":null,"created_at":"Fri Mar 02 01:30:31 +0000 2012","contributors_enabled":false,"time_zone":null,"protected":false,"default_profile":true,"is_translator":false},"geo":null,"in_reply_to_user_id_str":"1010456808","lang":"en","created_at":"Sun Aug 17 07:58:31 +0000 2014","in_reply_to_status_id_str":"500533236351901696","place":null}