{"contributors": null, "truncated": false, "text": "@PinkCottonMom @rkn429 no snippers?", "in_reply_to_status_id": 500299607696756736, "id": 503614528131579905, "favorite_count": 0, "source": "<a href=\"http://twitter.com\" rel=\"nofollow\">Twitter Web Client</a>", "retweeted": false, "coordinates": null, "entities": {"symbols": [], "user_mentions": [{"id": 162674848, "indices": [0, 14], "id_str": "162674848", "screen_name": "PinkCottonMom", "name": "Attorneymom"}, {"id": 360129829, "indices": [15, 22], "id_str": "360129829", "screen_name": "rkn429", "name": "rkn429"}], "hashtags": [], "urls": []}, "in_reply_to_screen_name": "PinkCottonMom", "id_str": "503614528131579905", "retweet_count": 1, "in_reply_to_user_id": 162674848, "favorited": false, "user": {"follow_request_sent": false, "profile_use_background_image": false, "default_profile_image": false, "id": 2741204688, "profile_background_image_url_https": "https://abs.twimg.com/images/themes/theme1/bg.png", "verified": false, "profile_text_color": "000000", "profile_image_url_https": "https://pbs.twimg.com/profile_images/501689345963618305/2Q1BloFm_normal.jpeg", "profile_sidebar_fill_color": "000000", "entities": {"description": {"urls": []}}, "followers_count": 60, "profile_sidebar_border_color": "000000", "id_str": "2741204688", "profile_background_color": "000000", "listed_count": 0, "is_translation_enabled": false, "utc_offset": -18000, "statuses_count": 1982, "description": "i fly da magic carpet as often as i can, everyone should", "friends_count": 312, "location": "Kathmandu, Nepal ", "profile_link_color": "5100B3", "profile_image_url": "http://pbs.twimg.com/profile_images/501689345963618305/2Q1BloFm_normal.jpeg", "following": false, "geo_enabled": false, "profile_background_image_url": "http://abs.twimg.com/images/themes/theme1/bg.png", "screen_name": "GlobalRevoltYes", "lang": "en", "profile_background_tile": false, "favourites_count": 888, "name": "mooneyes", "notifications": false, "url": null, "created_at": "Mon Aug 18 04:00:51 +0000 2014", "contributors_enabled": false, "time_zone": "Central Time (US & Canada)", "protected": false, "default_profile": false, "is_translator": false}, "geo": null, "in_reply_to_user_id_str": "162674848", "lang": "en", "created_at": "Sun Aug 24 18:47:14 +0000 2014", "in_reply_to_status_id_str": "500299607696756736", "place": null}
