{"contributors": null, "truncated": false, "text": "rt @Independent: BREAKING: Car chase under way in #Paris as officers pursue #CharlieHebdo suspects down motorway http://t.co/vBKr7ArU3c", "in_reply_to_status_id": 553475729187680258, "id": 553479235546144768, "favorite_count": 0, "source": "<a href=\"http://www.twitter.com\" rel=\"nofollow\">Twitter for Windows Phone</a>", "retweeted": false, "coordinates": null, "entities": {"symbols": [], "user_mentions": [{"id": 16973333, "indices": [3, 15], "id_str": "16973333", "screen_name": "Independent", "name": "The Independent"}], "hashtags": [{"indices": [50, 56], "text": "Paris"}, {"indices": [76, 89], "text": "CharlieHebdo"}], "urls": [{"url": "http://t.co/vBKr7ArU3c", "indices": [113, 135], "expanded_url": "http://ind.pn/1BNSmKb", "display_url": "ind.pn/1BNSmKb"}]}, "in_reply_to_screen_name": "Independent", "id_str": "553479235546144768", "retweet_count": 0, "in_reply_to_user_id": 16973333, "favorited": false, "user": {"follow_request_sent": false, "profile_use_background_image": true, "profile_text_color": "333333", "default_profile_image": false, "id": 212924513, "profile_background_image_url_https": "https://pbs.twimg.com/profile_background_images/758633005/82513e11096132a101494ad19d4134ef.jpeg", "verified": false, "profile_location": null, "profile_image_url_https": "https://pbs.twimg.com/profile_images/378800000435448398/0e59d2dc76556f498b08514be1911346_normal.jpeg", "profile_sidebar_fill_color": "DDEEF6", "entities": {"description": {"urls": []}}, "followers_count": 344, "profile_sidebar_border_color": "000000", "id_str": "212924513", "profile_background_color": "FFFFFF", "listed_count": 9, "is_translation_enabled": false, "utc_offset": 3600, "statuses_count": 27490, "description": "\u2619 With an acceptable degree of complacency and a permissive view: sophisticated; educated; progressive; cultured & significantly evolved.", "friends_count": 1791, "location": "11\u00b0 21' 0 N, 142\u00b0 12' 0 E", "profile_link_color": "0084B4", "profile_image_url": "http://pbs.twimg.com/profile_images/378800000435448398/0e59d2dc76556f498b08514be1911346_normal.jpeg", "following": false, "geo_enabled": false, "profile_banner_url": "https://pbs.twimg.com/profile_banners/212924513/1357653562", "profile_background_image_url": "http://pbs.twimg.com/profile_background_images/758633005/82513e11096132a101494ad19d4134ef.jpeg", "name": "\u2607\u2590\u2026\u00aa\u028a\u01a7\u2026\u20ac\u00a1\u0273\u044d\u043c\u2026\u24bc\u03c5\u00df\u2026\u258c\u21b5 ", "lang": "nl", "profile_background_tile": false, "favourites_count": 1663, "screen_name": "aus_einem_Guss", "notifications": false, "url": null, "created_at": "Sun Nov 07 13:14:58 +0000 2010", "contributors_enabled": false, "time_zone": "Amsterdam", "protected": false, "default_profile": false, "is_translator": false}, "geo": null, "in_reply_to_user_id_str": "16973333", "possibly_sensitive": true, "lang": "en", "created_at": "Fri Jan 09 09:11:47 +0000 2015", "in_reply_to_status_id_str": "553475729187680258", "place": null}
