{"contributors":null,"truncated":false,"text":"@AdamHardcastle2 @Independent Nice conditions for a high speed car chase. Not going to end well for someone.","in_reply_to_status_id":553475913141452800,"id":553476321645723648,"favorite_count":0,"source":"<a href=\"http:\/\/www.twitter.com\" rel=\"nofollow\">Twitter for BlackBerry<\/a>","retweeted":false,"coordinates":null,"entities":{"symbols":[],"user_mentions":[{"id":41094465,"indices":[0,16],"id_str":"41094465","screen_name":"AdamHardcastle2","name":"Adam Hardcastle"},{"id":16973333,"indices":[17,29],"id_str":"16973333","screen_name":"Independent","name":"The Independent"}],"hashtags":[],"urls":[]},"in_reply_to_screen_name":"AdamHardcastle2","id_str":"553476321645723648","retweet_count":0,"in_reply_to_user_id":41094465,"favorited":false,"user":{"follow_request_sent":false,"profile_use_background_image":true,"profile_text_color":"3C3940","default_profile_image":false,"id":298152761,"profile_background_image_url_https":"https:\/\/abs.twimg.com\/images\/themes\/theme4\/bg.gif","verified":false,"profile_location":null,"profile_image_url_https":"https:\/\/pbs.twimg.com\/profile_images\/581187998311706625\/qBIrIvo2_normal.jpg","profile_sidebar_fill_color":"95E8EC","entities":{"description":{"urls":[]}},"followers_count":175,"profile_sidebar_border_color":"5ED4DC","id_str":"298152761","profile_background_color":"0099B9","listed_count":1,"is_translation_enabled":false,"utc_offset":0,"statuses_count":1895,"description":"Worn out father, to the bonkers but beautiful Annabel. Lucky guy to an amazing girlfriend.  Rotherham United fan.","friends_count":409,"location":"","profile_link_color":"0099B9","profile_image_url":"http:\/\/pbs.twimg.com\/profile_images\/581187998311706625\/qBIrIvo2_normal.jpg","following":false,"geo_enabled":false,"profile_background_image_url":"http:\/\/abs.twimg.com\/images\/themes\/theme4\/bg.gif","name":"KieronPaul","lang":"en","profile_background_tile":false,"favourites_count":55,"screen_name":"Kie86Paul","notifications":false,"url":null,"created_at":"Fri May 13 20:15:44 +0000 2011","contributors_enabled":false,"time_zone":"London","protected":false,"default_profile":false,"is_translator":false},"geo":null,"in_reply_to_user_id_str":"41094465","lang":"en","created_at":"Fri Jan 09 09:00:12 +0000 2015","in_reply_to_status_id_str":"553475913141452800","place":null}