{"contributors":null,"truncated":false,"text":"\ud83d\ude33\ud83d\ude33\ud83d\ude33\ud83d\ude33 \u201c@Independent: BREAKING: Car chase under way in Paris as officers pursue #CharlieHebdo suspects down motorway http:\/\/t.co\/sjoqURIRiM\u201d","in_reply_to_status_id":553475729187680258,"id":553476565150236673,"favorite_count":0,"source":"<a href=\"http:\/\/twitter.com\/download\/iphone\" rel=\"nofollow\">Twitter for iPhone<\/a>","retweeted":false,"coordinates":null,"entities":{"symbols":[],"user_mentions":[{"id":16973333,"indices":[6,18],"id_str":"16973333","screen_name":"Independent","name":"The Independent"}],"hashtags":[{"indices":[78,91],"text":"CharlieHebdo"}],"urls":[{"url":"http:\/\/t.co\/sjoqURIRiM","indices":[115,137],"expanded_url":"http:\/\/ind.pn\/1BNSmKb","display_url":"ind.pn\/1BNSmKb"}]},"in_reply_to_screen_name":"Independent","id_str":"553476565150236673","retweet_count":0,"in_reply_to_user_id":16973333,"favorited":false,"user":{"follow_request_sent":false,"profile_use_background_image":true,"profile_text_color":"333333","default_profile_image":false,"id":21055097,"profile_background_image_url_https":"https:\/\/pbs.twimg.com\/profile_background_images\/378800000171767467\/vkCm0dS9.jpeg","verified":false,"profile_location":null,"profile_image_url_https":"https:\/\/pbs.twimg.com\/profile_images\/580875370179723264\/fowXE9LH_normal.jpg","profile_sidebar_fill_color":"A0C5C7","entities":{"description":{"urls":[]}},"followers_count":708,"profile_sidebar_border_color":"000000","id_str":"21055097","profile_background_color":"000000","listed_count":9,"is_translation_enabled":false,"utc_offset":0,"statuses_count":22087,"description":"i was saying boourns. @wsmercury journalist, @bcfctweets commentator, @footballmanager researcher. have pen, will travel.","friends_count":633,"location":"weston-super-mare","profile_link_color":"6B3A11","profile_image_url":"http:\/\/pbs.twimg.com\/profile_images\/580875370179723264\/fowXE9LH_normal.jpg","following":false,"geo_enabled":true,"profile_banner_url":"https:\/\/pbs.twimg.com\/profile_banners\/21055097\/1417512044","profile_background_image_url":"http:\/\/pbs.twimg.com\/profile_background_images\/378800000171767467\/vkCm0dS9.jpeg","name":"Ron Walker","lang":"en","profile_background_tile":false,"favourites_count":2610,"screen_name":"ronnabe","notifications":false,"url":null,"created_at":"Tue Feb 17 02:10:41 +0000 2009","contributors_enabled":false,"time_zone":"London","protected":false,"default_profile":false,"is_translator":false},"geo":null,"in_reply_to_user_id_str":"16973333","possibly_sensitive":false,"lang":"en","created_at":"Fri Jan 09 09:01:10 +0000 2015","in_reply_to_status_id_str":"553475729187680258","place":null}