{"contributors": null, "truncated": false, "text": "@arabnewsrt4 @independent Paris attack raises questions about Obama's policies http://t.co/DA50JYJG9o", "in_reply_to_status_id": 553475729187680258, "id": 553519681546747904, "favorite_count": 0, "source": "<a href=\"https://mobile.twitter.com\" rel=\"nofollow\">Mobile Web (M2)</a>", "retweeted": false, "coordinates": null, "entities": {"symbols": [], "user_mentions": [{"id": 1610770580, "indices": [0, 12], "id_str": "1610770580", "screen_name": "ArabNewsRt4", "name": "ArabNewsRt4"}, {"id": 16973333, "indices": [13, 25], "id_str": "16973333", "screen_name": "Independent", "name": "The Independent"}], "hashtags": [], "urls": [{"url": "http://t.co/DA50JYJG9o", "indices": [79, 101], "expanded_url": "http://goo.gl/B0TAO2", "display_url": "goo.gl/B0TAO2"}]}, "in_reply_to_screen_name": "Independent", "id_str": "553519681546747904", "retweet_count": 0, "in_reply_to_user_id": 16973333, "favorited": false, "user": {"follow_request_sent": false, "profile_use_background_image": true, "profile_text_color": "333333", "default_profile_image": false, "id": 38133247, "profile_background_image_url_https": "https://abs.twimg.com/images/themes/theme1/bg.png", "verified": false, "profile_location": null, "profile_image_url_https": "https://pbs.twimg.com/profile_images/553476767390789632/PXPdTJX2_normal.png", "profile_sidebar_fill_color": "DDEEF6", "entities": {"url": {"urls": [{"url": "http://t.co/yu1L9ATH8D", "indices": [0, 22], "expanded_url": "http://goo.gl/HUSrc2", "display_url": "goo.gl/HUSrc2"}]}, "description": {"urls": []}}, "followers_count": 710, "profile_sidebar_border_color": "C0DEED", "id_str": "38133247", "profile_background_color": "C0DEED", "listed_count": 11, "is_translation_enabled": false, "utc_offset": 7200, "statuses_count": 67215, "description": "US", "friends_count": 2, "location": "", "profile_link_color": "0084B4", "profile_image_url": "http://pbs.twimg.com/profile_images/553476767390789632/PXPdTJX2_normal.png", "following": false, "geo_enabled": false, "profile_banner_url": "https://pbs.twimg.com/profile_banners/38133247/1420794161", "profile_background_image_url": "http://abs.twimg.com/images/themes/theme1/bg.png", "name": "ETV NEWS", "lang": "en", "profile_background_tile": false, "favourites_count": 2, "screen_name": "etvnewsy1", "notifications": false, "url": "http://t.co/yu1L9ATH8D", "created_at": "Wed May 06 07:12:12 +0000 2009", "contributors_enabled": false, "time_zone": "Kyiv", "protected": false, "default_profile": true, "is_translator": false}, "geo": null, "in_reply_to_user_id_str": "16973333", "possibly_sensitive": false, "lang": "fr", "created_at": "Fri Jan 09 11:52:30 +0000 2015", "in_reply_to_status_id_str": "553475729187680258", "place": null}
