{"contributors":null,"truncated":false,"text":"@0mgJohn @Independent this is the making of a sick Black Ops 5 mission","in_reply_to_status_id":553514931371646976,"id":553515077513785344,"favorite_count":0,"source":"<a href=\"http:\/\/twitter.com\/download\/iphone\" rel=\"nofollow\">Twitter for iPhone<\/a>","retweeted":false,"coordinates":{"type":"Point","coordinates":[-1.5210234,52.41441068]},"entities":{"symbols":[],"user_mentions":[{"id":308373336,"indices":[0,8],"id_str":"308373336","screen_name":"0mgJohn","name":"John McDevitt"},{"id":16973333,"indices":[9,21],"id_str":"16973333","screen_name":"Independent","name":"The Independent"}],"hashtags":[],"urls":[]},"in_reply_to_screen_name":"0mgJohn","id_str":"553515077513785344","retweet_count":0,"in_reply_to_user_id":308373336,"favorited":false,"user":{"follow_request_sent":false,"profile_use_background_image":false,"profile_text_color":"333333","default_profile_image":false,"id":635756247,"profile_background_image_url_https":"https:\/\/abs.twimg.com\/images\/themes\/theme1\/bg.png","verified":false,"profile_location":null,"profile_image_url_https":"https:\/\/pbs.twimg.com\/profile_images\/570365521000079360\/xo35Bhb2_normal.jpeg","profile_sidebar_fill_color":"C0DFEC","entities":{"description":{"urls":[]}},"followers_count":526,"profile_sidebar_border_color":"FFFFFF","id_str":"635756247","profile_background_color":"FFFFFF","listed_count":1,"is_translation_enabled":false,"utc_offset":0,"statuses_count":8206,"description":"slightly less coherent than Young Thug","friends_count":600,"location":"1\/2 of Abercrombie and Stripes","profile_link_color":"0084B4","profile_image_url":"http:\/\/pbs.twimg.com\/profile_images\/570365521000079360\/xo35Bhb2_normal.jpeg","following":false,"geo_enabled":true,"profile_banner_url":"https:\/\/pbs.twimg.com\/profile_banners\/635756247\/1421063040","profile_background_image_url":"http:\/\/abs.twimg.com\/images\/themes\/theme1\/bg.png","name":"Jack Brown","lang":"en","profile_background_tile":false,"favourites_count":7034,"screen_name":"jxckshit","notifications":false,"url":null,"created_at":"Sat Jul 14 21:41:04 +0000 2012","contributors_enabled":false,"time_zone":"Casablanca","protected":false,"default_profile":false,"is_translator":false},"geo":{"type":"Point","coordinates":[52.41441068,-1.5210234]},"in_reply_to_user_id_str":"308373336","lang":"en","created_at":"Fri Jan 09 11:34:12 +0000 2015","in_reply_to_status_id_str":"553514931371646976","place":{"full_name":"Coventry, England","url":"https:\/\/api.twitter.com\/1.1\/geo\/id\/52bb236ce4bb9be1.json","country":"United Kingdom","place_type":"city","bounding_box":{"type":"Polygon","coordinates":[[[-1.6128929,52.3653979],[-1.4244104,52.3653979],[-1.4244104,52.458428],[-1.6128929,52.458428]]]},"contained_within":[],"country_code":"GB","attributes":{},"id":"52bb236ce4bb9be1","name":"Coventry"}}