{"contributors":null,"truncated":false,"text":"@Independent @jxckshit they're cornered in a building with a hostage now ;)","in_reply_to_status_id":553475729187680258,"id":553514931371646976,"favorite_count":0,"source":"<a href=\"http:\/\/twitter.com\/download\/iphone\" rel=\"nofollow\">Twitter for iPhone<\/a>","retweeted":false,"coordinates":{"type":"Point","coordinates":[-1.53298563,52.43689564]},"entities":{"symbols":[],"user_mentions":[{"id":16973333,"indices":[0,12],"id_str":"16973333","screen_name":"Independent","name":"The Independent"},{"id":635756247,"indices":[13,22],"id_str":"635756247","screen_name":"jxckshit","name":"Jack"}],"hashtags":[],"urls":[]},"in_reply_to_screen_name":"Independent","id_str":"553514931371646976","retweet_count":0,"in_reply_to_user_id":16973333,"favorited":false,"user":{"follow_request_sent":false,"profile_use_background_image":true,"profile_text_color":"333333","default_profile_image":false,"id":308373336,"profile_background_image_url_https":"https:\/\/pbs.twimg.com\/profile_background_images\/378800000170387372\/2bh-Nuuj.jpeg","verified":false,"profile_location":null,"profile_image_url_https":"https:\/\/pbs.twimg.com\/profile_images\/560224163324239872\/I3kCsIZK_normal.jpeg","profile_sidebar_fill_color":"C0DFEC","entities":{"description":{"urls":[]}},"followers_count":12971,"profile_sidebar_border_color":"FFFFFF","id_str":"308373336","profile_background_color":"000000","listed_count":9,"is_translation_enabled":false,"utc_offset":0,"statuses_count":17069,"description":"#COVBOY","friends_count":937,"location":"coventry","profile_link_color":"000000","profile_image_url":"http:\/\/pbs.twimg.com\/profile_images\/560224163324239872\/I3kCsIZK_normal.jpeg","following":false,"geo_enabled":true,"profile_banner_url":"https:\/\/pbs.twimg.com\/profile_banners\/308373336\/1416847408","profile_background_image_url":"http:\/\/pbs.twimg.com\/profile_background_images\/378800000170387372\/2bh-Nuuj.jpeg","name":"John McDevitt","lang":"en","profile_background_tile":true,"favourites_count":1713,"screen_name":"0mgJohn","notifications":false,"url":null,"created_at":"Tue May 31 09:08:52 +0000 2011","contributors_enabled":false,"time_zone":"London","protected":false,"default_profile":false,"is_translator":false},"geo":{"type":"Point","coordinates":[52.43689564,-1.53298563]},"in_reply_to_user_id_str":"16973333","lang":"en","created_at":"Fri Jan 09 11:33:38 +0000 2015","in_reply_to_status_id_str":"553475729187680258","place":{"full_name":"Coventry, England","url":"https:\/\/api.twitter.com\/1.1\/geo\/id\/52bb236ce4bb9be1.json","country":"United Kingdom","place_type":"city","bounding_box":{"type":"Polygon","coordinates":[[[-1.6128929,52.3653979],[-1.4244104,52.3653979],[-1.4244104,52.458428],[-1.6128929,52.458428]]]},"contained_within":[],"country_code":"GB","attributes":{},"id":"52bb236ce4bb9be1","name":"Coventry"}}