{"contributors":null,"truncated":false,"text":"So in #Ferguson, robbing a convenience carries the death penalty. Got it.","in_reply_to_status_id":null,"id":500296692713783298,"favorite_count":48,"source":"<a href=\"https:\/\/about.twitter.com\/products\/tweetdeck\" rel=\"nofollow\">TweetDeck<\/a>","retweeted":false,"coordinates":null,"entities":{"symbols":[],"user_mentions":[],"hashtags":[{"indices":[6,15],"text":"Ferguson"}],"urls":[]},"in_reply_to_screen_name":null,"id_str":"500296692713783298","retweet_count":121,"in_reply_to_user_id":null,"favorited":false,"user":{"follow_request_sent":false,"profile_use_background_image":true,"default_profile_image":false,"id":293227742,"profile_background_image_url_https":"https:\/\/pbs.twimg.com\/profile_background_images\/253465414\/WellesCigar.jpg","verified":false,"profile_text_color":"333333","profile_image_url_https":"https:\/\/pbs.twimg.com\/profile_images\/1342466578\/fairchild_with_james_normal.jpg","profile_sidebar_fill_color":"DDEEF6","entities":{"description":{"urls":[]}},"followers_count":6438,"profile_sidebar_border_color":"C0DEED","id_str":"293227742","profile_background_color":"C0DEED","listed_count":249,"is_translation_enabled":false,"utc_offset":null,"statuses_count":120234,"description":"VP of advertising, writer, film critic, fan of classic film, theater, good books & progressive politics. Opinions are correct. Fun with a purpose.","friends_count":5599,"location":"nyc","profile_link_color":"0084B4","profile_image_url":"http:\/\/pbs.twimg.com\/profile_images\/1342466578\/fairchild_with_james_normal.jpg","following":false,"geo_enabled":false,"profile_banner_url":"https:\/\/pbs.twimg.com\/profile_banners\/293227742\/1404062235","profile_background_image_url":"http:\/\/pbs.twimg.com\/profile_background_images\/253465414\/WellesCigar.jpg","screen_name":"HaroldItz","lang":"en","profile_background_tile":true,"favourites_count":168,"name":"Harold Itzkowitz","notifications":false,"url":null,"created_at":"Thu May 05 00:08:33 +0000 2011","contributors_enabled":false,"time_zone":null,"protected":false,"default_profile":false,"is_translator":false},"geo":null,"in_reply_to_user_id_str":null,"lang":"en","created_at":"Fri Aug 15 15:03:21 +0000 2014","in_reply_to_status_id_str":null,"place":null}