{"contributors": null, "truncated": false, "text": "@BreakingNews @FRANCE24 woop that ASS!!!!", "in_reply_to_status_id": 553477554041257985, "id": 553477880659718144, "favorite_count": 0, "source": "<a href=\"http://twitter.com/download/iphone\" rel=\"nofollow\">Twitter for iPhone</a>", "retweeted": false, "coordinates": null, "entities": {"symbols": [], "user_mentions": [{"id": 6017542, "indices": [0, 13], "id_str": "6017542", "screen_name": "BreakingNews", "name": "Breaking News"}, {"id": 1994321, "indices": [14, 23], "id_str": "1994321", "screen_name": "FRANCE24", "name": "FRANCE 24"}], "hashtags": [], "urls": []}, "in_reply_to_screen_name": "BreakingNews", "id_str": "553477880659718144", "retweet_count": 0, "in_reply_to_user_id": 6017542, "favorited": false, "user": {"follow_request_sent": false, "profile_use_background_image": true, "profile_text_color": "333333", "default_profile_image": false, "id": 88268871, "profile_background_image_url_https": "https://abs.twimg.com/images/themes/theme1/bg.png", "verified": false, "profile_location": null, "profile_image_url_https": "https://pbs.twimg.com/profile_images/506203151339245568/CysgPOta_normal.jpeg", "profile_sidebar_fill_color": "DDEEF6", "entities": {"description": {"urls": []}}, "followers_count": 105, "profile_sidebar_border_color": "C0DEED", "id_str": "88268871", "profile_background_color": "C0DEED", "listed_count": 0, "is_translation_enabled": false, "utc_offset": null, "statuses_count": 455, "description": "", "friends_count": 334, "location": "", "profile_link_color": "0084B4", "profile_image_url": "http://pbs.twimg.com/profile_images/506203151339245568/CysgPOta_normal.jpeg", "following": false, "geo_enabled": false, "profile_banner_url": "https://pbs.twimg.com/profile_banners/88268871/1366565421", "profile_background_image_url": "http://abs.twimg.com/images/themes/theme1/bg.png", "name": "Eddie", "lang": "en", "profile_background_tile": false, "favourites_count": 674, "screen_name": "drtysrgn", "notifications": false, "url": null, "created_at": "Sat Nov 07 20:53:49 +0000 2009", "contributors_enabled": false, "time_zone": null, "protected": false, "default_profile": true, "is_translator": false}, "geo": null, "in_reply_to_user_id_str": "6017542", "lang": "en", "created_at": "Fri Jan 09 09:06:24 +0000 2015", "in_reply_to_status_id_str": "553477554041257985", "place": null}
