{"contributors": null, "truncated": false, "text": "@BreakingNews @le_Parisien reports 2 dead and 20 wounded in gunfire exchange.", "in_reply_to_status_id": 553477554041257985, "id": 553478043457847296, "favorite_count": 0, "source": "<a href=\"http://blackberry.com/twitter\" rel=\"nofollow\">Twitter for BlackBerry\u00ae</a>", "retweeted": false, "coordinates": null, "entities": {"symbols": [], "user_mentions": [{"id": 6017542, "indices": [0, 13], "id_str": "6017542", "screen_name": "BreakingNews", "name": "Breaking News"}, {"id": 38142665, "indices": [14, 26], "id_str": "38142665", "screen_name": "le_Parisien", "name": "Le Parisien"}], "hashtags": [], "urls": []}, "in_reply_to_screen_name": "BreakingNews", "id_str": "553478043457847296", "retweet_count": 0, "in_reply_to_user_id": 6017542, "favorited": false, "user": {"follow_request_sent": false, "profile_use_background_image": true, "profile_text_color": "333333", "default_profile_image": false, "id": 102142168, "profile_background_image_url_https": "https://abs.twimg.com/images/themes/theme1/bg.png", "verified": false, "profile_location": null, "profile_image_url_https": "https://pbs.twimg.com/profile_images/3729437874/fcc9913be41f1c5d45fb1103452f4cbd_normal.jpeg", "profile_sidebar_fill_color": "DDEEF6", "entities": {"description": {"urls": []}}, "followers_count": 481, "profile_sidebar_border_color": "C0DEED", "id_str": "102142168", "profile_background_color": "C0DEED", "listed_count": 23, "is_translation_enabled": false, "utc_offset": -14400, "statuses_count": 24315, "description": "Writer leaning in. (RTs do not imply endorsement.)", "friends_count": 1989, "location": "Manhattan", "profile_link_color": "0084B4", "profile_image_url": "http://pbs.twimg.com/profile_images/3729437874/fcc9913be41f1c5d45fb1103452f4cbd_normal.jpeg", "following": false, "geo_enabled": false, "profile_background_image_url": "http://abs.twimg.com/images/themes/theme1/bg.png", "name": "Patty Potter Ewald", "lang": "en", "profile_background_tile": false, "favourites_count": 2425, "screen_name": "PPotterEwald", "notifications": false, "url": null, "created_at": "Tue Jan 05 19:26:00 +0000 2010", "contributors_enabled": false, "time_zone": "Atlantic Time (Canada)", "protected": false, "default_profile": true, "is_translator": false}, "geo": null, "in_reply_to_user_id_str": "6017542", "lang": "en", "created_at": "Fri Jan 09 09:07:03 +0000 2015", "in_reply_to_status_id_str": "553477554041257985", "place": null}
