{"contributors":null,"truncated":false,"text":"RT @BreakingNews Report: Hostages taken at a printing shop northeast of Paris; some injuries - @FRANCE24 broadcast http:\/\/t.co\/UwWJsABpde","in_reply_to_status_id":553477554041257985,"id":553483783450935296,"favorite_count":0,"source":"<a href=\"http:\/\/twitter.com\" rel=\"nofollow\">Twitter Web Client<\/a>","retweeted":false,"coordinates":null,"entities":{"symbols":[],"user_mentions":[{"id":6017542,"indices":[3,16],"id_str":"6017542","screen_name":"BreakingNews","name":"Breaking News"},{"id":1994321,"indices":[95,104],"id_str":"1994321","screen_name":"FRANCE24","name":"FRANCE 24"}],"hashtags":[],"urls":[{"url":"http:\/\/t.co\/UwWJsABpde","indices":[115,137],"expanded_url":"http:\/\/bit.ly\/1tPNRdE","display_url":"bit.ly\/1tPNRdE"}]},"in_reply_to_screen_name":"BreakingNews","id_str":"553483783450935296","retweet_count":0,"in_reply_to_user_id":6017542,"favorited":false,"user":{"follow_request_sent":false,"profile_use_background_image":false,"profile_text_color":"000000","default_profile_image":false,"id":36033359,"profile_background_image_url_https":"https:\/\/pbs.twimg.com\/profile_background_images\/790725955\/b9298df042ed2c9fd706eeda552df803.jpeg","verified":false,"profile_location":null,"profile_image_url_https":"https:\/\/pbs.twimg.com\/profile_images\/571312123230175232\/g-XTkoUZ_normal.jpeg","profile_sidebar_fill_color":"6E231A","entities":{"url":{"urls":[{"url":"http:\/\/t.co\/2AYftHwV","indices":[0,20],"expanded_url":"http:\/\/www.inkspotsentertainment.com","display_url":"inkspotsentertainment.com"}]},"description":{"urls":[]}},"followers_count":2455,"profile_sidebar_border_color":"000000","id_str":"36033359","profile_background_color":"4D054D","listed_count":55,"is_translation_enabled":false,"utc_offset":-18000,"statuses_count":66868,"description":"A Modern Day Renaissance Woman","friends_count":2688,"location":" New York","profile_link_color":"85360C","profile_image_url":"http:\/\/pbs.twimg.com\/profile_images\/571312123230175232\/g-XTkoUZ_normal.jpeg","following":false,"geo_enabled":true,"profile_banner_url":"https:\/\/pbs.twimg.com\/profile_banners\/36033359\/1402592082","profile_background_image_url":"http:\/\/pbs.twimg.com\/profile_background_images\/790725955\/b9298df042ed2c9fd706eeda552df803.jpeg","name":"Shelley Foy Robinson","lang":"en","profile_background_tile":false,"favourites_count":83893,"screen_name":"Writing_Destiny","notifications":false,"url":"http:\/\/t.co\/2AYftHwV","created_at":"Tue Apr 28 10:18:39 +0000 2009","contributors_enabled":false,"time_zone":"Eastern Time (US & Canada)","protected":false,"default_profile":false,"is_translator":false},"geo":null,"in_reply_to_user_id_str":"6017542","possibly_sensitive":false,"lang":"en","created_at":"Fri Jan 09 09:29:51 +0000 2015","in_reply_to_status_id_str":"553477554041257985","place":null}