{"contributors": null, "truncated": false, "text": "\ud83d\ude33 \u201c@BreakingNews: Report: Hostages taken at a printing shop northeast of Paris; some injuries - @FRANCE24 broadcast http://t.co/cQu13FzbhR\u201d", "in_reply_to_status_id": 553477554041257985, "id": 553479496012423168, "favorite_count": 0, "source": "<a href=\"http://twitter.com/download/iphone\" rel=\"nofollow\">Twitter for iPhone</a>", "retweeted": false, "coordinates": null, "entities": {"symbols": [], "user_mentions": [{"id": 6017542, "indices": [3, 16], "id_str": "6017542", "screen_name": "BreakingNews", "name": "Breaking News"}, {"id": 1994321, "indices": [96, 105], "id_str": "1994321", "screen_name": "FRANCE24", "name": "FRANCE 24"}], "hashtags": [], "urls": [{"url": "http://t.co/cQu13FzbhR", "indices": [116, 138], "expanded_url": "http://bit.ly/1tPNRdE", "display_url": "bit.ly/1tPNRdE"}]}, "in_reply_to_screen_name": "BreakingNews", "id_str": "553479496012423168", "retweet_count": 1, "in_reply_to_user_id": 6017542, "favorited": false, "user": {"follow_request_sent": false, "profile_use_background_image": true, "profile_text_color": "333333", "default_profile_image": false, "id": 551519702, "profile_background_image_url_https": "https://abs.twimg.com/images/themes/theme1/bg.png", "verified": false, "profile_location": null, "profile_image_url_https": "https://pbs.twimg.com/profile_images/484165152195878912/Tdg2rc9P_normal.jpeg", "profile_sidebar_fill_color": "DDEEF6", "entities": {"url": {"urls": [{"url": "https://t.co/nLaXuymVdJ", "indices": [0, 23], "expanded_url": "https://www.youtube.com/user/atlantasportsguy/videos", "display_url": "youtube.com/user/atlantasp\u2026"}]}, "description": {"urls": []}}, "followers_count": 8339, "profile_sidebar_border_color": "C0DEED", "id_str": "551519702", "profile_background_color": "C0DEED", "listed_count": 84, "is_translation_enabled": false, "utc_offset": null, "statuses_count": 47916, "description": "Just an Atlanta Fan That's a Sportsaholic #Braves #Falcons #Hawks #SEC\natlantasportsguy@outlook.com", "friends_count": 5142, "location": "", "profile_link_color": "0084B4", "profile_image_url": "http://pbs.twimg.com/profile_images/484165152195878912/Tdg2rc9P_normal.jpeg", "following": false, "geo_enabled": false, "profile_banner_url": "https://pbs.twimg.com/profile_banners/551519702/1410966008", "profile_background_image_url": "http://abs.twimg.com/images/themes/theme1/bg.png", "name": "Atlanta Sports Guy", "lang": "en", "profile_background_tile": false, "favourites_count": 8235, "screen_name": "Atlantasportguy", "notifications": false, "url": "https://t.co/nLaXuymVdJ", "created_at": "Thu Apr 12 03:02:56 +0000 2012", "contributors_enabled": false, "time_zone": null, "protected": false, "default_profile": true, "is_translator": false}, "geo": null, "in_reply_to_user_id_str": "6017542", "possibly_sensitive": false, "lang": "en", "created_at": "Fri Jan 09 09:12:49 +0000 2015", "in_reply_to_status_id_str": "553477554041257985", "place": null}
