{"contributors":null,"truncated":false,"text":"\u201c@BreakingNews: Report: Hostages taken at a printing shop northeast of Paris; some injuries - @FRANCE24 broadcast http:\/\/t.co\/GnyIYH7hA8\u201d","in_reply_to_status_id":553477554041257985,"id":553481962795831296,"favorite_count":0,"source":"<a href=\"http:\/\/twitter.com\/download\/iphone\" rel=\"nofollow\">Twitter for iPhone<\/a>","retweeted":false,"coordinates":null,"entities":{"symbols":[],"user_mentions":[{"id":6017542,"indices":[1,14],"id_str":"6017542","screen_name":"BreakingNews","name":"Breaking News"},{"id":1994321,"indices":[94,103],"id_str":"1994321","screen_name":"FRANCE24","name":"FRANCE 24"}],"hashtags":[],"urls":[{"url":"http:\/\/t.co\/GnyIYH7hA8","indices":[114,136],"expanded_url":"http:\/\/bit.ly\/1tPNRdE","display_url":"bit.ly\/1tPNRdE"}]},"in_reply_to_screen_name":"BreakingNews","id_str":"553481962795831296","retweet_count":0,"in_reply_to_user_id":6017542,"favorited":false,"user":{"follow_request_sent":false,"profile_use_background_image":true,"profile_text_color":"3C3940","default_profile_image":false,"id":49259564,"profile_background_image_url_https":"https:\/\/pbs.twimg.com\/profile_background_images\/453757216504283136\/jGx1TAOA.jpeg","verified":false,"profile_location":null,"profile_image_url_https":"https:\/\/pbs.twimg.com\/profile_images\/582108591395500032\/KCnYmvP9_normal.png","profile_sidebar_fill_color":"95E8EC","entities":{"url":{"urls":[{"url":"http:\/\/t.co\/xxrjh7bvz9","indices":[0,22],"expanded_url":"http:\/\/philaz.blogspot.com","display_url":"philaz.blogspot.com"}]},"description":{"urls":[]}},"followers_count":17834,"profile_sidebar_border_color":"FFFFFF","id_str":"49259564","profile_background_color":"022330","listed_count":98,"is_translation_enabled":false,"utc_offset":7200,"statuses_count":35017,"description":"\u261ePolitical Science & Journalism Expert \u261eReporter & TV. Producer \u261e #SocialMedia Trainer \u261e#ILoveLebanonBecause \u261eMy Tweets Reflect my OWN Opinion!","friends_count":760,"location":"Beirut, Lebanon","profile_link_color":"0084B4","profile_image_url":"http:\/\/pbs.twimg.com\/profile_images\/582108591395500032\/KCnYmvP9_normal.png","following":false,"geo_enabled":true,"profile_banner_url":"https:\/\/pbs.twimg.com\/profile_banners\/49259564\/1420150329","profile_background_image_url":"http:\/\/pbs.twimg.com\/profile_background_images\/453757216504283136\/jGx1TAOA.jpeg","name":"D\u00ae P\u0452i\u00a3\u2122","lang":"en","profile_background_tile":true,"favourites_count":3154,"screen_name":"philabouzeid","notifications":false,"url":"http:\/\/t.co\/xxrjh7bvz9","created_at":"Sun Jun 21 07:15:48 +0000 2009","contributors_enabled":false,"time_zone":"Cairo","protected":false,"default_profile":false,"is_translator":false},"geo":null,"in_reply_to_user_id_str":"6017542","possibly_sensitive":false,"lang":"en","created_at":"Fri Jan 09 09:22:37 +0000 2015","in_reply_to_status_id_str":"553477554041257985","place":null}