{"contributors": null, "truncated": false, "text": "@BreakingNews @FRANCE24 Praying for Paris and all affected by this most recent violence.", "in_reply_to_status_id": 553477554041257985, "id": 553523666341072896, "favorite_count": 0, "source": "<a href=\"http://twitter.com/download/android\" rel=\"nofollow\">Twitter for Android</a>", "retweeted": false, "coordinates": null, "entities": {"symbols": [], "user_mentions": [{"id": 6017542, "indices": [0, 13], "id_str": "6017542", "screen_name": "BreakingNews", "name": "Breaking News"}, {"id": 1994321, "indices": [14, 23], "id_str": "1994321", "screen_name": "FRANCE24", "name": "FRANCE 24"}], "hashtags": [], "urls": []}, "in_reply_to_screen_name": "BreakingNews", "id_str": "553523666341072896", "retweet_count": 0, "in_reply_to_user_id": 6017542, "favorited": false, "user": {"follow_request_sent": false, "profile_use_background_image": true, "profile_text_color": "3D1957", "default_profile_image": false, "id": 1005257844, "profile_background_image_url_https": "https://pbs.twimg.com/profile_background_images/509296456633561089/olfuyEVj.jpeg", "verified": false, "profile_location": null, "profile_image_url_https": "https://pbs.twimg.com/profile_images/509298383748468736/nj-HSrnn_normal.jpeg", "profile_sidebar_fill_color": "7AC3EE", "entities": {"description": {"urls": []}}, "followers_count": 40, "profile_sidebar_border_color": "FFFFFF", "id_str": "1005257844", "profile_background_color": "0F0E69", "listed_count": 1, "is_translation_enabled": false, "utc_offset": -21600, "statuses_count": 2578, "description": "child of God,mom, grandmother, sister, aunt, niece, cousin, friend & baker :)", "friends_count": 24, "location": "Illinois", "profile_link_color": "FF0000", "profile_image_url": "http://pbs.twimg.com/profile_images/509298383748468736/nj-HSrnn_normal.jpeg", "following": false, "geo_enabled": false, "profile_banner_url": "https://pbs.twimg.com/profile_banners/1005257844/1416794869", "profile_background_image_url": "http://pbs.twimg.com/profile_background_images/509296456633561089/olfuyEVj.jpeg", "name": "Rose Kennedy", "lang": "en", "profile_background_tile": true, "favourites_count": 425, "screen_name": "RoseKennedy20", "notifications": false, "url": null, "created_at": "Wed Dec 12 01:16:22 +0000 2012", "contributors_enabled": false, "time_zone": "Central Time (US & Canada)", "protected": false, "default_profile": false, "is_translator": false}, "geo": null, "in_reply_to_user_id_str": "6017542", "lang": "en", "created_at": "Fri Jan 09 12:08:20 +0000 2015", "in_reply_to_status_id_str": "553477554041257985", "place": null}
