{"contributors":null,"truncated":false,"text":"Parliament was stormed by at least one gunman who shot a soldier standing guard at Canada's war memorial. #cbcOTT #OTTnews","in_reply_to_status_id":null,"id":524932574909857792,"favorite_count":30,"source":"<a href=\"https:\/\/about.twitter.com\/products\/tweetdeck\" rel=\"nofollow\">TweetDeck<\/a>","retweeted":false,"coordinates":null,"entities":{"symbols":[],"user_mentions":[],"hashtags":[{"indices":[106,113],"text":"cbcOTT"},{"indices":[114,122],"text":"OTTnews"}],"urls":[]},"in_reply_to_screen_name":null,"id_str":"524932574909857792","retweet_count":238,"in_reply_to_user_id":null,"favorited":false,"user":{"follow_request_sent":false,"profile_use_background_image":true,"default_profile_image":false,"id":18999969,"profile_background_image_url_https":"https:\/\/pbs.twimg.com\/profile_background_images\/167733360\/cbcnews_twitter_pg-yellow.JPG","verified":false,"profile_text_color":"333333","profile_image_url_https":"https:\/\/pbs.twimg.com\/profile_images\/506900247763623937\/xJH7T8yL_normal.jpeg","profile_sidebar_fill_color":"F3F3F3","entities":{"url":{"urls":[{"url":"http:\/\/t.co\/dCsj2zs9Kl","indices":[0,22],"expanded_url":"http:\/\/www.cbc.ca\/ottawa\/","display_url":"cbc.ca\/ottawa\/"}]},"description":{"urls":[]}},"followers_count":66650,"profile_sidebar_border_color":"DFDFDF","id_str":"18999969","profile_background_color":"EBEBEB","listed_count":1661,"is_translation_enabled":false,"utc_offset":-14400,"statuses_count":38412,"description":"Ottawa lives here. Tweets by @CBCDrumAssign, @cbcjlong, @kristynease and @PaulJayCBC","friends_count":296,"location":"Ottawa","profile_link_color":"990000","profile_image_url":"http:\/\/pbs.twimg.com\/profile_images\/506900247763623937\/xJH7T8yL_normal.jpeg","following":false,"geo_enabled":true,"profile_banner_url":"https:\/\/pbs.twimg.com\/profile_banners\/18999969\/1405342130","profile_background_image_url":"http:\/\/pbs.twimg.com\/profile_background_images\/167733360\/cbcnews_twitter_pg-yellow.JPG","screen_name":"CBCOttawa","lang":"en","profile_background_tile":false,"favourites_count":161,"name":"CBC Ottawa","notifications":false,"url":"http:\/\/t.co\/dCsj2zs9Kl","created_at":"Wed Jan 14 22:46:19 +0000 2009","contributors_enabled":false,"time_zone":"Eastern Time (US & Canada)","protected":false,"default_profile":false,"is_translator":false},"geo":null,"in_reply_to_user_id_str":null,"lang":"en","created_at":"Wed Oct 22 14:37:33 +0000 2014","in_reply_to_status_id_str":null,"place":null}